application_id,programme_id,Programme,"Application Status","Merit Score",nts_ok_flag,every_thing_ok_in_education,Domicile,"OPEN List Status","BWP List Status",Gender,DOB,Religion,"Blood Group",Nationality,"Hafiz e Quran",NCC,Province,g_monthly_income,g_profession,g_city,g_relation,financial_help,hostel,quota_fata,quota_baluchistan,quota_ajk,quota_gilgit,quota_op,quota_army,quota_iub_tchr_emp,quota_industrial,quota_pharmaceutical,special_person,dept_test_marks,particular_test_name,"Admission Test",particular_test_roll_no,particular_test_total,particular_test_name2,"Admission Test 2",particular_test_roll_no2,particular_test_total2,ap_fee_challan_nr,dept_test_marks,application_date,uploaded_challan,challan_upload_date,ssc_year,ssc_roll_no,ssc_obtained,ssc_total,ssc_exam,ssc_exam_type,ssc_board,ssc_subject_group,hsc_year,hsc_roll_no,"Terminal Degree",hsc_total,hsc_exam,hsc_exam_type,hsc_board,hsc_subject_group,hsc_opt_1_name,hsc_opt_1_obtained,hsc_opt_1_total,hsc_opt_2_name,hsc_opt_2_obtained,hsc_opt_2_total,hsc_opt_3_name,hsc_opt_3_obtained,hsc_opt_3_total,hsc_opt_4_name,hsc_opt_4_obtained,hsc_opt_4_total,hsc_opt_5_name,hsc_opt_5_obtained,hsc_opt_5_total,hsc_opt_6_name,hsc_opt_6_obtained,hsc_opt_6_total,grad_year,grad_roll_no,"Terminal Degree 2",grad_obtained,grad_exam,grad_exam_type,grad_institute,grad_eng_obtained,grad_eng_total,grad_opt_1_name,grad_opt_1_obtained,grad_opt_1_total,grad_opt_2_name,grad_opt_2_obtained,grad_opt_2_total,grad_opt_3_name,grad_opt_3_obtained,grad_opt_3_total,grad_opt_4_name,grad_opt_4_obtained,grad_opt_4_total,grad_opt_5_name,grad_opt_5_obtained,grad_opt_5_total,"Document Verified","English Marks",Offered
26569,26,"BS Secondary Education","Application Received",868.813,1,1,OPEN,NA,NA,male,1999-01-01,Islam,O+,Pakistan,No,0,Baluchistan,0,Landlord,Sohbatpur,Father,Yes,Yes,No,Yes,No,No,No,No,No,No,No,No,0,,0,,0,,0,,0,56926,0.00,2018-01-22,,,2013,130323,594,1050,Matric/SSC,Annual,"Federal board of intermediate and secondary education Islamabad",Science,2016,364783,702,3500,DAE,Annual,"Punjab board of technical education Lahore ",Pre-Engineering,,0,0,,0,0,,0,0,,0,0,,0,0,,0,0,0,,0,0,,Annual,,0,0,,0,0,,0,0,,0,0,,,,,,,0,0,No
26434,26,"BS Secondary Education","Application Fee Received",570.000,1,1,Bahawalpur,"Display In Provisional Merit List","Display In First Merit List",female,1997-11-06,Islam,O+,Pakistan,No,0,Punjab,28000,"Retired dispenser in DHQ",Bahawalnagar,Father,Yes,Yes,No,No,No,No,No,No,No,No,No,No,0,,0,,0,,0,,0,43426,0.00,2018-01-10,,"2018-01-11 05:33:51",2015,800626,677,1100,Matric/SSC,Annual,"BISE BWP",Science,2017,302215,575,1100,FSc,Annual,"BISE BWP",Pre-Engineering,,95,200,,94,200,,113,200,,93,200,,0,0,,0,0,0,,0,0,,Annual,,0,0,,0,0,,0,0,,0,0,,,,,,,1,0,Yes
26436,26,"BS Secondary Education","Application Fee Received",606.000,1,1,Bahawalpur,"Display In Provisional Merit List",NA,female,2001-03-20,Islam,A+,Pakistani,No,0,Punjab,25000,Agriculture,Chishtian,Father,Yes,Yes,No,No,No,No,No,No,No,No,No,No,0,,0,,0,,0,,0,43626,0.00,2018-01-10,,"2018-01-16 06:58:10",2015,806123,588,1100,Matric/SSC,Annual,"BISE BWP",Science,2017,603843,611,1100,ICS,Annual,"BISE BWP",Humanities,,165,200,,102,200,,70,200,,46,50,,73,200,,44,50,0,,0,0,,Annual,,0,0,,0,0,,0,0,,0,0,,,,,,,0,0,No
26482,26,"BS Secondary Education","Application Fee Received",591.000,1,1,Bahawalpur,"Display In Provisional Merit List","Display In First Merit List",female,1995-06-08,Islam,A+,Pakistani,No,0,Punjab,20000,overseas,CHISHTIAN,FATHER,Yes,Yes,No,No,No,No,No,No,No,No,No,No,0,NAT,39,K1715-110019,100,,0,,0,48226,0.00,2018-01-16,,,2013,201361,734,1050,Matric/SSC,Annual,"BISE BWP",Science,2015,604779,606,1100,FSc,Annual,"BISE BWP",Pre-Engineering,,78,200,,85,200,,122,200,,111,200,,41,50,,45,50,0,,0,0,,Annual,,0,0,,0,0,,0,0,,0,0,,,,,,,1,0,Yes
26445,26,"BS Secondary Education","Admission Fee Challan Received",535.000,1,1,Bahawalpur,NA,"Display In First Merit List",male,1996-11-20,Islam,,pakistani,No,0,Punjab,15000,Farmar,Bahawalnagar,Father,Yes,No,No,No,No,No,No,No,No,No,No,No,0,,0,,0,,0,,0,44526,0.00,2018-01-11,,"2018-01-12 04:15:57",2013,208147,651,1050,Matric/SSC,Annual,"BISE BAHAWALPUR",Science,2017,301010,540,1100,FA,Annual,"BISE BAHAWALPUR",Humanities,,56,200,,119,200,,120,200,,73,200,,37,50,,25,50,0,,0,0,,Annual,,0,0,,0,0,,0,0,,0,0,,,,,,,1,0,Yes
26442,26,"BS Secondary Education","Admission Fee Challan Received",610.000,1,1,Bahawalpur,"Display In Provisional Merit List","Display In First Merit List",male,1998-12-15,Islam,O-,Pakistani,No,0,Punjab,10000,farmer,Dahranwala,father,Yes,No,No,No,No,No,No,No,No,No,No,No,0,,0,,0,,0,,0,44226,0.00,2018-01-11,,"2018-01-15 04:17:27",2014,212302,624,1100,Matric/SSC,Annual,"Search Results Board of Intermediate & Secondary Education Bahawalpur",Science,2016,606088,620,1100,FA,Annual,"Search Results Board of Intermediate & Secondary Education Bahawalpur",Humanities,,87,200,,42,50,,137,200,,112,200,,112,200,,28,50,0,,0,0,,Annual,,0,0,,0,0,,0,0,,0,0,,,,,,,1,0,Yes
26558,26,"BS Secondary Education","Application Fee Received",522.000,1,1,Bahawalpur,NA,"Display In Provisional Merit List",female,1995-10-21,Islam,O+,Pakistani,No,0,Punjab,40000,"Govt Job",Bahawalpur,Father,No,No,No,No,No,No,No,No,No,No,No,No,0,,0,,0,,0,,0,55826,0.00,2018-01-22,,"2018-01-22 12:10:55",2011,701624,603,1050,Matric/SSC,Annual,"BISE Bahawalpur",Science,2013,236164,547,1100,ICOM,Annual,"BISE Bahawalpur",Humanities,,0,0,,0,0,,0,0,,0,0,,0,0,,0,0,0,,0,0,,Annual,,51,200,,0,0,,0,0,,0,0,,,,,,,1,0,No
26485,26,"BS Secondary Education","Admission Fee Challan Received",557.000,1,1,Bahawalpur,"Display In Provisional Merit List","Display In First Merit List",female,1998-03-16,Islam,A+,"Pakistani ",No,0,Punjab,300000,"famer ",chishtian,"Father ",Yes,Yes,No,No,No,No,No,No,No,No,No,No,0,NAT,1,1,100,,0,,0,48526,0.00,2018-01-16,,"2018-01-16 09:11:01",2014,202483,683,1100,Matric/SSC,Annual,"bise bwp",Science,2017,900754,562,1100,ICS,Annual,"bise bwp ",Humanities,,67,200,,126,200,,76,200,,0,0,,103,200,,0,0,0,,0,0,,Annual,,0,0,,0,0,,0,0,,0,0,,,,,,,1,0,Yes
26400,26,"BS Secondary Education","Application Fee Received",523.000,1,1,Bahawalpur,NA,"Display In Provisional Merit List",female,1995-09-18,Islam,B+,Pakistani,No,0,Punjab,20000,"Govt Employe",Chishtian,Father,Yes,Yes,No,No,No,No,No,No,No,No,No,No,0,,0,,0,,0,,0,40026,0.00,2017-12-28,,"2017-12-28 09:57:18",2011,112085,566,1050,Matric/SSC,Annual,"BISE BWP",Humanities,2013,205937,548,1100,FA,Annual,"BISE BWP",Humanities,,68,200,,73,200,,112,200,,0,0,,0,0,,0,0,0,,0,0,,Annual,,0,0,,0,0,,0,0,,0,0,,,,,,,0,0,No
26404,26,"BS Secondary Education","Application Fee Received",621.000,1,1,Bahawalpur,"Display In Provisional Merit List",NA,female,1999-06-21,Islam,A+,PAKISTANI,No,0,Punjab,30000,Patwari,Bahawalpur,FATHER,Yes,No,No,No,No,No,No,No,No,No,No,No,0,NAT,60,1715120040,100,,0,,0,40426,0.00,2017-12-30,,"2018-01-02 06:53:00",2015,837433,812,1100,Matric/SSC,Annual,"BISE Bahawalpur",Science,2017,625747,626,1100,FSc,Annual,"BISE BAHAWALPUR",Pre-Medical,,114,200,,111,200,,38,50,,105,200,,39,50,,107,200,0,,0,0,,Annual,,0,0,,0,0,,0,0,,0,0,,,,,,,0,0,No
26584,26,"BS Secondary Education","Application Fee Received",517.000,1,1,Bahawalpur,NA,"Display In Provisional Merit List",female,2000-07-11,Islam,B+,"Pakistnai ",No,0,Punjab,15000,"Farmer ","Foortabbas ","Father ",Yes,No,No,No,No,No,No,No,No,No,No,No,0,,0,,0,,0,,0,58426,0.00,2018-01-22,,"2018-01-22 12:57:25",2015,811128,573,1100,Matric/SSC,Annual,"BISE Bahawlpur",Science,2017,300199,522,1100,ICS,Annual,"BISE Bahawalpur",Pre-Engineering,,69,200,,55,200,,141,200,,88,200,,30,50,,25,50,0,,0,0,,Annual,,0,0,,0,0,,0,0,,0,0,,,,,,,0,0,No
26512,26,"BS Secondary Education","Application Fee Received",528.000,1,1,Bahawalpur,NA,"Display In Provisional Merit List",male,2000-02-08,Islam,B+,Pakistani,No,0,Punjab,15000,Farmer,Bahawalpur,Father,Yes,No,No,No,No,No,No,No,No,No,No,No,0,NAT,45," H1715-130103",100,,0,,0,51226,0.00,2018-01-18,,"2018-01-18 07:04:07",2014,203946,479,1100,Matric/SSC,Annual,"BISE BWP",Humanities,2017,627534,533,1100,FA,Annual,"BISE BWP",Humanities,,67,200,,109,200,,100,200,,102,200,,0,0,,0,0,0,,0,0,,Annual,,0,0,,0,0,,0,0,,0,0,,,,,,,0,0,No
26560,26,"BS Secondary Education","Application Received",563.000,1,1,Bahawalpur,NA,NA,female,1988-07-24,Islam,B+,pakistani,No,0,Punjab,30000,Empoly,Bahawalnagar,Brother,Yes,Yes,No,No,No,No,No,No,No,No,No,No,0,,0,,0,,0,,0,56026,0.00,2018-01-22,,,2005,24,473,850,Matric/SSC,Annual,"Bord of Intermediate and Secondary Education Bahawalpur",Science,2012,102275,593,1100,FA,Annual,"Bord of Intermediate and Secondary Education Bahawalpur",Humanities,,66,200,,119,200,,29,50,,0,0,,0,0,,0,0,0,,0,0,,Annual,,0,0,,0,0,,0,0,,0,0,,,,,,,0,0,No
26515,26,"BS Secondary Education","Application Fee Received",475.000,1,0,Bahawalpur,NA,"Display In Provisional Merit List",female,1998-06-06,Islam,,PAKISTANI,No,0,Punjab,20000,AGRICULTURE,MINCHINABAD,FATHER,No,Yes,No,No,No,No,No,No,No,No,No,No,0,,0,,0,,0,,0,51526,0.00,2018-01-18,,"2018-01-18 07:54:50",2014,207258,587,1050,Matric/SSC,Annual,"BISE BAHAWALPUR",Science,2017,302804,480,1100,FA,Annual,"BISE BAHAWALPUR",Humanities,,55,200,,78,200,,73,200,,95,200,,0,0,,0,0,0,,0,0,,Annual,,0,0,,0,0,,0,0,,0,0,,,,,,,0,0,No
26461,26,"BS Secondary Education","Challan Printed",585.000,1,1,Bahawalpur,NA,NA,male,1995-12-31,Islam,A+,PAKISTANI,No,0,Punjab,30000,GOVT.SERVANT,BAHAWALPUR,FATHER,Yes,No,No,No,No,No,No,No,No,No,No,No,0,,0,,0,,0,,0,46126,0.00,2018-01-14,,,2010,118828,655,1050,Matric/SSC,Annual,"BISE HYDERABAD",Science,2014,521527,605,1100,FA,Annual,"BISE BWP",Humanities,,95,200,,28,50,,115,200,,0,0,,0,0,,0,0,2017,14115,480,800,BA,Annual,IUB,66,200,,54,100,,144,200,,123,200,,88,100,,,,0,0,No
26553,26,"BS Secondary Education","Application Fee Received",558.000,1,1,Bahawalpur,"Display In Provisional Merit List",NA,male,1993-08-17,Islam,B+,Pakistani,No,0,Punjab,10000,"Welder ","Uch Sharif ","Father ",Yes,No,No,No,No,No,No,No,No,No,No,No,0,,0,,0,,0,,0,55326,0.00,2018-01-22,,"2018-01-23 09:16:38",2009,4082,515,1050,Matric/SSC,Annual,"BISE Bahawalpur",Science,2014,109358,578,1100,FA,Annual,"BISE Bahawalpur",Humanities,,115,200,,36,50,,99,170,,29,50,,0,0,,0,0,0,,0,0,,Annual,,0,0,,0,0,,0,0,,0,0,,,,,,,1,0,No
26493,26,"BS Secondary Education","Application Fee Received",547.000,1,1,Bahawalpur,"Display In Provisional Merit List",NA,male,1999-03-01,Islam,B+,Pakistani,No,0,Punjab,9000,Farmer,"Ahmadpur East",Father,Yes,No,No,No,No,No,No,No,No,No,No,No,0,,0,,0,,0,,0,49326,0.00,2018-01-16,,"2018-01-16 12:33:00",2015,833734,621,1100,Matric/SSC,Annual,"BISE Bahawalpur",Science,2017,313463,552,1100,FA,Annual,"BISE Bahawalpur",Humanities,,67,200,,31,50,,25,50,,71,200,,95,200,,0,0,0,,0,0,,Annual,,0,0,,0,0,,0,0,,0,0,,,,,,,0,0,No
26529,26,"BS Secondary Education","Application Fee Received",549.000,1,1,Bahawalpur,"Display In Provisional Merit List","Display In First Merit List",male,1996-01-02,Islam,B+,Pakistani,No,0,Punjab,10000,Farmer,"Ahmad Pur",Father,No,No,No,No,No,No,No,No,No,No,No,No,0,NAT,48,k715-130015,100,,0,,0,52926,0.00,2018-01-19,,"2018-01-19 07:45:25",2011,716225,676,1050,Matric/SSC,Annual,"Bise BWP",Science,2014,433244,569,1100,FA,Annual,"BISE BWP",Humanities,,87,200,,86,200,,40,50,,116,200,,28,50,,0,0,0,,0,0,,Annual,,0,0,,0,0,,0,0,,0,0,,,,,,,1,0,Yes
26464,26,"BS Secondary Education","Application Fee Received",512.000,1,1,Bahawalpur,NA,"Display In Provisional Merit List",male,1999-03-01,Islam,A+,Pakistani,No,0,Punjab,5000,"House Mother",Bahawalpur,Mother,No,No,No,No,No,No,No,No,No,No,No,No,0,NAT,27,140016,100,,0,,0,46426,0.00,2018-01-15,,"2018-01-15 07:10:37",2014,237170,504,1100,Matric/SSC,Annual,"B.I.S.E Bahawalpur",Science,2017,628035,517,1100,ICS,Annual,"B.I.S.E Bahawalpur",Humanities,,75,200,,120,200,,78,200,,94,200,,37,50,,27,50,0,,0,0,,Annual,,0,0,,0,0,,0,0,,0,0,,,,,,,1,0,No
26453,26,"BS Secondary Education","Application Fee Received",815.478,1,1,Bahawalpur,"Display In Third Merit List",NA,male,1997-09-09,Islam,B+,Pakistani,No,0,Punjab,15000,labourer,"Ahmedpur East",Father,Yes,No,No,No,No,No,No,No,No,No,No,No,0,NAT,44,L1715-110051,100,,0,,0,45326,0.00,2018-01-13,,"2018-01-17 02:48:15",2013,231501,746,1050,Matric/SSC,Annual,"BISE BAHAWALPUR",Science,2016,355390,825,3450,DAE,Annual,"PBTE LAHORE",Pre-Engineering,,0,0,,0,0,,0,0,,0,0,,0,0,,0,0,0,,0,0,,Annual,,0,0,,0,0,,0,0,,0,0,,,,,,,1,0,Yes
26552,26,"BS Secondary Education","Application Fee Received",532.000,1,1,Bahawalpur,NA,NA,male,1994-08-03,Islam,,Pakistani,No,0,Punjab,18000,Businessman,Bahawalpur,Father,Yes,No,No,No,No,No,No,No,No,No,No,No,0,,0,,0,,0,,0,55226,0.00,2018-01-22,,"2018-01-22 08:11:51",2010,109383,498,1050,Matric/SSC,Annual,"BISE Bahawalpur",Science,2012,109390,562,1100,FA,Annual,"BISE Bahawalpur",Humanities,,78,200,,101,200,,82,200,,34,50,,30,50,,0,0,0,,0,0,,Annual,,0,0,,0,0,,0,0,,0,0,,,,,,,0,0,No
26506,26,"BS Secondary Education","Application Fee Received",498.000,1,1,Bahawalpur,NA,"Display In Provisional Merit List",male,1999-04-29,Islam,B+,pakistani,No,0,Punjab,10000,Farmer,"Uch Sharif",Father,Yes,No,No,No,No,No,No,No,No,No,No,No,0,,0,,0,,0,,0,50626,0.00,2018-01-17,,"2018-01-17 11:00:39",2014,219213,563,1100,Matric/SSC,Annual,"BISE DGK",Science,2016,304929,508,1100,ICS,Annual,"Bise Bahawalpur",Humanities,,99,200,,81,200,,63,200,,39,50,,46,50,,75,200,0,,0,0,,Annual,,0,0,,0,0,,0,0,,0,0,,,,,,,0,0,No
26521,26,"BS Secondary Education","Admission Fee Challan Received",508.000,1,1,Bahawalpur,NA,"Display In First Merit List",male,1999-01-01,Islam,AB+,Pakistani,No,0,Punjab,15000,Agriculutre,"Uch SHarif","Father ",Yes,Yes,No,No,No,No,No,No,No,No,No,No,0,NAT,47,H1715-140536,100,,0,,0,52126,0.00,2018-01-18,,"2018-01-18 10:38:29",2014,229790,691,1100,Matric/SSC,Annual,"BISE DG KHAN",Science,2017,536205,513,1100,ICS,Annual,"FBISE Islamabad ",Humanities,,73,200,,105,200,,98,200,,36,50,,66,200,,19,50,0,,0,0,,Annual,,0,0,,0,0,,0,0,,0,0,,,,,,,1,0,Yes
26393,26,"BS Secondary Education","Admission Fee Challan Received",583.000,1,1,Bahawalpur,"Display In Provisional Merit List","Display In First Merit List",female,1999-05-15,Islam,B+,Pakistani,No,0,Punjab,60000,Banker,Bahawalpur,"Father ",Yes,No,No,No,No,No,No,No,No,No,No,No,0,NAT,45,H1715-110172,100,,0,,0,39326,0.00,2017-12-25,,"2017-12-26 10:34:29",2015,837901,638,1100,Matric/SSC,Annual,"BISE Bahawalpur. ",Science,2017,625051,588,1100,FSc,Annual,"BISE Bahawalpur",Pre-Engineering,,143,200,,33,50,,96,200,,119,200,,56,200,,0,0,0,,0,0,,Annual,,0,0,,0,0,,0,0,,0,0,,,,,,,1,0,Yes
26574,26,"BS Secondary Education","Admission Fee Challan Received",558.000,1,1,Bahawalpur,"Display In Provisional Merit List","Display In First Merit List",female,1996-08-02,Islam,O+,Pakistani,No,0,Punjab,20000,Labeour,Bahahwalpur,Father,Yes,No,No,No,No,No,No,No,No,No,No,No,0,,0,,0,,0,,0,57426,0.00,2018-01-22,,"2018-01-22 10:40:28",2014,232835,669,1100,Matric/SSC,Annual,"Bise BWP",Science,2017,921064,563,1100,FSc,Annual,"Bise BWP",Pre-Medical,,142,200,,39,50,,87,200,,57,200,,81,200,,33,50,0,,0,0,,Annual,,0,0,,0,0,,0,0,,0,0,,,,,,,1,0,Yes
26588,26,"BS Secondary Education","Challan Printed",875.000,1,1,Bahawalpur,NA,NA,male,1997-05-18,Islam,AB+,PAKISTANI,No,0,Punjab,20000,LABOURER,BAHAWALPUR,FATHER,No,No,No,No,No,No,No,No,No,No,No,No,0,,0,,0,,0,,0,58826,0.00,2018-01-22,,,2015,404053,935,1100,Matric/SSC,Annual,"BISE BWP",Science,2017,624631,880,1100,FA,Annual,"BISE BWP",Humanities,,0,0,,0,0,,0,0,,0,0,,0,0,,0,0,0,,0,0,,Annual,,0,0,,0,0,,0,0,,0,0,,,,,,,0,0,No
26525,26,"BS Secondary Education","Application Received",619.250,1,1,Bahawalpur,NA,NA,male,1995-08-05,Islam,B+,pakistani,Yes,0,Punjab,300000,"gold smith",Bahwalpur,"Father ",No,No,No,No,No,No,No,No,No,No,No,No,0,,0,,0,,0,,0,52526,0.00,2018-01-18,,,2011,509910,605,1050,Matric/SSC,Annual,"Board of intermadiate secondory education bahawalpur.",Science,2013,14672,624,1200,ICOM,Annual,"punjab board of technical education lahore.",Humanities,,96,200,,53,100,,0,0,,0,0,,0,0,,0,0,0,,0,0,,Annual,,0,0,,0,0,,0,0,,0,0,,,,,,,0,0,No
26533,26,"BS Secondary Education","Application Fee Received",647.000,1,1,Bahawalpur,"Display In Provisional Merit List","Display In Third Merit List",female,1998-09-21,Islam,B+,Pakisatani,No,0,Punjab,40000,"PTCL Employee",Bahawalpur,father,No,No,No,No,No,No,No,No,No,No,No,No,0,,0,,0,,0,,0,53326,0.00,2018-01-19,,"2018-01-22 07:33:20",2014,232415,711,1100,Matric/SSC,Annual,"Bise Bahawalpur",Science,2017,310736,652,1100,FSc,Annual,"BISE Bahawalpur",Pre-Medical,,111,200,,77,200,,117,200,,159,200,,0,0,,0,0,0,,0,0,,Annual,,0,0,,0,0,,0,0,,0,0,,,,,,,1,0,Yes
26466,26,"BS Secondary Education","Challan Printed",598.000,1,1,Bahawalpur,NA,NA,male,1996-04-15,Islam,A-,Pakistani,No,0,Punjab,12000,Farmer,Bahawalpur,Father,No,No,No,No,No,No,No,No,No,No,No,No,0,,0,,0,,0,,0,46626,0.00,2018-01-15,,,2013,235484,611,1050,Matric/SSC,Annual,"BISE BWP",Science,2017,311224,603,1100,FA,Annual,"BISE BWP",Humanities,,77,200,,89,200,,27,50,,113,200,,25,50,,0,0,0,,0,0,,Annual,,0,0,,0,0,,0,0,,0,0,,,,,,,0,0,No
26539,26,"BS Secondary Education","Application Fee Received",549.000,1,1,Bahawalpur,"Display In Provisional Merit List","Display In First Merit List",male,1998-01-01,Islam,B+,Pakistani,No,0,Punjab,10000,Farmer,Bahawalpur,Father,No,No,No,No,No,No,No,No,No,No,No,No,0,NAT,45,H1715-121232,100,,0,,0,53926,0.00,2018-01-20,,"2018-01-22 07:56:35",2014,240648,608,1100,Matric/SSC,Annual,"BISE Bahawalpur",Science,2017,630376,554,1100,FSc,Annual,"BISE  Bahawalpur",Pre-Medical,,80,200,,35,50,,91,200,,73,200,,104,200,,45,50,0,,0,0,,Annual,,0,0,,0,0,,0,0,,0,0,,,,,,,1,0,Yes
26475,26,"BS Secondary Education","Application Fee Received",539.000,1,1,Bahawalpur,NA,"Display In Provisional Merit List",male,1999-08-14,Islam,A+,Pakistani,No,0,Punjab,10000,Farmer,Bahawalpur,"Father ",,,,,,,,,,,,,0,,0,,0,,0,,,47526,0.00,2018-01-15,,,2013,104091,560,1050,Matric/SSC,Annual,"BISE BAHAWALPUR",Science,2017,910471,544,1100,FA,Annual,"BISE BAHAWALPUR",Humanities,,78,200,,77,200,,99,200,,36,50,,34,50,,0,0,0,,0,0,,Annual,,0,0,,0,0,,0,0,,0,0,,,,,,,0,0,No
26417,26,"BS Secondary Education","Application Fee Received",496.000,1,1,Bahawalpur,NA,"Display In Provisional Merit List",female,1995-03-10,Islam,B+,"Pakistani ",No,0,Punjab,12000,"Govt. Retired Employee ",Bahawalpur,Father,Yes,No,No,No,No,No,No,No,No,No,No,No,0,,0,,0,,0,,0,41726,0.00,2018-01-07,,,2013,225922,667,1050,Matric/SSC,Annual,"BISE Bahawalpur",Science,2017,623307,501,1100,FA,Annual,"BISE Bahawalpur",Humanities,,69,200,,95,200,,97,200,,66,200,,36,50,,29,50,0,,0,0,,Annual,,0,0,,0,0,,0,0,,0,0,,,,,,,0,0,No
26426,26,"BS Secondary Education","Application Fee Received",566.000,1,1,Bahawalpur,"Display In Provisional Merit List",NA,female,1999-11-09,Islam,,Pakistani,No,0,Punjab,12000,"Security Guard",Bahawalpur,Father,Yes,No,No,No,No,No,No,No,No,No,No,No,0,,0,,0,,0,,0,42626,0.00,2018-01-09,,"2018-01-09 10:38:03",2014,233772,753,1100,Matric/SSC,Annual,"BISE Bahawalpur",Science,2016,626085,576,1100,FSc,Annual,"BISE Bahawalpur",Pre-Medical,,122,200,,63,200,,87,200,,96,200,,41,50,,34,50,0,,0,0,,Annual,,0,0,,0,0,,0,0,,0,0,,,,,,,0,0,No
26409,26,"BS Secondary Education","Admission Fee Challan Received",529.000,1,1,Bahawalpur,NA,"Display In First Merit List",female,1999-01-02,Islam,O+,Pakistani,No,0,Punjab,24000,"Government Servent",Bahawalpur,Father,,,,,,,,,,,,,0,,0,,0,,0,,,40926,0.00,2018-01-01,,,2014,233246,739,1100,Matric/SSC,Annual,"Board of Intermediate & Secondary Education, Bahawalpur",Science,2016,626852,539,1100,FSc,Annual,"Board of Intermediate & Secondary Education, Bahawalpur",Pre-Medical,,118,200,,105,200,,73,200,,48,50,,67,200,,33,50,0,,0,0,,Annual,,0,0,,0,0,,0,0,,0,0,,,,,,,1,0,Yes
26468,26,"BS Secondary Education","Admission Fee Challan Received",490.000,1,1,Bahawalpur,NA,"Display In First Merit List",female,1998-06-05,Islam,B+,Pakistani,No,0,Punjab,12000,Farmer,Bahawalpur,Father,,,,,,,,,,,,,0,,0,,0,,0,,,46826,0.00,2018-01-15,,"2018-01-15 10:53:18",2013,103124,594,1050,"O Level",Annual,"BISE BWP",Science,2017,310089,495,1100,FA,Annual,"BISE BWP",Humanities,,68,200,,82,200,,32,50,,84,200,,30,50,,102,200,0,,0,0,,Annual,,0,0,,0,0,,0,0,,0,0,,,,,,,1,0,Yes
26474,26,"BS Secondary Education","Application Fee Received",490.000,1,1,Bahawalpur,NA,"Display In Provisional Merit List",female,1999-06-15,Islam,A+,Pakistani,No,0,Punjab,40000,Business,Bahawalpur,Father,No,No,No,No,No,No,No,No,No,No,No,No,0,,0,,0,,0,,0,47426,0.00,2018-01-15,,"2018-01-15 11:06:35",2015,838759,711,1100,Matric/SSC,Annual,"BISE BWP",Science,2017,624955,495,1100,FSc,Annual,"BISE BWP",Pre-Engineering,,97,200,,19,50,,33,50,,78,200,,97,200,,72,200,0,,0,0,,Annual,,0,0,,0,0,,0,0,,0,0,,,,,,,0,0,No
26414,26,"BS Secondary Education","Application Fee Received",497.000,1,1,Bahawalpur,NA,"Display In Provisional Merit List",female,1999-12-11,Islam,AB+,Pakistani,No,0,Punjab,35000,Teaching,BAhawalpur,Mother,,,,,,,,,,,,,0,,0,,0,,0,,,41426,0.00,2018-01-04,,,2014,232930,653,1100,Matric/SSC,Annual,"Board of intermediate and secondary education, Bahawalpur",Science,2017,624846,502,1100,FSc,Annual,"Board of intermediate and secondary education, Bahawalpur",Pre-Engineering,,84,200,,108,200,,63,200,,0,0,,89,200,,0,0,0,,0,0,,Annual,,0,0,,0,0,,0,0,,0,0,,,,,,,0,0,No
26446,26,"BS Secondary Education","Admission Fee Challan Received",793.000,1,1,Bahawalpur,"Display In First Merit List",NA,male,1999-12-01,Islam,AB-,Pakistni,No,0,Punjab,12000,Farmar,Bahwalpur,Father,Yes,No,No,No,No,No,No,No,No,No,No,No,0,,0,,0,,0,,0,44626,0.00,2018-01-12,,"2018-01-12 07:37:28",2014,205015,575,1100,Matric/SSC,Annual,"Bise bwp",Humanities,2017,627201,798,1100,FA,Annual,"Bise bwp",Humanities,,66,200,,175,200,,175,200,,26,50,,37,50,,175,200,0,,0,0,,Annual,,0,0,,0,0,,0,0,,0,0,,,,,,,1,0,Yes
26448,26,"BS Secondary Education","Application Fee Received",608.000,1,1,Bahawalpur,"Display In Provisional Merit List","Display In First Merit List",female,1999-09-16,Islam,A+,Pakistani,No,0,Punjab,50000,"Own Business",Bahawalpur,Father,,,,,,,,,,,,,0,,0,,0,,0,,,44826,0.00,2018-01-12,,"2018-01-15 06:44:40",2015,836885,714,1100,Matric/SSC,Annual,"BISE Bahawalpur",Science,2018,310097,608,1100,FA,Annual,"BISE Bahawalpur",Humanities,,81,200,,107,200,,33,50,,0,0,,123,200,,0,0,0,,0,0,,Annual,,0,0,,0,0,,0,0,,0,0,,,,,,,1,0,Yes
26490,26,"BS Secondary Education","Application Fee Received",762.169,1,1,Bahawalpur,NA,NA,male,1994-11-09,Islam,,Pakistani,No,0,Punjab,0,"Retire Teacher",Bahawalpur,Father,No,No,No,No,No,No,No,No,No,No,No,No,0,NAT,45,L1715-150009,100,,0,,0,49026,0.00,2018-01-16,,,2010,103964,544,1050,Matric/SSC,Annual,"BISE BWP ",Science,2016,185344,772,3550,DAE,Annual,"Board of Technical Education Lahore",Pre-Engineering,,0,0,,0,0,,0,0,,0,0,,0,0,,0,0,0,,0,0,,Annual,,0,0,,0,0,,0,0,,0,0,,,,,,,0,0,No
26511,26,"BS Secondary Education","Application Fee Received",598.000,1,1,Bahawalpur,NA,NA,female,1994-10-30,Islam,O+,pakistani,No,0,Punjab,50000,buisness,bahawalpur,father,,,,,,,,,,,,,0,,0,,0,,0,,,51126,0.00,2018-01-17,,"2018-01-18 12:41:24",2011,90753,751,1050,Matric/SSC,Annual,"board of intermidate and secondary education bahawalpur",Science,2014,207563,618,1100,FSc,Annual,"board of intermidate and secondary education bahawalpur",Pre-Engineering,,97,200,,39,50,,75,200,,133,200,,121,200,,43,50,0,,0,0,,Annual,,0,0,,0,0,,0,0,,0,0,,,,,,,0,0,No
26415,26,"BS Secondary Education","Application Fee Received",552.000,1,1,Bahawalpur,"Display In Provisional Merit List",NA,female,1997-05-24,Islam,O+,Pakistani,No,0,Punjab,15000,"Factory Worker ",Bahawalpur,Father,,,,,,,,,,,,,0,,0,,0,,0,,,41526,0.00,2018-01-04,,"2018-01-04 11:59:57",2014,233163,827,1100,Matric/SSC,Annual,"BISE Bahawalpur",Science,2016,625521,562,1100,FSc,Annual,"BISE Bahawalpur",Pre-Medical,,107,200,,107,200,,66,200,,98,200,,37,50,,32,50,0,,0,0,,Annual,,0,0,,0,0,,0,0,,0,0,,,,,,,0,0,No
26449,26,"BS Secondary Education","Application Fee Received",640.000,1,1,Bahawalpur,"Display In First Merit List",NA,female,1998-10-28,Islam,B+,pakistani,No,0,Punjab,75000,BUSINESSMAN,BAHAWALPUR,FATHER,No,No,No,No,No,No,No,No,No,No,No,No,0,NAT,52,14506-5,100,,0,,0,44926,0.00,2018-01-12,,,2015,835094,659,1100,Matric/SSC,Annual,"BISE BAHAWALPUR",Humanities,2017,310387,645,1100,FA,Annual,"BISE BAHAWALPUR",Humanities,,145,200,,43,50,,107,200,,0,0,,0,0,,0,0,0,,0,0,,Annual,,0,0,,0,0,,0,0,,0,0,,,,,,,1,0,Yes
26456,26,"BS Secondary Education","Admission Fee Challan Received",507.000,1,1,Bahawalpur,NA,"Display In First Merit List",male,1997-07-20,Islam,B+,pakistan,No,0,Punjab,25000,"Botique Tailor",BAHAWALPUR,FATHER,No,No,No,No,No,No,No,No,No,No,No,No,0,NAT,39,I1715-130051,100,,0,,0,45626,0.00,2018-01-13,,"2018-01-15 09:14:09",2013,234511,557,1050,Matric/SSC,Annual,"BISE BAHAWALPUR",Science,2017,910613,512,1100,FA,Annual,"BISE BAHAWALPUR",Humanities,,102,200,,81,200,,66,200,,18,50,,26,50,,0,0,0,,0,0,,Annual,,0,0,,0,0,,0,0,,0,0,,,,,,,1,0,Yes
26522,26,"BS Secondary Education","Application Fee Received",450.000,1,0,Bahawalpur,NA,"Display In Provisional Merit List",male,1996-02-06,Islam,O+,PAKISTANI,No,0,Punjab,15000,FARMER,BAHAWALPUR,FATHER,,,,,,,,,,,,,0,,0,,0,,0,,,52226,0.00,2018-01-18,,,2012,233127,536,1050,Matric/SSC,Annual,"BISE BWP",Science,2015,627552,465,1100,FA,Annual,"BISE BWP",Humanities,,61,200,,26,50,,30,50,,75,200,,110,200,,88,200,0,,0,0,,Annual,,0,0,,0,0,,0,0,,0,0,,,,,,,0,0,No
26580,26,"BS Secondary Education","Application Fee Received",593.000,1,1,Bahawalpur,"Display In Provisional Merit List","Display In Third Merit List",male,1998-02-11,Islam,B+,Pakistani,Yes,0,Punjab,15000,Farmer,Bahawalpur,Father,Yes,No,No,No,No,No,No,No,No,No,No,No,0,,0,,0,,0,,0,58026,0.00,2018-01-22,,"2018-01-22 01:36:51",2013,247626,560,1050,Matric/SSC,Annual,"BISE Bahawalpur",Humanities,2015,628561,588,1100,ICOM,Annual,"BISE  Bahawalpur",Humanities,,0,0,,0,0,,0,0,,0,0,,0,0,,0,0,2017,2688,371,800,BSc,Annual,"IUB Bahawalpur",33,100,,94,200,,29,50,,90,200,,29,50,,96,,1,0,Yes
26478,26,"BS Secondary Education","Challan Printed",534.000,1,1,Bahawalpur,NA,NA,male,1997-12-03,Islam,O+,Pakistani,Yes,0,Punjab,25000,"Govt Servant ",Bahwaalpur,Father,Yes,No,No,No,No,No,No,No,No,No,No,No,0,,0,,0,,0,,0,47826,0.00,2018-01-15,,,2015,839678,494,1100,Matric/SSC,Annual,"BISE Bahawalpur",Science,2017,311840,519,1100,FSc,Annual,"BISE Bahawalpur",Pre-Medical,,92,200,,39,50,,95,200,,46,50,,78,200,,60,200,0,,0,0,,Annual,,0,0,,0,0,,0,0,,0,0,,,,,,,0,0,No
26412,26,"BS Secondary Education","Admission Fee Challan Received",738.647,1,1,Bahawalpur,"Display In First Merit List",NA,male,1998-09-03,Islam,AB-,pakistani,No,0,Punjab,35000,Cleark,Bahawalpur,Father,No,No,No,No,No,No,No,No,No,No,No,No,0,NAT,43," L1715-140003",100,,0,,0,41226,0.00,2018-01-02,,,2013,234623,651,1050,Matric/SSC,Annual,"BISE Bahawalpur",Science,2016,352902,748,3400,DAE,Annual,"PBTE Lahore",Pre-Engineering,,0,0,,0,0,,0,0,,0,0,,0,0,,0,0,0,,0,0,,Annual,,0,0,,0,0,,0,0,,0,0,,,,,,,1,0,Yes
26507,26,"BS Secondary Education","Application Fee Received",564.000,1,1,Bahawalpur,"Display In Provisional Merit List","Display In First Merit List",female,2000-01-21,Islam,A+,PAKISTANI,No,0,Punjab,20000,"HOUSE WIFE",BAHAWALPUR,MOTHER,No,No,No,No,No,No,No,No,No,No,No,No,0,NAT,40,H1715-120301,100,,0,,0,50726,0.00,2018-01-17,,,2015,837778,625,1100,Matric/SSC,Annual,"BISE BAHAWALPUR",Science,2017,310769,569,1100,FSc,Annual,"BISE BAHAWALPUR",Pre-Medical,,120,200,,36,50,,40,50,,100,200,,70,200,,91,200,0,,0,0,,Annual,,0,0,,0,0,,0,0,,0,0,,,,,,,1,0,Yes
26462,26,"BS Secondary Education","Application Fee Received",509.000,1,1,Bahawalpur,NA,"Display In Provisional Merit List",female,1997-01-02,Islam,B+,Pakistani,No,0,Punjab,10000,"IUB Employee, Security Guard",Bahawalpur,Father,Yes,No,No,No,No,No,No,No,No,No,No,No,0,NAT,44,K1715-120208,100,,0,,0,46226,0.00,2018-01-15,,"2018-01-16 06:11:44",2015,838583,719,1100,Matric/SSC,Annual,"BISE Bahawalpur",Science,2017,626330,514,1100,FSc,Annual,"BISE Bahawalpur",Pre-Medical,,88,200,,70,200,,70,200,,88,200,,0,0,,0,0,0,,0,0,,Annual,,0,0,,0,0,,0,0,,0,0,,,,,,,0,0,No
26397,26,"BS Secondary Education","Challan Printed",719.171,1,1,Bahawalpur,NA,NA,male,1994-12-05,Islam,A+,pakistani,No,0,Punjab,0,student,bawp,me.,No,No,No,No,No,No,No,No,No,No,No,No,0,,0,,0,,0,,0,39726,0.00,2017-12-27,,,2012,10251,569,1050,Matric/SSC,Annual,"bise bwp",Science,2015,1456,734,3500,DAE,Annual,"pbt lahore",Pre-Engineering,,150,200,,0,0,,0,0,,0,0,,0,0,,0,0,0,,0,0,,Annual,,0,0,,0,0,,0,0,,0,0,,,,,,,0,0,No
26423,26,"BS Secondary Education","Admission Fee Challan Received",652.000,1,1,Bahawalpur,"Display In First Merit List",NA,female,1998-03-11,Islam,,"Pakistani ",No,0,Punjab,10000,Labourer,"Bahawalpur ",Father,Yes,No,No,No,No,No,No,No,No,No,No,No,0,,0,,0,,0,,0,42326,0.00,2018-01-08,,"2018-01-09 03:03:26",2015,837601,582,1100,Matric/SSC,Annual,"BISE Bahawalpur",Science,2017,624596,657,1100,FA,Annual,"BISE Bahawalpur",Humanities,,100,200,,36,50,,39,50,,134,200,,101,170,,128,150,0,,0,0,,Annual,,0,0,,0,0,,0,0,,0,0,,,,,,,1,0,Yes
26532,26,"BS Secondary Education","Application Fee Received",508.000,1,1,Bahawalpur,NA,NA,female,1993-12-28,Islam,A+,Pakistani,No,0,Punjab,30000,Teacher,Bahawalpur,Cousion,Yes,No,No,No,No,No,No,No,No,No,No,No,0,,0,,0,,0,,0,53226,0.00,2018-01-19,,"2018-01-19 01:23:30",2009,3369,494,1050,Matric/SSC,Annual,"BISE BWP",Humanities,2013,226393,533,1100,FA,Annual,"BISE BWP",Humanities,,97,200,,30,50,,70,200,,104,200,,84,200,,0,0,0,,0,0,,Annual,,0,0,,0,0,,0,0,,0,0,,,,,,,0,0,No
26392,26,"BS Secondary Education","Challan Printed",777.704,1,1,Bahawalpur,NA,NA,male,1996-01-12,Islam,A+,"pakistani ",No,0,Punjab,0,student,Bahawalpur,"Me, ",No,No,No,No,No,No,No,No,No,No,No,No,0,,0,,0,,0,,0,39226,0.00,2017-12-24,,,2014,305542,614,1050,Matric/SSC,Annual,"BISE Bahawalpur",Science,2017,144886,782,3550,DAE,Annual,"PBTE Lahore",Pre-Engineering,,68,100,,39,50,,45,50,,77,100,,71,100,,99,150,0,,0,0,,Annual,,0,0,,0,0,,0,0,,0,0,,,,,,,0,0,No
26524,26,"BS Secondary Education","Application Fee Received",722.286,1,1,Bahawalpur,"Display In Provisional Merit List",NA,male,1996-08-07,Islam,B+,pakistan,No,0,Punjab,15500,02,bwp,"bather ",No,No,No,No,No,No,No,No,No,No,No,No,0,,7,,0,ECAT,7,150251,400,52426,0.00,2018-01-18,,"2018-01-22 05:01:31",2011,510045,599,1050,Matric/SSC,Annual,"BISE BWP",Science,2016,364778,732,3500,DAE,Annual,"PBTE Lahore",Pre-Engineering,,0,0,,0,0,,0,0,,0,0,,0,0,,0,0,0,,0,0,,Annual,,0,0,,0,0,,0,0,,0,0,,,,,,,0,0,No
26411,26,"BS Secondary Education","Admission Fee Challan Received",618.000,1,1,Bahawalpur,"Display In First Merit List",NA,female,1999-04-01,Islam,A+,Pakistani,No,0,Punjab,25000,"Medical Employee",Bahawalpur,Father,No,No,No,No,No,No,No,No,No,No,No,No,0,NAT,23,1300178,100,,0,,0,41126,0.00,2018-01-02,,"2018-01-03 03:42:38",2014,244304,615,1100,Matric/SSC,Annual,"BISE BWP",Science,2016,305394,628,1100,FA,Annual,"BISE BWP",Humanities,,56,200,,28,50,,37,50,,136,200,,128,200,,136,200,0,,0,0,,Annual,,0,0,,0,0,,0,0,,0,0,,,,,,,1,0,Yes
26441,26,"BS Secondary Education","Application Fee Received",456.000,1,0,Bahawalpur,NA,"Display In Provisional Merit List",male,1999-08-14,Islam,O-,Pakistani,Yes,0,Punjab,15000,"Govt Servent",BAHAWALPUR,FATHER,Yes,No,No,No,No,No,No,No,No,No,No,No,0,,0,,0,,0,,0,44126,0.00,2018-01-11,,"2018-01-13 09:44:31",2013,105647,513,1050,Matric/SSC,Annual,"BISE BWP",Humanities,2015,304098,451,1100,FA,Annual,"BISE BWP",Humanities,,73,200,,42,50,,55,200,,77,200,,0,0,,0,0,0,,0,0,,Annual,,0,0,,0,0,,0,0,,0,0,,,,,,,0,0,No
26430,26,"BS Secondary Education","Admission Fee Challan Received",735.000,1,1,Bahawalpur,"Display In First Merit List",NA,male,1997-05-08,Islam,O+,Pakistani,No,0,Punjab,20000,Teacher,Bahawalpur,Father,Yes,No,No,No,No,No,No,No,No,No,No,No,0,,0,,0,,0,,0,43026,0.00,2018-01-10,,"2018-01-11 07:48:18",2012,226642,690,1050,Matric/SSC,Annual,"Bise Bwp",Science,2017,626884,740,1100,FA,Annual,"Bise BWP",Humanities,,91,200,,136,200,,45,50,,162,200,,32,50,,146,200,0,,0,0,,Annual,,0,0,,0,0,,0,0,,0,0,,,,,,,1,0,Yes
26452,26,"BS Secondary Education","Challan Printed",495.000,1,1,Bahawalpur,NA,NA,male,2000-01-02,Islam,O-,Pakistani,No,0,Punjab,45000,"Govt Servant ",Bahwaalpur,Father,Yes,No,No,No,No,No,No,No,No,No,No,No,0,NAT,55,L1715-130018,100,,0,,0,45226,0.00,2018-01-13,,,2014,239100,575,1100,Matric/SSC,Annual,"BISE Bahawalpur",Science,2017,311094,500,1100,FA,Annual,"BISE Bahawalpur",Humanities,,75,200,,26,50,,83,200,,23,50,,72,200,,0,0,0,,0,0,,Annual,,0,0,,0,0,,0,0,,0,0,,,,,,,0,0,No
26486,26,"BS Secondary Education","Application Fee Received",672.000,1,1,Bahawalpur,NA,NA,female,1999-08-02,Islam,O+,Pakistani,No,0,Punjab,85000,"Vetrinary Officer",Bahawalpur,Father,Yes,No,No,No,No,No,No,No,No,No,No,No,0,NAT,43,H1715-120567,100,,0,,0,48626,0.00,2018-01-16,,"2018-01-16 05:07:45",2015,836863,731,1100,Matric/SSC,Annual,"BISE Bahawalpur",Science,2017,625140,677,1100,FSc,Annual,"BISE Bahawalpur",Pre-Medical,,137,200,,99,200,,106,200,,0,0,,126,200,,0,0,0,,0,0,,Annual,,0,0,,0,0,,0,0,,0,0,,,,,,,1,0,No
26427,26,"BS Secondary Education","Application Fee Received",438.000,1,0,Bahawalpur,NA,"Display In Provisional Merit List",male,1996-02-15,Islam,,Pakistani,No,0,Punjab,30000,"Private Job",Bahawalpur,"Father ",No,No,No,No,No,No,No,No,No,No,No,No,0,,0,,0,,0,,0,42726,0.00,2018-01-09,,"2018-01-11 11:37:20",2010,102295,492,1050,Matric/SSC,Annual,"BISE Bahawalpur",Science,2013,239742,463,1100,ICOM,Annual,"BISE Bahawalpur",Humanities,,62,200,,23,50,,37,100,,0,0,,29,50,,0,0,0,,0,0,,Annual,,0,0,,0,0,,0,0,,0,0,,,,,,,0,0,No
26410,26,"BS Secondary Education","Application Fee Received",467.000,1,0,OPEN,NA,NA,male,1994-01-21,Islam,B+,Pakistan,No,0,Punjab,20000,"IUB Employee",Bahawalpur,Father,Yes,No,No,No,No,No,No,No,No,No,No,No,0,,0,,0,,0,,0,41026,0.00,2018-01-02,,"2018-01-04 11:57:25",2011,104119,543,1050,Matric/SSC,Annual,"BISE Bahawalpur",Science,2015,627079,482,1100,FA,Annual,"BISE BAHAWALPUR",Humanities,,74,200,,35,50,,35,50,,72,200,,93,200,,0,0,0,,0,0,,Annual,,0,0,,0,0,,0,0,,0,0,,,,,,,0,0,No
26586,26,"BS Secondary Education","Admission Fee Challan Received",700.686,1,1,Bahawalpur,"Display In First Merit List",NA,male,1996-03-05,Islam,A+,Pakistan,No,0,Punjab,20000,Farmer,Bahawalpur,Father,,,,,,,,,,,,,0,,0,,0,,0,,,58626,0.00,2018-01-22,,"2018-01-22 12:28:27",2010,104031,595,1050,Matric/SSC,Annual,"Board of Intermediate & Secondary Education Bahawalpur",Science,2013,92727,725,3500,DAE,Annual,"Punjab Board of Technical Education Lahore",Pre-Engineering,,40,100,,62,100,,68,150,,97,100,,69,100,,32,50,0,,0,0,,Annual,,0,0,,0,0,,0,0,,0,0,,,,,,,1,0,Yes
26491,26,"BS Secondary Education","Application Fee Received",567.000,1,1,Bahawalpur,"Display In Provisional Merit List","Display In First Merit List",male,1998-09-07,Islam,A+,PAKISTANI,No,0,Punjab,10000,FARMER,BAHAWALPUR,FATHER,Yes,No,No,No,No,No,No,No,No,No,No,No,0,,0,,0,,0,,0,49126,0.00,2018-01-16,,,2014,203962,444,1100,Matric/SSC,Annual,"BISE BAHAWALPUR",Science,2016,628476,577,1100,ICOM,Annual,"BISE BAHAWALPUR",Humanities,,58,200,,40,50,,36,50,,99,150,,72,150,,84,150,0,,0,0,,Annual,,0,0,,0,0,,0,0,,0,0,,,,,,,1,0,Yes
26504,26,"BS Secondary Education","Challan Printed",614.000,1,1,Bahawalpur,NA,NA,male,1997-05-21,Islam,O-,PAKISTANI,No,0,Punjab,25000,ZARAT,BAHAWALPUR,FATHER,Yes,No,No,No,No,No,No,No,No,No,No,No,0,,0,,0,,0,,0,50426,0.00,2018-01-17,,,2015,843018,845,1100,Matric/SSC,Annual,"BISE BWP",Science,2017,630432,619,1100,FSc,Annual,"BISE BWP",Pre-Medical,,118,200,,89,200,,106,200,,110,200,,0,0,,0,0,0,,0,0,,Annual,,0,0,,0,0,,0,0,,0,0,,,,,,,0,0,No
26473,26,"BS Secondary Education","Application Fee Received",467.000,1,0,Bahawalpur,NA,"Display In Provisional Merit List",male,1997-04-08,Islam,B+,PAKISTANI,No,0,Punjab,20000,"Private Teacher",BAHAWALPUR,FATHER,No,No,No,No,No,No,No,No,No,No,No,No,0,NAT,54,L1715-160005,100,,0,,0,47326,0.00,2018-01-15,,"2018-01-15 10:34:49",2014,247205,475,1100,Matric/SSC,Annual,"BISE Bahawalpur",Humanities,2017,311407,472,1100,ICOM,Annual,"BISE BAHAWALPUR",Humanities,,36,75,,62,200,,25,50,,25,50,,34,75,,0,0,0,,0,0,,Annual,,0,0,,0,0,,0,0,,0,0,,,,,,,0,0,No
26437,26,"BS Secondary Education","Application Received",611.000,1,1,Bahawalpur,NA,NA,male,1998-11-09,Islam,B+,Pakistani,No,0,Punjab,18000,UDC,Bahawalpur,Father,No,No,No,No,No,No,No,No,No,No,No,No,0,,0,,0,,0,,0,43726,0.00,2018-01-11,,,2015,844120,480,1100,Matric/SSC,Annual,"BISE BWP",Science,2018,311332,611,1100,FA,Annual,"BISE BWP",Humanities,,100,200,,58,200,,139,200,,31,50,,20,50,,150,200,0,,0,0,,Annual,,0,0,,0,0,,0,0,,0,0,,,,,,,0,0,No
26550,26,"BS Secondary Education","Challan Printed",652.000,1,1,Bahawalpur,NA,NA,female,2000-12-07,Islam,B+,Pakistani,No,0,Punjab,10000,"House Wife",Bahawalpur,Mother,Yes,No,No,No,No,No,No,No,No,No,No,No,0,NAT,45,H1715-121103,100,,0,,0,55026,0.00,2018-01-22,,,2015,838317,577,1100,Matric/SSC,Annual,"BISE Bahawalpur",Science,2017,103147,657,1100,FSc,Annual,"BISE DG Khan",Pre-Engineering,,0,0,,0,0,,0,0,,0,0,,0,0,,0,0,0,,0,0,,Annual,,0,0,,0,0,,0,0,,0,0,,,,,,,0,0,No
26439,26,"BS Secondary Education","Application Fee Received",509.000,1,0,Bahawalpur,NA,"Display In Provisional Merit List",male,1998-07-22,Islam,B+,Pakistan,Yes,0,Punjab,50000,shopkeeper,Bahawalpur,father,,,,,,,,,,,,,0,,0,,0,,0,,,43926,0.00,2018-01-11,,"2018-01-11 11:19:46",2014,301121,636,1050,Matric/SSC,Annual,"bise bahawal pur",Science,2017,921822,494,1100,ICS,Annual,"bise bahawal pur",Pre-Engineering,,95,200,,70,200,,36,50,,69,200,,29,50,,94,200,0,,0,0,,Annual,,0,0,,0,0,,0,0,,0,0,,,,,,,1,0,No
26391,26,"BS Secondary Education","Challan Printed",552.000,1,1,Bahawalpur,NA,NA,male,1996-06-14,Islam,O+,Pakistani,No,0,Punjab,15000,Former,Bahawalpur,Father,Yes,No,No,No,No,No,No,No,No,No,No,No,0,,0,,0,,0,,0,39126,0.00,2017-12-22,,,2012,103814,554,1050,Matric/SSC,Annual,"BISE BWP",Science,2015,407233,567,1100,FSc,Annual,"BISE DG KHAN",Pre-Medical,,118,200,,37,50,,42,50,,94,200,,77,200,,74,200,0,,0,0,,Annual,,0,0,,0,0,,0,0,,0,0,,,,,,,0,0,No
26498,26,"BS Secondary Education","Application Fee Received",554.000,1,1,OPEN,"Display In Provisional Merit List",NA,,0000-00-00,,,,,0,,0,,,,No,No,No,No,No,No,No,No,No,No,No,No,0,,0,,0,,0,,0,49826,0.00,2018-01-17,,"2018-01-17 09:54:51",2013,104395,532,1050,Matric/SSC,Annual,"BISE bahawalpur ",Science,2017,310979,559,1100,FA,Annual,"BISE Bahawalpur ",Humanities,,0,0,,0,0,,0,0,,0,0,,0,0,,0,0,0,,0,0,,Annual,,0,0,,0,0,,0,0,,0,0,,,,,,,1,0,No
26460,26,"BS Secondary Education","Application Received",829.406,1,1,Bahawalpur,NA,NA,male,2001-01-07,Islam,,Pakistan,No,0,Punjab,20000,Lawyer,Bahawalpur,Father,Yes,No,No,No,No,No,No,No,No,No,No,No,0,,5,,0,ECAT,5,151468,400,46026,0.00,2018-01-13,,,2014,238819,652,1100,Matric/SSC,Annual,"BISE BWP",Science,2017,156035,834,3450,DAE,Annual,"PBTE Lahore",Pre-Engineering,,77,100,,83,100,,71,100,,31,50,,79,150,,67,100,0,,0,0,,Annual,,0,0,,0,0,,0,0,,0,0,,,,,,,0,0,No
26495,26,"BS Secondary Education","Application Fee Received",561.000,1,1,Bahawalpur,"Display In Provisional Merit List","Display In Third Merit List",female,1996-10-10,Islam,B+,Pakistani,No,0,Punjab,10000,Salesman,Bahawalpur,Father,Yes,No,No,No,No,No,No,No,No,No,No,No,0,,0,,0,,0,,0,49526,0.00,2018-01-16,,"2018-01-17 10:41:07",2012,220575,687,1050,Matric/SSC,Annual,"BISE Bahawalpur",Science,2015,626448,576,1100,FSc,Annual,"BISE Bahawalpur",Pre-Medical,,98,200,,101,200,,67,200,,147,200,,33,50,,36,50,0,,0,0,,Annual,,0,0,,0,0,,0,0,,0,0,,,,,,,1,0,Yes
26487,26,"BS Secondary Education","Challan Printed",733.577,1,1,Bahawalpur,NA,NA,male,1990-04-13,Islam,B+,pkistan,No,0,Punjab,10000,clerk,Bahawalpur,Father,No,No,No,No,No,No,No,Yes,No,No,No,No,0,,0,,0,,0,,0,48726,0.00,2018-01-16,,,2009,95973,558,1050,Matric/SSC,Annual,"bise bwp",Science,2014,137975,753,3550,DAE,Annual,"P.B.T.E ",Pre-Engineering,,50,100,,20,50,,21,50,,129,150,,54,150,,70,100,0,,0,0,,Annual,,0,0,,54,150,,129,150,,50,100,,70,100,,60,,0,0,No
26541,26,"BS Secondary Education","Application Fee Received",522.000,1,1,Bahawalpur,NA,"Display In Provisional Merit List",female,1997-01-12,Islam,,Pakistani,No,0,Punjab,20000,"Business ",Hasilpur,Father,Yes,Yes,No,No,No,No,No,No,No,No,No,No,0,,0,,0,,0,,0,54126,0.00,2018-01-20,,"2018-01-20 09:59:22",2013,245265,632,1050,Matric/SSC,Annual,"BISE Bahawalpur",Humanities,2015,631315,537,1100,FA,Annual,"BISE Bahawalpur",Humanities,,61,200,,120,200,,87,200,,116,200,,0,0,,0,0,0,,0,0,,Annual,,0,0,,0,0,,0,0,,0,0,,,,,,,0,0,No
26573,26,"BS Secondary Education","Application Fee Received",695.000,1,1,Bahawalpur,"Display In Provisional Merit List",NA,female,1999-10-12,Islam,B+,Pakistani,No,0,Punjab,25000,"Private Job",Hasilpur,Father,Yes,Yes,No,No,No,No,No,No,No,No,No,No,0,NAT,55,H1715-121081,100,,0,,0,57326,0.00,2018-01-22,,"2018-01-22 10:20:16",2015,844754,743,1100,Matric/SSC,Annual,"BISE Bahawalpur",Science,2017,631597,700,1100,FSc,Annual,"BISE Bahawalpur",Pre-Medical,,122,200,,107,200,,138,200,,122,200,,0,0,,0,0,0,,0,0,,Annual,,0,0,,0,0,,0,0,,0,0,,,,,,,0,0,No
26438,26,"BS Secondary Education","Application Fee Received",782.662,1,1,Bahawalpur,"Display In First Merit List",NA,male,1998-11-12,Islam,B+,Pakistan,No,0,Punjab,20000,teacher,Bahawalpur,Mother,No,Yes,No,No,No,No,No,No,No,No,No,No,0,NAT,49,A1815-130029,100,,0,,0,43826,0.00,2018-01-11,,"2018-01-15 09:17:20",2014,271049,525,1100,Matric/SSC,Annual,"BISE BWP",Science,2017,150850,787,3550,DAE,Annual,"PBTE LAHORE",Pre-Engineering,,66,100,,60,100,,83,100,,0,0,,0,0,,0,0,0,,0,0,,Annual,,0,0,,0,0,,0,0,,0,0,,,,,,,1,0,Yes
26419,26,"BS Secondary Education","Admission Fee Challan Received",665.083,1,1,Bahawalpur,"Display In First Merit List",NA,male,1997-08-06,Islam,,Pakistani,No,0,Punjab,25000,Agriculture,Hasilpur,Father,Yes,Yes,No,No,No,No,No,No,No,No,No,No,0,,0,,0,,0,,0,41926,0.00,2018-01-08,,"2018-01-08 08:52:05",2014,238040,652,1100,Matric/SSC,Annual,"BISE Bahawalpur",Science,2017,210179,670,1200,DCom,Annual,"PBTE Lahore",Humanities,,112,200,,24,50,,0,0,,0,0,,0,0,,0,0,0,,0,0,,Annual,,0,0,,0,0,,0,0,,0,0,,,,,,,1,0,Yes
26568,26,"BS Secondary Education","Application Fee Received",638.000,1,1,Bahawalpur,"Display In First Merit List",NA,female,1998-10-04,Islam,B+,Pakistani,No,0,Punjab,15000,Shopkeeper,Hasilpur,Father,Yes,Yes,No,No,No,No,No,No,No,No,No,No,0,,0,,0,,0,,0,56826,0.00,2018-01-22,,"2018-01-22 09:26:11",2014,235907,718,1100,Matric/SSC,Annual,"BISE Bahawalpur",Science,2017,631321,643,1100,FSc,Annual,"BISE Bahawalpur",Pre-Engineering,,101,200,,114,200,,103,200,,110,200,,43,50,,0,0,0,,0,0,,Annual,,0,0,,0,0,,0,0,,0,0,,,,,,,1,0,Yes
26567,26,"BS Secondary Education","Admission Fee Challan Received",685.000,1,1,Bahawalpur,"Display In First Merit List",NA,female,1999-04-18,Islam,A+,Pakistani,No,0,Punjab,15000,Farmar,Hasilpur,Father,Yes,Yes,No,No,No,No,No,No,No,No,No,No,0,,0,,0,,0,,0,56726,0.00,2018-01-22,,"2018-01-22 09:29:06",2015,845864,826,1100,Matric/SSC,Annual,"BISE Bahawalpur",Science,2017,631110,690,1100,ICS,Annual,"BISE Bahawalpur",Humanities,,118,200,,99,200,,96,200,,151,200,,37,50,,0,0,0,,0,0,,Annual,,0,0,,0,0,,0,0,,0,0,,,,,,,1,0,Yes
26443,26,"BS Secondary Education","Challan Printed",602.000,1,1,Bahawalpur,NA,NA,female,1998-01-17,Islam,A+,Pakistan,No,0,Punjab,80000,"Bank Manager",Dahranwala,Father,No,Yes,No,No,No,No,No,No,No,No,No,No,0,,0,,0,,0,,0,44326,0.00,2018-01-11,,,2015,805672,729,1100,Matric/SSC,Annual,"BISE BWP",Science,2018,300948,602,1100,FSc,Annual,"Bise BWP",Pre-Medical,,83,200,,132,200,,81,200,,33,50,,86,200,,44,50,0,,0,0,,Annual,,0,0,,0,0,,0,0,,0,0,,,,,,,0,0,No
26581,26,"BS Secondary Education","Application Fee Received",538.000,1,1,Bahawalpur,NA,"Display In Provisional Merit List",male,2000-07-05,Islam,A+,"Pakistnai ",No,0,Punjab,20000,"Teacher ",Bahawalpur,"Father ",No,No,No,No,No,No,No,No,No,No,No,No,0,NAT,45,G1715-1521806,100,,0,,0,58126,0.00,2018-01-22,,"2018-01-22 12:13:16",2015,848280,665,1100,Matric/SSC,Annual,"BISE Bahawlpur",Science,2017,632755,543,1100,FSc,Annual,"BISE Bahawalpur",Pre-Medical,,101,200,,94,200,,89,200,,75,200,,43,50,,41,50,0,,0,0,,Annual,,0,0,,0,0,,0,0,,0,0,,,,,,,0,0,No
26566,26,"BS Secondary Education","Admission Fee Challan Received",655.000,1,1,Bahawalpur,"Display In First Merit List",NA,female,1999-04-02,Islam,,Pakistani,No,0,Punjab,15000,Farmar,Hasilpur,Father,Yes,Yes,No,No,No,No,No,No,No,No,No,No,0,NAT,47," A1815-120103",100,,0,,0,56626,0.00,2018-01-22,,"2018-01-22 09:27:25",2015,844924,925,1100,Matric/SSC,Annual,"BISE Bahawalpur",Science,2017,631515,660,1100,FSc,Annual,"BISE Bahawalpur",Pre-Medical,,130,200,,97,200,,96,200,,126,200,,37,50,,42,50,0,,0,0,,Annual,,0,0,,0,0,,0,0,,0,0,,,,,,,1,0,Yes
26467,26,"BS Secondary Education","Admission Fee Challan Received",655.000,1,1,Bahawalpur,"Display In First Merit List",NA,female,1998-10-02,Islam,B+,Pakistani,No,0,Punjab,20000,Farmer,Hasilpur,Father,Yes,Yes,No,No,No,No,No,No,No,No,No,No,0,,0,,0,,0,,0,46726,0.00,2018-01-15,,"2018-01-15 10:20:41",2015,846252,521,1100,Matric/SSC,Annual,"BISE Bahawalpur",Science,2017,312053,660,1100,FA,Annual,"BISE Bahawalpur",Humanities,,72,100,,132,200,,125,200,,0,0,,0,0,,0,0,0,,0,0,,Annual,,0,0,,0,0,,0,0,,0,0,,,,,,,1,0,Yes
26489,26,"BS Secondary Education","Application Fee Received",571.000,1,1,Bahawalpur,"Display In Provisional Merit List","Display In First Merit List",male,1995-09-03,Islam,A+,PAKISTANI,No,0,Punjab,10000,FARMER,BAHAWALPUR,FATHER,Yes,Yes,No,No,No,No,No,No,No,No,No,No,0,,0,,0,,0,,0,48926,0.00,2018-01-16,,,2013,237504,689,1050,Matric/SSC,Annual,"BISE BAHAWALPUR",Science,2016,634254,581,1100,FA,Annual,"BISE BAHAWALPUR",Humanities,,66,200,,37,50,,33,50,,99,200,,105,200,,150,200,0,,0,0,,Annual,,0,0,,0,0,,0,0,,0,0,,,,,,,1,0,Yes
26544,26,"BS Secondary Education","Challan Printed",537.000,1,1,Bahawalpur,NA,NA,male,1996-11-24,Islam,B+,Pakistani,No,0,Punjab,10000,Farmer,"Khairpur Tamewali",Father,Yes,No,No,No,No,No,No,No,No,No,No,No,0,NAT,45,"  L1715-160001",100,,0,,0,54426,0.00,2018-01-20,,,2012,226489,616,1050,Matric/SSC,Annual,"BISE Bahawalpur",Science,2014,425182,557,1100,ICOM,Annual,"BISE  Bahawalpur",Humanities,,76,200,,0,0,,57,200,,0,0,,0,0,,0,0,0,,0,0,,Annual,,0,0,,0,0,,0,0,,0,0,,,,,,,0,0,No
26549,26,"BS Secondary Education","Application Fee Received",435.000,1,0,Bahawalpur,NA,NA,male,1994-03-02,Islam,O+,pakistani,No,0,Punjab,20000,Dispensor,Bahawalpur,Father,,,,,,,,,,,,,0,,0,,0,,0,,,54926,0.00,2018-01-22,,"2018-01-22 06:03:08",2012,230894,519,1050,Matric/SSC,Annual,"bise bahawalpur",Science,2014,521685,455,1100,ICOM,Annual,"bise bahawalpur",Humanities,,61,200,,20,50,,63,150,,18,50,,85,150,,0,0,0,,0,0,,Annual,,0,0,,0,0,,0,0,,0,0,,,,,,,0,0,No
26583,26,"BS Secondary Education","Application Fee Received",557.000,1,1,Bahawalpur,"Display In Provisional Merit List",NA,male,1998-12-26,Islam,B+,PAKISTAN,Yes,0,Punjab,15000,FARMER,"KHAIRPUR TAMAWALI",FATHER,,,,,,,,,,,,,0,,0,,0,,0,,,58326,0.00,2018-01-22,,"2018-01-22 11:53:52",2015,620631,531,1100,Matric/SSC,Annual,"BISE MULTAN",Science,2017,200425,542,1100,FSc,Annual,"BISE MULTAN",Pre-Medical,,127,200,,41,50,,41,50,,108,200,,71,200,,76,200,0,,0,0,,Annual,,0,0,,0,0,,0,0,,0,0,,,,,,,0,0,No
26401,26,"BS Secondary Education","Application Fee Received",624.333,1,1,Bahawalpur,NA,NA,male,1993-12-20,Islam,B+,Pakistani,No,0,Punjab,30000,Farmer,Yazman,Uncle,No,No,No,No,No,No,No,No,No,No,No,No,0,,0,,0,,0,,0,40126,0.00,2017-12-29,,"2017-12-29 08:11:46",2013,104653,506,1050,Matric/SSC,Annual,"BISE Bahawalpur",Science,2016,106061,634,1200,DCom,Annual,"PBTE Lahore",Humanities,,94,200,,30,50,,40,50,,21,50,,20,50,,0,0,0,,0,0,,Annual,,0,0,,0,0,,0,0,,0,0,,,,,,,0,0,No
26535,26,"BS Secondary Education","Application Fee Received",504.000,1,1,Bahawalpur,NA,"Display In Provisional Merit List",male,1998-12-25,Islam,B+,Pakistani,No,0,Punjab,15000,"Private Job",Bahawalpur,Brother,No,No,No,No,No,No,No,No,No,No,No,No,0,NAT,45,H1715-170189,100,,0,,0,53526,0.00,2018-01-19,,"2018-01-19 11:47:34",2013,238376,728,1050,Matric/SSC,Annual,"BISE Bahawalpur",Science,2017,311217,509,1100,FA,Annual,"BISE Bahawalpur",Humanities,,86,200,,68,200,,26,50,,0,0,,0,0,,0,0,0,,0,0,,Annual,,0,0,,0,0,,0,0,,0,0,,,,,,,0,0,No
26413,26,"BS Secondary Education","Challan Printed",706.042,1,1,Bahawalpur,NA,NA,male,1997-10-23,Islam,O-,Pakistani,No,0,Punjab,30000,teacher,Yazman,Father,No,No,No,No,No,No,No,No,No,No,No,No,0,,0,,0,,0,,0,41326,0.00,2018-01-03,,,2012,224596,632,1050,Matric/SSC,Annual,"BISE DG Khan",Science,2015,142637,721,3550,DAE,Annual,"PBTE Lahore",Humanities,,65,100,,0,0,,0,0,,0,0,,0,0,,0,0,0,,0,0,,Annual,,0,0,,0,0,,0,0,,0,0,,,,,,,0,0,No
26538,26,"BS Secondary Education","Application Fee Received",542.000,1,1,Bahawalpur,NA,"Display In Provisional Merit List",female,1999-05-20,Islam,A+,PAKISTANI,No,0,Punjab,10000,FARMER,YAZMAN,FATHER,Yes,No,No,No,No,No,No,No,No,No,No,No,0,,0,,0,,0,,0,53826,0.00,2018-01-20,,"2018-01-22 07:57:25",2015,849398,487,1100,Matric/SSC,Annual,"BISE BAHAWALPUR",Science,2017,633669,547,1100,ICS,Annual,"BISE BAHAWALPUR",Humanities,,61,200,,20,50,,61,200,,103,200,,148,200,,0,0,0,,0,0,,Annual,,0,0,,0,0,,0,0,,0,0,,,,,,,0,0,No
26520,26,"BS Secondary Education","Application Fee Received",612.000,1,1,Bahawalpur,NA,NA,female,1994-05-20,Islam,A+,pakistani,No,0,Punjab,25,former,Yazman,father,Yes,Yes,No,No,No,No,No,No,No,No,No,No,0,,0,,0,,0,,0,52026,0.00,2018-01-18,,"2018-01-18 12:12:54",2011,713173,706,1050,Matric/SSC,Annual,"BISE Bahawalpur",Science,2014,420759,632,1100,ICS,Annual,"BISE Bahawalpur",Pre-Engineering,,89,200,,83,200,,134,200,,0,0,,87,200,,0,0,0,,0,0,,Annual,,0,0,,0,0,,0,0,,0,0,,,,,,,0,0,No
26465,26,"BS Secondary Education","Challan Printed",559.000,1,1,Bahawalpur,NA,NA,female,2001-02-12,Islam,B+,Pakistani,Yes,0,Punjab,15000,"Govt Servant ",Bahwaalpur,Father,Yes,No,No,No,No,No,No,No,No,No,No,No,0,NAT,40,"  H1715-140137",100,,0,,0,46526,0.00,2018-01-15,,,2015,157453,587,1050,Matric/SSC,Annual,"Federal Board ",Science,2017,310580,544,1100,ICS,Annual,"BISE Bahawalpur",Humanities,,137,200,,35,50,,88,200,,35,50,,60,200,,85,200,0,,0,0,,Annual,,0,0,,0,0,,0,0,,0,0,,,,,,,0,0,No
26509,26,"BS Secondary Education","Application Fee Received",756.000,1,1,Bahawalpur,"Display In Provisional Merit List",NA,male,1995-04-01,Islam,B+,Pakistani,No,0,Punjab,15000,Farmer,Yazman,Father,Yes,Yes,No,No,No,No,No,No,No,No,No,No,0,,0,,0,,0,,0,50926,0.00,2018-01-17,,"2018-01-17 12:43:50",2013,238699,771,1050,Matric/SSC,Annual,"BISE BWP",Science,2016,423055,766,1100,FSc,Annual,"BISE DG KHAN",Pre-Engineering,,104,200,,150,200,,126,200,,158,200,,0,0,,0,0,0,,0,0,,Annual,,0,0,,0,0,,0,0,,0,0,,,,,,,0,0,No
26517,26,"BS Secondary Education","Application Fee Received",455.000,1,0,Bahawalpur,NA,"Display In Provisional Merit List",male,1995-10-29,Islam,B+,Pakistani,No,0,Punjab,25000,"Govt Servant ",Bahawalpur,Father,Yes,No,No,No,No,No,No,No,No,No,No,No,0,,0,,0,,0,,0,51726,0.00,2018-01-18,,"2018-01-18 01:27:34",2012,115166,619,1050,Matric/SSC,Annual,"F BISE Bahawalpur",Science,2017,910743,460,1100,FSc,Annual,"BISE Bahawalpur",Pre-Engineering,,103,200,,68,200,,66,200,,30,50,,69,200,,32,50,0,,0,0,,Annual,,0,0,,0,0,,0,0,,0,0,,,,,,,0,0,No
26516,26,"BS Secondary Education","Application Fee Received",480.000,1,1,Bahawalpur,NA,"Display In Provisional Merit List",male,1997-04-14,Islam,A+,PAKISTANI,No,0,Punjab,20000,TRANSPORTER,YAZMAN,FATHER,No,No,No,No,No,No,No,No,No,No,No,No,0,NAT,46,151700005,100,,0,,0,51626,0.00,2018-01-18,,"2018-01-18 08:13:20",2012,229493,627,1050,Matric/SSC,Annual,"BISE BAHAWALPUR",Science,2014,421131,500,1100,ICS,Annual,"BISE BAHAWALPUR",Pre-Engineering,,66,200,,46,50,,60,200,,70,200,,97,200,,0,0,0,,0,0,,Annual,,0,0,,0,0,,0,0,,0,0,,,,,,,0,0,No
26418,26,"BS Secondary Education","Admission Fee Challan Received",563.333,1,1,Bahawalpur,"Display In Provisional Merit List","Display In First Merit List",male,1997-07-05,Islam,B+,Pakistani,No,0,Punjab,20000,Farmer,Yazman,Father,No,No,No,No,No,No,No,No,No,No,No,No,0,,0,,0,,0,,0,41826,0.00,2018-01-08,,"2018-01-08 08:15:39",2014,247549,479,1100,Matric/SSC,Annual,"BISE Bahawalpur",Humanities,2017,213929,568,1200,DCom,Annual,"PBTE Lahore",Humanities,,84,200,,32,50,,21,50,,30,50,,20,50,,26,50,0,,0,0,,Annual,,0,0,,0,0,,0,0,,0,0,,,,,,,1,0,Yes
26459,26,"BS Secondary Education","Application Fee Received",541.000,1,1,Bahawalpur,NA,"Display In Provisional Merit List",female,1997-03-15,Islam,,Pakistani,No,0,Punjab,15000,Farmar,Yazman,Father,,,,,,,,,,,,,0,,0,,0,,0,,,45926,0.00,2018-01-13,,"2018-01-15 08:10:58",2014,234421,645,1100,Matric/SSC,Annual,"BISE Bahawalpur",Science,2017,911015,546,1100,ICS,Annual,"BISE Bahawalpur",Pre-Engineering,,66,200,,97,200,,123,200,,73,200,,0,0,,0,0,0,,0,0,,Annual,,0,0,,0,0,,0,0,,0,0,,,,,,,1,0,No
26510,26,"BS Secondary Education","Application Fee Received",664.000,1,1,Bahawalpur,"Display In Provisional Merit List","Display In Third Merit List",male,1997-11-22,Islam,AB+,Pakistani,No,0,Punjab,20000,Farmer,Yazman,Father,Yes,Yes,No,No,No,No,No,No,No,No,No,No,0,NAT,44,1100859,100,,0,,0,51026,0.00,2018-01-17,,"2018-01-17 12:44:59",2013,231559,649,1050,Matric/SSC,Annual,"BISE BWP",Science,2015,423394,679,1100,FSc,Annual,"BISE DG KHAN",Pre-Engineering,,144,200,,136,200,,80,200,,108,200,,0,0,,0,0,0,,0,0,,Annual,,0,0,,0,0,,0,0,,0,0,,,,,,,1,0,Yes
26483,26,"BS Secondary Education","Application Fee Received",623.000,1,1,Bahawalpur,"Display In Provisional Merit List",NA,female,1998-06-30,Islam,,Pakistani,No,0,Punjab,25000,businessman,Bahawalpur,Father,No,No,No,No,No,No,No,No,No,No,No,No,0,NAT,50,H1715-120219,100,,0,,0,48326,0.00,2018-01-16,,"2018-01-16 02:07:49",2014,232397,608,1100,Matric/SSC,Annual,Bisebwp,Science,2016,921086,633,1100,FSc,Annual,bisebwp,Pre-Medical,,113,200,,37,50,,147,200,,45,50,,72,200,,87,200,0,,0,0,,Annual,,0,0,,0,0,,0,0,,0,0,,,,,,,0,0,No
26455,26,"BS Secondary Education","Application Fee Received",614.000,1,1,Bahawalpur,"Display In Provisional Merit List","Display In First Merit List",female,1997-01-14,Islam,B+,PAKISTANI,No,0,Punjab,15000,"GOVT SERVENT",BAHAWALPUR,FATHER,No,No,No,No,No,No,No,No,No,No,No,No,0,NAT,41,L1715-130014,100,,0,,0,45526,0.00,2018-01-13,,"2018-01-15 12:19:33",2015,849407,542,1100,Matric/SSC,Annual,"BISE BWP",Science,2017,626072,619,1100,FSc,Annual,"BISE BWP",Pre-Medical,,140,200,,38,50,,31,50,,119,200,,76,200,,97,200,0,,0,0,,Annual,,0,0,,0,0,,0,0,,0,0,,,,,,,1,0,Yes
26484,26,"BS Secondary Education","Application Fee Received",492.000,1,0,Bahawalpur,NA,"Display In Provisional Merit List",female,1997-12-20,Islam,B+,Pakistani,Yes,0,Punjab,7000,"Security Guard",Bahawalpur,Father,No,No,No,No,No,No,No,Yes,No,No,No,No,0,,0,,0,,0,,0,48426,0.00,2018-01-16,,,2014,232198,655,1100,Matric/SSC,Annual,"BISE BWP",Science,2016,305978,482,1100,ICS,Annual,"BISE BWP",Humanities,,66,200,,66,200,,76,200,,114,200,,0,0,,0,0,0,,0,0,,Annual,,0,0,,0,0,,0,0,,0,0,,,,,,,0,0,No
26530,26,"BS Secondary Education","Application Fee Received",478.000,1,0,Bahawalpur,NA,"Display In Provisional Merit List",male,1999-08-18,Islam,O+,Pakistani,No,0,Punjab,50000,"Job In Army",Bahawalpur,Father,No,No,No,No,No,No,No,No,No,No,No,No,0,,0,,0,,0,,0,53026,0.00,2018-01-19,,,2015,851515,732,1100,Matric/SSC,Annual,"BISE BWP",Science,2017,634628,483,1100,ICS,Annual,"BISE BWP",Humanities,,73,200,,58,200,,37,50,,97,200,,26,50,,82,200,0,,0,0,,Annual,,0,0,,0,0,,0,0,,0,0,,,,,,,0,0,No
26398,26,"BS Secondary Education","Application Fee Received",639.000,1,1,Bahawalpur,"Display In First Merit List",NA,male,1997-07-23,Islam,B+,Pakistani,No,0,Punjab,10000,"Driver ","Yazman , Bahawalpur",Brother,No,No,No,No,No,No,No,No,No,No,No,No,0,NAT,45,A1815-110049,100,,0,,0,39826,0.00,2017-12-27,,"2017-12-27 09:22:02",2013,238215,739,1050,Matric/SSC,Annual," Board of  Intermediate & Secondary Education ,Bahawalpur",Science,2016,635828,649,1100,FSc,Annual,"Board of  Intermediate & Secondary Education ,Bahawalpur",Pre-Engineering,,136,200,,41,50,,121,200,,39,50,,76,200,,100,200,0,,0,0,,Annual,,0,0,,0,0,,0,0,,0,0,,,,,,,1,0,Yes
26480,26,"BS Secondary Education","Challan Printed",667.000,1,1,Bahawalpur,NA,NA,male,1998-06-22,Islam,B+,"Pakistani ",No,0,Punjab,15000,"Homeopathic Dispenser ",Bahawalpur,Father,Yes,No,No,No,No,No,No,No,No,No,No,No,0,NAT,60,L1715-110030,100,,0,,0,48026,0.00,2018-01-15,,,2014,240916,688,1100,Matric/SSC,Annual,"BISE Bahawalpur",Science,2017,629600,672,1100,FSc,Annual,"BISE Bahawalpur",Pre-Engineering,,84,200,,151,200,,150,200,,114,200,,38,50,,34,50,0,,0,0,,Annual,,0,0,,0,0,,0,0,,0,0,,,,,,,0,0,No
26523,26,"BS Secondary Education","Application Fee Received",664.000,1,1,Bahawalpur,"Display In First Merit List",NA,male,2000-03-04,Islam,O+,Pakistani,No,0,Punjab,15000,Farmer,RYK,Father,Yes,No,No,No,No,No,No,No,No,No,No,No,0,NAT,41,L1715-130037,100,,0,,0,52326,0.00,2018-01-18,,"2018-01-18 12:50:00",2015,855678,630,1100,Matric/SSC,Annual,"BISE BWP",Science,2017,642284,669,1100,FA,Annual,"BISE BWP",Humanities,,69,200,,43,50,,28,50,,145,170,,0,0,,0,0,0,,0,0,,Annual,,0,0,,0,0,,0,0,,0,0,,,,,,,1,0,Yes
26543,26,"BS Secondary Education","Application Fee Received",499.000,1,1,Bahawalpur,NA,NA,female,1995-01-16,Islam,AB+,"Pakistani ",No,0,Punjab,30000,"Constable ","Khan Pur ","Father ",No,Yes,No,No,No,No,No,No,No,No,No,No,0,NAT,40,H1715-140520,100,,0,,0,54326,0.00,2018-01-20,,"2018-01-22 08:51:46",2015,407174,568,1100,Matric/SSC,Annual,"BISE Bhawalpur ",Humanities,2017,321413,504,1100,ICS,Annual,"BISE Bhawalpur ",Humanities,,56,200,,106,170,,95,150,,67,100,,76,200,,0,0,0,,0,0,,Annual,,0,0,,0,0,,0,0,,0,0,,,,,,,0,0,No
26447,26,"BS Secondary Education","Admission Fee Challan Received",676.000,1,1,Bahawalpur,"Display In First Merit List",NA,female,1999-11-01,Islam,O+,Pakistani,No,0,Punjab,30000,"Private Job",Bahawalpur,"Father ",Yes,No,No,No,No,No,No,No,No,No,No,No,0,,0,,0,,0,,0,44726,0.00,2018-01-12,,,2015,837114,651,1100,Matric/SSC,Annual,"BISE Bahawalpur",Science,2017,624021,681,1100,FSc,Annual,"BISE Bahawalpur",Humanities,,81,200,,33,50,,123,170,,146,170,,0,0,,0,0,0,,0,0,,Annual,,0,0,,0,0,,0,0,,0,0,,,,,,,1,0,Yes
26582,26,"BS Secondary Education","Challan Printed",480.000,1,0,Bahawalpur,NA,NA,male,2000-12-01,Islam,O+,PAKISTANI,No,0,Punjab,20000,"SHOP KEEPER","LIAQUAT PUR",FATHER,Yes,Yes,No,No,No,No,No,No,No,No,No,No,0,NAT,47,C1715-130008,100,,0,,0,58226,0.00,2018-01-22,,"2018-01-24 02:58:18",2014,276411,591,1100,Matric/SSC,Annual,"BISE BWP ",Science,2016,645316,490,1100,FSc,Annual,"BISE BWP ",Pre-Engineering,,75,200,,78,200,,90,200,,72,200,,0,0,,0,0,0,,0,0,,Annual,,0,0,,0,0,,0,0,,0,0,,,,,,,0,0,No
26395,26,"BS Secondary Education","Application Fee Received",587.000,1,1,Bahawalpur,"Display In Provisional Merit List",NA,female,2000-05-09,Islam,A+,PAKISTANI,No,0,Punjab,20000,FARMAR,AMINABAD,"BROTHER ",Yes,Yes,No,No,No,No,No,No,No,No,No,No,0,NAT,47,H1715-140422,100,,0,,0,39526,0.00,2017-12-26,,"2017-12-27 09:58:25",2015,867351,587,1050,Matric/SSC,Annual,"Board of Intermediate & Secondary Education Bahawalpur",Science,2017,623144,592,1100,ICS,Annual,"PUNJAB COLLEGE FOR WOMEN BAHAWALPUR",Humanities,,124,200,,31,50,,101,200,,33,50,,30,100,,77,100,0,,0,0,,Annual,,0,0,,0,0,,0,0,,0,0,,,,,,,0,0,No
26425,26,"BS Secondary Education","Application Fee Received",579.000,1,1,Bahawalpur,"Display In Provisional Merit List",NA,male,1997-12-21,Islam,O+,PAKISTANI,No,0,Punjab,15000,"RETIRED ARMY PERSON","LIAQUAT PUR",FATHER,Yes,Yes,No,No,No,No,No,No,No,No,No,No,0,,0,,0,,0,,0,42526,0.00,2018-01-09,,"2018-01-09 09:20:46",2013,261518,706,1050,Matric/SSC,Annual,"BISE BWP ",Science,2016,645579,589,1100,FSc,Annual,"BISE BWP ",Pre-Medical,,89,200,,90,200,,100,200,,0,0,,90,200,,0,0,0,,0,0,,Annual,,0,0,,0,0,,0,0,,0,0,,,,,,,0,0,No
26394,26,"BS Secondary Education","Admission Fee Challan Received",608.000,1,1,Bahawalpur,"Display In Provisional Merit List","Display In First Merit List",male,2000-02-20,Islam,B+,Pakistani,No,0,Punjab,10000,"Farmer ","Liaquat Pur",Father,Yes,No,No,No,No,No,No,No,No,No,No,No,0,NAT,40,H1715-120291,100,,0,,0,39426,0.00,2017-12-26,,,2014,277190,553,1100,Matric/SSC,Annual,"BISE BWP",Science,2017,922235,613,1100,FSc,Annual,"BISE BWP",Pre-Medical,,88,200,,84,200,,114,200,,114,200,,0,0,,0,0,0,,0,0,,Annual,,0,0,,0,0,,0,0,,0,0,,,,,,,1,0,Yes
26433,26,"BS Secondary Education","Admission Fee Challan Received",494.000,1,1,Bahawalpur,NA,"Display In First Merit List",male,1997-03-01,Islam,B+,Pakistani,No,0,Punjab,25000,Army,"Liaquat Pur",Father,No,Yes,No,No,No,No,No,No,No,No,No,No,0,,0,,0,,0,,0,43326,0.00,2018-01-10,,,2013,261810,620,1050,Matric/SSC,Annual,"Bise Bahawal Pur",Science,2015,645575,509,1100,FSc,Annual,"Bise Bahawal Pur",Pre-Engineering,,59,200,,94,200,,78,200,,80,200,,45,50,,0,0,0,,0,0,,Annual,,0,0,,0,0,,0,0,,0,0,,,,,,,1,0,Yes
26537,26,"BS Secondary Education","Application Fee Received",484.000,1,0,Bahawalpur,NA,"Display In Provisional Merit List",male,1997-03-05,Islam,O+,Pakistani,No,0,Punjab,10000,Farmer,"Rahim Yar Khan",Father,Yes,No,No,No,No,No,No,No,No,No,No,No,0,,0,,0,,0,,0,53726,0.00,2018-01-20,,"2018-01-22 09:04:38",2014,311374,582,1050,Matric/SSC,Annual,"BISE Bahawalpur",Science,2017,920479,489,1100,ICS,Annual,"BISE  Bahawalpur",Humanities,,70,200,,40,50,,65,200,,47,50,,88,200,,59,200,0,,0,0,,Annual,,0,0,,0,0,,0,0,,0,0,,,,,,,1,0,No
26519,26,"BS Secondary Education","Admission Fee Challan Received",616.000,1,1,Bahawalpur,"Display In Provisional Merit List","Display In First Merit List",male,2000-04-01,Islam,AB+,PAKISTANI,Yes,0,Punjab,10000,FARMER,FEROZA,FATHER,No,No,No,No,No,No,No,No,No,No,No,No,0,,0,,0,,0,,0,51926,0.00,2018-01-18,,"2018-01-18 10:13:48",2014,276792,422,1100,Matric/SSC,Annual,"BISE Bahawalpur",Science,2017,431526,601,1100,ICS,Annual,"BISE Bahawalpur",Humanities,,91,200,,97,200,,80,200,,154,200,,38,50,,40,50,0,,0,0,,Annual,,0,0,,0,0,,0,0,,0,0,,,,,,,1,0,Yes
26494,26,"BS Secondary Education","Application Fee Received",528.000,1,1,Bahawalpur,NA,"Display In Provisional Merit List",female,1997-01-01,Islam,O+,Pakistani,No,0,Punjab,30000,"Government Employee","Laiquat Pur ",Father,Yes,Yes,No,No,No,No,No,No,No,No,No,No,0,,0,,0,,0,,0,49426,0.00,2018-01-16,,"2018-01-16 01:11:53",2014,265018,772,1100,Matric/SSC,Annual,"BISE Bahawalpur",Science,2017,940636,533,1100,ICS,Annual,"BISE Bahawalpur",Humanities,,91,200,,101,200,,75,200,,38,50,,37,50,,74,200,0,,0,0,,Annual,,0,0,,0,0,,0,0,,0,0,,,,,,,0,0,No
26575,26,"BS Secondary Education","Application Fee Received",768.000,1,1,Bahawalpur,"Display In First Merit List",NA,male,2001-07-28,Islam,,Pakistani,No,0,Punjab,20000,Advocate,"Liaquat Pur","Father ",Yes,Yes,No,No,No,No,No,No,No,No,No,No,0,NAT,54,G1715-130106,100,,0,,0,57526,0.00,2018-01-22,,"2018-01-22 12:34:36",2015,868343,576,1100,Matric/SSC,Annual,"BISE Bahawalpur",Science,2017,644349,773,1100,FA,Annual,"BISE Bahawalpur",Humanities,,107,200,,47,50,,43,50,,162,200,,124,200,,176,200,0,,0,0,,Annual,,0,0,,0,0,,0,0,,0,0,,,,,,,1,0,Yes
26554,26,"BS Secondary Education","Application Fee Received",522.000,1,1,Bahawalpur,NA,"Display In Provisional Merit List",female,2002-01-06,Islam,,PAKISTANI,No,0,Punjab,100000,LAWYER,"LIAQUAT PUR",FATHER,No,Yes,No,No,No,No,No,No,No,No,No,No,0,,0,,0,,0,,0,55426,0.00,2018-01-22,,"2018-01-22 09:18:26",2015,867426,769,1100,Matric/SSC,Annual,"BISE BWP",Science,2017,644273,527,1100,FSc,Annual,"BISE BWP",Pre-Medical,,83,200,,79,200,,88,200,,33,50,,116,200,,43,50,0,,0,0,,Annual,,0,0,,0,0,,0,0,,0,0,,,,,,,0,0,No
26514,26,"BS Secondary Education","Application Fee Received",527.000,1,1,Bahawalpur,NA,"Display In Provisional Merit List",male,1998-12-28,Islam,B-,Pakistani,No,0,Punjab,15000,farmer,"Feroza ",Father,Yes,No,No,No,No,No,No,No,No,No,No,No,0,,0,,0,,0,,0,51426,0.00,2018-01-18,,"2018-01-18 08:32:09",2012,259067,687,1050,Matric/SSC,Annual,"BISE Bahawalpur",Science,2017,644640,532,1100,FA,Annual,"BISE Bahawalpur",Humanities,,64,200,,134,200,,59,200,,75,200,,0,0,,0,0,0,,0,0,,Annual,,0,0,,0,0,,0,0,,0,0,,,,,,,0,0,No
26513,26,"BS Secondary Education","Application Fee Received",483.000,1,0,Bahawalpur,NA,"Display In Provisional Merit List",male,1999-07-15,Islam,B+,PAKISTANI,No,0,Punjab,20000,FARMER,"LIAQUAT PUR",FATHER,Yes,Yes,No,No,No,No,No,No,No,No,No,No,0,,0,,0,,0,,0,51326,0.00,2018-01-18,,,2014,276593,553,1100,Matric/SSC,Annual,"BISE BWP ",Science,2017,644972,488,1100,FSc,Annual,"BISE BWP ",Pre-Engineering,,85,200,,57,200,,83,200,,0,0,,101,200,,0,0,0,,0,0,,Annual,,0,0,,0,0,,0,0,,0,0,,,,,,,0,0,No
26565,26,"BS Secondary Education","Challan Printed",485.000,1,1,Bahawalpur,NA,NA,male,1998-02-03,Islam,O+,Pakistani,No,0,Punjab,0,Businessman,Liaqatpur,Father,Yes,Yes,No,No,No,No,No,No,No,No,No,No,0,NAT,29,160024,100,,0,,0,56526,0.00,2018-01-22,,,2013,261966,516,1050,Matric/SSC,Annual,"Bahawalpur BISE",Science,2016,645086,495,1100,ICOM,Annual,"Bahawalpur BISE",Humanities,,59,200,,38,50,,78,150,,52,150,,68,150,,25,50,0,,0,0,,Annual,,0,0,,0,0,,0,0,,0,0,,,,,,,0,0,No
26527,26,"BS Secondary Education","Application Fee Received",503.000,1,1,Bahawalpur,NA,"Display In Provisional Merit List",male,1999-12-11,Islam,AB+,"Pakistani ",No,0,Punjab,20000,Farmer,"Liaquat Pur","Father ",Yes,No,No,No,No,No,No,No,No,No,No,No,0,NAT,50,L1615-130025,100,,0,,0,52726,0.00,2018-01-18,,,2014,276741,661,1100,Matric/SSC,Annual,"BISE Bahawalpur",Science,2016,642041,513,1100,ICS,Annual,"BISE Bahawalpur",Humanities,,66,200,,104,200,,87,200,,40,50,,94,200,,34,50,0,,0,0,,Annual,,0,0,,0,0,,0,0,,0,0,,,,,,,0,0,No
26458,26,"BS Secondary Education","Application Fee Received",544.000,1,1,Bahawalpur,"Display In Provisional Merit List",NA,female,1998-02-12,Islam,O+,PAKISTANI,No,0,Punjab,40000,BUSINESS,"LIAQUAT PUR",FATHER,No,Yes,No,No,No,No,No,No,No,No,No,No,0,,0,,0,,0,,0,45826,0.00,2018-01-13,,,2014,310179,605,1050,Matric/SSC,Annual,"BISE BAHAWAL PUR",Science,2017,310849,549,1100,FSc,Annual,"BISE BAHAWAL PUR",Pre-Medical,,100,200,,111,200,,66,200,,0,0,,85,200,,0,0,0,,0,0,,Annual,,0,0,,0,0,,0,0,,0,0,,,,,,,0,0,No
26526,26,"BS Secondary Education","Application Fee Received",419.000,1,0,Bahawalpur,NA,"Display In Provisional Merit List",female,1995-12-25,Islam,,PAKISTANI,No,0,Punjab,21000,GOVT.JOB,"LIAQUAT PUR",FATHER,Yes,No,No,No,No,No,No,No,No,No,No,No,0,,0,,0,,0,,0,52626,0.00,2018-01-18,,,2013,641,641,1050,Matric/SSC,Annual,"BISE BAHAWALPUR",Science,2017,920216,424,1100,FSc,Annual,"BISE BAHAWALPUR",Pre-Engineering,,69,200,,66,200,,60,200,,75,200,,0,0,,0,0,0,,0,0,,Annual,,0,0,,0,0,,0,0,,0,0,,,,,,,1,0,No
26431,26,"BS Secondary Education","Challan Printed",790.000,1,1,Bahawalpur,NA,NA,male,1999-01-26,Islam,B+,"Pakistan ",No,0,Punjab,12000,Landlord,Dunyapur,"Grand Father ",Yes,Yes,No,No,No,No,No,No,No,No,No,No,0,NAT,53,k1762-120006,100,,0,,0,43126,0.00,2018-01-10,,,2015,876653,858,1100,Matric/SSC,Annual,"BISE,Bahawalpur ",Science,2017,650789,795,1100,FSc,Annual,"BISE,Bahawalpur ",Pre-Medical,,159,200,,153,200,,113,200,,141,200,,46,50,,46,50,0,,0,0,,Annual,,0,0,,0,0,,0,0,,0,0,,,,,,,0,0,No
26402,26,"BS Secondary Education","Challan Printed",587.000,1,1,Bahawalpur,NA,NA,female,1996-04-01,Islam,B+,Pakistani,No,0,Punjab,80,Business,"Sadiq Abad",Father,No,Yes,No,No,No,No,No,No,No,No,No,No,0,NAT,45,G1762-130013,100,,0,,0,40226,0.00,2017-12-29,,,2011,721692,655,1050,Matric/SSC,Annual,"Islamia University Bahawalpur",Science,2016,310690,597,1100,FA,Annual,"Islamia University Bahawalpur",Humanities,,61,200,,104,200,,31,50,,117,200,,33,50,,0,0,0,,0,0,,Annual,,0,0,,0,0,,0,0,,0,0,,,,,,,0,0,No
26548,26,"BS Secondary Education","Challan Printed",659.000,1,1,OPEN,NA,NA,male,1996-08-04,Islam,,Pakistani,No,0,Punjab,20000,Farmer,"D g Khan",Father,Yes,Yes,No,No,No,No,No,No,No,No,No,No,0,,0,,0,,0,,0,54826,0.00,2018-01-21,,,2011,105060,869,1050,Matric/SSC,Annual,"Bise D g khan Board",Science,2013,414444,684,1100,FSc,Annual,"Bise D g khan Board",Pre-Engineering,,95,200,,108,200,,134,200,,137,200,,44,50,,40,50,0,,0,0,,Annual,,0,0,,0,0,,0,0,,0,0,,,,,,,0,0,No
26570,26,"BS Secondary Education","Application Fee Received",570.000,1,1,OPEN,"Display In Provisional Merit List",NA,female,1999-06-20,Islam,,pakistani,No,0,Punjab,30000,BUSNISS,"DERA GHAZI KHAN",FATHER,No,No,No,No,No,No,No,No,No,No,No,No,0,NAT,45,A1815-130016,100,,0,,0,57026,0.00,2018-01-22,,"2018-01-22 10:45:09",2015,170137,527,1100,Matric/SSC,Annual,"BISE D G KHAN",Humanities,2017,435461,575,1100,FA,Annual,"BISE D G KHAN",Humanities,,81,200,,119,200,,42,50,,95,200,,0,0,,104,200,0,,0,0,,Annual,,0,0,,0,0,,0,0,,0,0,,,,,,,0,0,No
26497,26,"BS Secondary Education","Application Fee Received",502.000,1,1,OPEN,NA,NA,female,1999-08-30,Islam,B+,PAKISTANI,No,0,Punjab,15000,BUSINESS,"DERA GHAZI KHAN ",FATHER,Yes,Yes,No,No,No,No,No,No,No,No,No,No,0,NAT,45,H1750-110376,100,,0,,0,49726,0.00,2018-01-17,,,2014,200252,755,1100,Matric/SSC,Annual,"BISE DGKHAN",Science,2016,102084,512,1100,FSc,Annual,"BISE DGKHAN",Pre-Engineering,,0,0,,0,0,,0,0,,0,0,,0,0,,0,0,0,,0,0,,Annual,,0,0,,0,0,,0,0,,0,0,,,,,,,0,0,No
26407,26,"BS Secondary Education","Challan Printed",738.000,1,1,OPEN,NA,NA,female,2000-07-21,Islam,B+,PAKISTANI,No,0,Punjab,46470,TEACHER,MULTAN,FATHER,Yes,Yes,No,No,No,No,No,No,No,No,No,No,0,,0,,0,,0,,0,40726,0.00,2017-12-31,,,2015,136048,585,1100,Matric/SSC,Annual,"DG KHAN ",Science,2017,404831,743,1100,FSc,Annual,"DG KHAN",Pre-Medical,,138,200,,113,200,,159,200,,0,0,,128,200,,0,0,0,,0,0,,Annual,,0,0,,0,0,,0,0,,0,0,,,,,,,0,0,No
26585,26,"BS Secondary Education","Application Fee Received",610.000,1,1,OPEN,"Display In Provisional Merit List",NA,female,2001-01-12,Islam,,Pakistani,No,0,Punjab,45000,Agriculture,Jampur,Father,Yes,Yes,No,No,No,No,No,No,No,No,No,No,0,,0,,0,,0,,0,58526,0.00,2018-01-22,,"2018-01-22 11:57:38",2015,145032,608,1100,Matric/SSC,Annual,"BISE D G Khan",Science,2017,406140,615,1100,FSc,Annual,"BISE D G Khan",Pre-Medical,,95,200,,127,200,,91,200,,37,50,,94,200,,34,50,0,,0,0,,Annual,,0,0,,0,0,,0,0,,0,0,,,,,,,0,0,No
26531,26,"BS Secondary Education","Challan Printed",591.000,1,1,OPEN,NA,NA,female,1996-05-20,Islam,B+,Pakistani,No,0,Punjab,600000,EDO,"Rahim Yar Khan",Father,No,Yes,No,No,No,No,No,No,No,No,No,No,0,,0,,0,,0,,0,53126,0.00,2018-01-19,,,2011,726056,484,1050,Matric/SSC,Annual,"D.G Khan",Science,2017,100535,596,1100,FSc,Annual,"Board of intermediate & Secondary Education,Bahawalpur",Pre-Medical,,116,200,,88,200,,118,200,,37,50,,0,0,,0,0,0,,0,0,,Annual,,0,0,,0,0,,0,0,,0,0,,,,,,,0,0,No
26396,26,"BS Secondary Education","Application Fee Received",689.000,1,1,OPEN,"Display In Provisional Merit List",NA,male,1998-02-08,Islam,B+,"Pakistan ",No,0,Punjab,15000,farmer,"hazrat wala ",father,No,No,No,No,No,No,No,No,No,No,No,No,0,,0,,0,,0,,0,39626,0.00,2017-12-27,,"2017-12-27 08:08:07",2014,227927,462,1100,Matric/SSC,Annual,"Dera Ghazi Khan ",Science,2017,444591,694,1100,FA,Annual,"Dera Ghazi Khan ",Humanities,,152,200,,126,200,,134,200,,121,200,,121,200,,28,50,0,,0,0,,Annual,,126,200,,0,0,,0,0,,0,0,,,,,,,0,0,No
26476,26,"BS Secondary Education","Application Fee Received",561.000,1,1,OPEN,"Display In Provisional Merit List",NA,male,1999-04-13,Islam,,Pakistani,No,0,Punjab,20000,Farmer,"Rajun Pur",Father,No,No,No,No,No,No,No,No,No,No,No,No,0,NAT,42,H1762-120361,100,,0,,0,47626,0.00,2018-01-15,,"2018-01-16 08:32:54",2015,149092,639,1100,Matric/SSC,Annual,"Bise Dera Ghazi Khan",Science,2017,100954,566,1100,FSc,Annual,"Bise Dera Ghazi Khan",Pre-Medical,,101,200,,100,200,,86,200,,0,0,,0,0,,0,0,0,,0,0,,Annual,,0,0,,0,0,,0,0,,0,0,,,,,,,0,0,No
26405,26,"BS Secondary Education","Application Fee Received",540.000,1,1,OPEN,NA,NA,male,1997-11-18,Islam,B+,Pakistani,No,0,Punjab,50000,"SHOP KEEPER","TOBA TEK SINGH","MUHAMMAD IRSHAD KAUSAR",Yes,No,No,No,No,No,No,No,No,No,No,No,0,NAT,48,L1739-130001,100,,0,,0,40526,0.00,2017-12-30,,"2018-01-08 02:06:07",2014,465110,711,1100,Matric/SSC,Annual,"BOAD OF INTERMEDIATE & SECONDARY EDUCATION FAISALABAD",Science,2017,274966,545,1100,FA,Annual,"BOAD OF INTERMEDIATE & SECONDARY EDUCATION FAISALABAD",Humanities,,0,0,,0,0,,0,0,,0,0,,0,0,,0,0,0,,0,0,,Annual,,0,0,,0,0,,0,0,,0,0,,,,,,,0,0,No
26500,26,"BS Secondary Education","Challan Printed",655.000,1,1,OPEN,NA,NA,female,1996-02-13,Islam,AB+,pakistan,No,0,Punjab,20,farmer,jahanian,father,No,Yes,No,No,No,No,No,No,No,No,No,No,0,,0,,0,,0,,0,50026,0.00,2018-01-17,,,2015,609332,508,1100,Matric/SSC,Annual,"Multan Board",Science,2017,270703,660,1100,FA,Annual,"Multan Board",Humanities,,60,200,,39,50,,144,200,,130,200,,29,50,,157,200,0,,0,0,,Annual,,0,0,,0,0,,0,0,,0,0,,,,,,,0,0,No
26492,26,"BS Secondary Education","Application Fee Received",694.000,1,1,OPEN,NA,NA,female,1999-06-08,Islam,B+,"Pakistani ",No,0,Punjab,15000,"Private Driver ",Jahanian," Father",Yes,No,No,No,No,No,No,No,No,No,No,No,0,NAT,43,H1750-120050,100,,0,,0,49226,0.00,2018-01-16,,,2015,600967,688,1100,Matric/SSC,Annual,"BISE Multan",Science,2017,700307,699,1100,FSc,Annual,"BISE Multan ",Pre-Medical,,89,200,,153,200,,91,200,,147,200,,44,50,,35,50,0,,0,0,,Annual,,0,0,,0,0,,0,0,,0,0,,,,,,,1,0,No
26406,26,"BS Secondary Education","Admission Fee Challan Received",712.000,1,1,OPEN,"Display In First Merit List",NA,male,1997-10-12,Islam,AB+,pakistani,No,0,Punjab,15000,former,jahanian,"my father",,,,,,,,,,,,,0,,0,,0,,0,,,40626,0.00,2017-12-31,,"2018-01-10 08:21:05",2015,600351,688,1100,Matric/SSC,Annual,"Multan board",Science,2017,770599,717,1100,ICS,Annual,"Multan board",Humanities,,144,200,,126,200,,40,50,,90,200,,163,200,,44,50,0,,0,0,,Annual,,0,0,,0,0,,0,0,,0,0,,,,,,,1,0,Yes
26555,26,"BS Secondary Education","Application Fee Received",654.000,1,1,OPEN,"Display In First Merit List",NA,male,1998-08-27,Islam,O+,Pakistani,No,0,Punjab,0,Teacher,Bahawalpur,Father,Yes,No,No,No,No,No,No,No,No,No,No,No,0,NAT,52,A1815-120007,100,,0,,0,55526,0.00,2018-01-22,,"2018-01-22 01:09:41",2015,842545,864,1100,Matric/SSC,Annual,"BISE Bahawalpur",Science,2017,630357,659,1100,FSc,Annual,"BISE BAhawalpur",Pre-Medical,,126,200,,0,0,,0,0,,0,0,,0,0,,0,0,0,,0,0,,Annual,,0,0,,0,0,,0,0,,0,0,,,,,,,1,0,Yes
26534,26,"BS Secondary Education","Application Fee Received",659.000,1,1,OPEN,"Display In Provisional Merit List",NA,male,1996-12-30,Islam,O-,Pakistani,No,0,Punjab,15000,Farmer,"Jallah Arain",Father,Yes,Yes,No,No,No,No,No,No,No,No,No,No,0,,0,,0,,0,,0,53426,0.00,2018-01-19,,"2018-01-19 01:30:42",2012,215912,578,1050,Matric/SSC,Annual,"Bise Multan",Humanities,2016,272180,669,1100,FA,Annual,"Bise Multan",Humanities,,77,200,,101,200,,43,50,,138,200,,44,50,,141,200,0,,0,0,,Annual,,0,0,,0,0,,0,0,,0,0,,,,,,,0,0,No
26536,26,"BS Secondary Education","Admission Fee Challan Received",494.000,1,1,OPEN,"Display In Second Merit List",NA,male,1998-08-01,Islam,B+,Pakistani,No,0,Punjab,10000,Farmer,Dunyapur,Father,Yes,No,No,No,No,No,No,No,No,No,No,No,0,,0,,0,,0,,0,53626,0.00,2018-01-19,,"2018-01-22 07:34:39",2015,618209,588,1100,Matric/SSC,Annual,"BISE Multan",Science,2017,271710,499,1100,FA,Annual,"BISE Multan",Humanities,,75,200,,75,200,,111,200,,0,0,,92,200,,29,50,0,,0,0,,Annual,,0,0,,0,0,,0,0,,0,0,,,,,,,1,0,Yes
26463,26,"BS Secondary Education","Application Fee Received",677.000,1,1,OPEN,NA,NA,female,1994-02-02,Islam,,pakistani,Yes,0,Punjab,15000,farmer,DUNYAPUR,father,Yes,No,No,No,No,No,No,No,No,No,No,No,0,,0,,0,,0,,0,46326,0.00,2018-01-15,,"2018-01-15 06:51:58",2015,616991,565,1100,Matric/SSC,Annual,"BISE MULTAN",Science,2017,271612,662,1100,FA,Annual,"BISE MULTAN",Humanities,,77,200,,153,200,,96,200,,162,200,,93,200,,40,50,0,,0,0,,Annual,,0,0,,0,0,,0,0,,0,0,,,,,,,0,0,No
26428,26,"BS Secondary Education","Admission Fee Challan Received",784.746,1,1,OPEN,"Display In First Merit List",NA,male,1996-08-01,Islam,,Pakistani,No,0,Punjab,40000,teacher,Dunyapur,Father,No,No,No,No,No,No,No,No,No,No,No,No,0,,0,,0,,0,,0,42826,0.00,2018-01-10,,"2018-01-10 09:22:28",2012,148639,618,1050,Matric/SSC,Annual,"BISE Multan Board",Science,2015,147037,799,3550,DAE,Annual,"Punjab Board Of Technical Education, Lahore",Pre-Engineering,,0,0,,0,0,,0,0,,0,0,,0,0,,0,0,0,,0,0,,Annual,,0,0,,0,0,,0,0,,0,0,,,,,,,1,0,Yes
26528,26,"BS Secondary Education","Challan Printed",535.000,1,1,OPEN,NA,NA,male,1998-05-17,Islam,,Pakistani,No,0,Punjab,20000,Farmar,Dhanot,Father,,,,,,,,,,,,,0,,0,,0,,0,,,52826,0.00,2018-01-18,,,2013,114103,812,1050,Matric/SSC,Annual,"BISE Multan Board",Science,2016,727252,545,1100,FSc,Annual,"BISE Multan Board",Pre-Engineering,,0,0,,0,0,,0,0,,0,0,,0,0,,0,0,0,,0,0,,Annual,,0,0,,0,0,,0,0,,0,0,,,,,,,0,0,No
26547,26,"BS Secondary Education","Application Fee Received",489.000,1,1,OPEN,NA,NA,female,1998-02-15,Islam,,pakistani,No,0,Punjab,15000,"Private Job",Bahawalpur,Father,Yes,No,No,No,No,No,No,No,No,No,No,No,0,,0,,0,,0,,0,54726,0.00,2018-01-21,,"2018-01-22 11:32:33",2013,116737,672,1050,Matric/SSC,Annual,"Bise Multan",Science,2016,6246046,499,1100,FSc,Annual,"BISE BAHAWALPUR",Pre-Medical,,74,200,,102,200,,67,200,,76,200,,39,50,,31,50,0,,0,0,,Annual,,0,0,,0,0,,0,0,,0,0,,,,,,,0,0,No
26477,26,"BS Secondary Education","Application Fee Received",604.000,1,1,OPEN,"Display In Provisional Merit List",NA,male,1998-07-13,Islam,O+,Pakistani,No,0,Punjab,20000,labourmen,Lodhran,Father,Yes,No,No,No,No,No,No,No,No,No,No,No,0,NAT,50,H1715-160018,100,,0,,0,47726,0.00,2018-01-15,,"2018-01-15 12:51:28",20114,228979,573,1100,Matric/SSC,Annual,"BISE Multan",Humanities,2017,660148,609,1100,ICOM,Annual,"BISE Multan",Humanities,,104,150,,71,200,,86,150,,0,0,,98,150,,0,0,0,,0,0,,Annual,,0,0,,0,0,,0,0,,0,0,,,,,,,0,0,No
26587,26,"BS Secondary Education","Application Fee Received",651.000,1,1,OPEN,"Display In Provisional Merit List",NA,male,1998-04-19,Islam,,PAKISTAN,No,0,Punjab,15000,PRIVATE,"KAHROR PACCA ",FATHER,Yes,No,No,No,No,No,No,No,No,No,No,No,0,NAT,59,A1815-130040,100,,0,,0,58726,0.00,2018-01-22,,"2018-01-22 01:01:50",2014,136937,717,1100,Matric/SSC,Annual,"BISE MULTAN",Science,2016,722486,661,1100,FSc,Annual,"BISE MULTAN",Pre-Engineering,,104,200,,37,50,,38,50,,128,200,,72,200,,142,200,0,,0,0,,Annual,,0,0,,0,0,,0,0,,0,0,,,,,,,0,0,No
26518,26,"BS Secondary Education","Application Fee Received",414.000,1,0,Bahawalpur,NA,"Display In Provisional Merit List",male,1996-05-05,Islam,B+,Pakistani,No,0,Punjab,12000,Farmer,Bahawalpur,Father,,,,,,,,,,,,,0,,0,,0,,0,,,51826,0.00,2018-01-18,,"2018-01-18 09:50:21",2015,707201,429,1100,Matric/SSC,Annual,"BISE Multan",Humanities,2017,271776,419,1100,FA,Annual,"BISE Multan",Humanities,,79,200,,67,200,,33,50,,73,200,,17,50,,66,200,0,,0,0,,Annual,,0,0,,0,0,,0,0,,0,0,,,,,,,0,0,No
26505,26,"BS Secondary Education","Challan Printed",492.000,1,1,OPEN,NA,NA,female,1995-10-15,Islam,AB+,PAKISTANI,No,0,Punjab,20000,ZARAT,BAHAWALPUR,FATHER,Yes,No,No,No,No,No,No,No,No,No,No,No,0,,0,,0,,0,,0,50526,0.00,2018-01-17,,,2012,227259,517,1050,Matric/SSC,Annual,"BISE MULTAN",Humanities,2014,775484,512,1100,FA,Annual,"BISE MULTAN",Humanities,,68,200,,85,200,,0,0,,0,0,,0,0,,0,0,0,,0,0,,Annual,,0,0,,0,0,,0,0,,0,0,,,,,,,0,0,No
26572,26,"BS Secondary Education","Application Fee Received",596.000,1,1,OPEN,"Display In Provisional Merit List",NA,male,2000-11-01,Islam,O-,Pakistani,No,0,Punjab,15000,Farmer,Lodhran,Father,Yes,No,No,No,No,No,No,No,No,No,No,No,0,NAT,45,H1715-130028,100,,0,,0,57226,0.00,2018-01-22,,"2018-01-22 01:17:07",2015,624192,585,1100,Matric/SSC,Annual,"BISE Multan",Science,2017,240471,601,1100,ICS,Annual,"BISE Multan",Humanities,,94,200,,105,200,,117,200,,72,200,,0,0,,0,0,0,,0,0,,Annual,,0,0,,0,0,,0,0,,0,0,,,,,,,1,0,No
26444,26,"BS Secondary Education","Challan Printed",515.000,1,1,Bahawalpur,NA,NA,male,2000-01-01,Islam,B-,Pakistni,No,0,Punjab,12000,"Sale Man",Bahwalpur,Abu,Yes,No,No,No,No,No,No,No,No,No,No,No,0,,0,,0,,0,,0,44426,0.00,2018-01-11,,,2015,841782,459,1100,Matric/SSC,Annual,"Bise bwp",Science,2017,311029,520,1100,FA,Annual,"Bise bwp",Humanities,,55,200,,26,50,,22,50,,69,200,,112,200,,0,0,0,,0,0,,Annual,,0,0,,0,0,,0,0,,0,0,,,,,,,0,0,No
26556,26,"BS Secondary Education","Application Fee Received",467.000,1,0,OPEN,NA,NA,male,1996-01-01,Islam,B+,PAKISTANI,No,0,Punjab,30000,FARMAR,LODHRAN,FATHER,,,,,,,,,,,,,0,,0,,0,,0,,,55626,0.00,2018-01-22,,"2018-01-22 03:07:19",2012,101917,471,1050,Matric/SSC,Annual,"BISE MULTAN",Science,2014,271963,487,1100,FA,Annual,"BISE MULTAN",Humanities,,88,200,,81,200,,28,50,,90,200,,37,50,,0,0,0,,0,0,,Annual,,0,0,,0,0,,0,0,,0,0,,,,,,,0,0,No
26429,26,"BS Secondary Education","Application Fee Received",664.000,1,1,OPEN,NA,NA,male,1986-07-29,Islam,O+,"Pakistani ",No,0,Punjab,40000,Farmer,Lodhran,Brother,,,,,,,,,,,,,0,,0,,0,,0,,,42926,0.00,2018-01-10,,"2018-01-11 05:07:44",2004,7488,527,850,Matric/SSC,Annual,"BISE MULTAN",Humanities,2016,272718,674,1100,FA,Annual,"BISE Multan",Humanities,,59,200,,149,200,,47,50,,38,50,,132,200,,0,0,0,,0,0,,Annual,,0,0,,0,0,,0,0,,0,0,,,,,,,0,0,No
26578,26,"BS Secondary Education","Admission Fee Challan Received",626.000,1,1,OPEN,"Display In First Merit List",NA,male,1998-06-09,Islam,B+,PAKISTANI,No,0,Punjab,20000,FARMAR,LODHRAN,FATHER,,,,,,,,,,,,,0,,0,,0,,0,,,57826,0.00,2018-01-22,,"2018-01-22 03:21:46",2013,120320,644,1050,Matric/SSC,Annual,"BISE MULTAN",Science,2016,272219,636,1100,FA,Annual,"BISE MULTAN",Humanities,,126,200,,104,200,,87,200,,128,200,,44,50,,105,200,0,,0,0,,Annual,,0,0,,0,0,,0,0,,0,0,,,,,,,1,0,Yes
26496,26,"BS Secondary Education","Application Fee Received",578.000,1,1,OPEN,"Display In Second Merit List",NA,female,1996-05-10,Islam,B+,Pakistani,No,0,Punjab,10000,Farmer,Lodhran,Brother,Yes,Yes,No,No,No,No,No,No,No,No,No,No,0,NAT,48," H1715-130237",100,,0,,0,49626,0.00,2018-01-17,,"2018-01-17 09:54:07",2012,102034,541,1050,Matric/SSC,Annual,"Bise Multan",Science,2017,271982,583,1100,FA,Annual,"BISE Multan",Humanities,,66,200,,43,50,,30,50,,79,200,,79,200,,42,200,0,,0,0,,Annual,,0,0,,0,0,,0,0,,0,0,,,,,,,1,0,Yes
26551,26,"BS Secondary Education","Challan Printed",521.000,1,1,OPEN,NA,NA,male,1995-02-02,Islam,AB+,Pakistani,No,0,Punjab,10000,"Labour ",Lodhran,"Father ",,,,,,,,,,,,,0,,0,,0,,0,,,55126,0.00,2018-01-22,,,2013,120385,666,1050,Matric/SSC,Annual,"Multan board ",Science,2016,272981,531,1100,ICS,Annual,"Multan  board ",Humanities,,80,200,,102,200,,103,200,,8,200,,0,0,,0,0,0,,0,0,,Annual,,0,0,,0,0,,0,0,,0,0,,,,,,,0,0,No
26571,26,"BS Secondary Education","Application Fee Received",496.000,1,1,OPEN,NA,NA,male,1998-12-06,Islam,B+,PAKISTANI,No,0,Punjab,25000,"Private Employee",Lodhran,"BROTHER ",No,No,No,No,No,No,No,No,No,No,No,No,0,NAT,48,L1715-120197,100,,0,,0,57126,0.00,2018-01-22,,"2018-01-22 02:59:20",2014,135199,661,1050,Matric/SSC,Annual,"BISE MULTAN",Science,2017,100140,501,1100,FSc,Annual,"BISE MULTAN",Pre-Medical,,121,200,,99,200,,39,50,,70,200,,34,50,,91,200,0,,0,0,,Annual,,0,0,,0,0,,0,0,,0,0,,,,,,,0,0,No
26469,26,"BS Secondary Education","Challan Printed",475.000,1,0,OPEN,NA,NA,male,1999-08-06,Islam,O+,pakistani,No,0,Punjab,30000,farmer,Bahawalpur,father,No,No,No,No,No,No,No,No,No,No,No,No,0,,0,,0,,0,,0,46926,0.00,2018-01-15,,,2015,841167,718,1100,Matric/SSC,Annual,"BISE Bahawalpur",Science,2017,311724,480,1100,FSc,Annual,"BISE Bahawalpur",Pre-Engineering,,82,200,,90,200,,66,200,,87,200,,36,50,,24,50,0,,0,0,,Annual,,0,0,,0,0,,0,0,,0,0,,,,,,,0,0,No
26472,26,"BS Secondary Education","Application Fee Received",632.000,1,1,OPEN,"Display In Provisional Merit List",NA,male,1998-08-14,Islam,B+,Pakistani,No,0,Punjab,10000,Farmer,Lodhran,Father,,,,,,,,,,,,,0,,0,,0,,0,,,47226,0.00,2018-01-15,,"2018-01-15 10:42:21",2014,128667,738,1100,Matric/SSC,Annual,"BISE Multan",Science,2017,272066,637,1100,FA,Annual,"BISE Multan",Humanities,,95,200,,34,50,,129,200,,45,50,,0,0,,64,200,0,,0,0,,Annual,,0,0,,0,0,,0,0,,0,0,,,,,,,1,0,No
26470,26,"BS Secondary Education","Challan Printed",486.000,1,0,OPEN,NA,NA,male,2000-08-19,Islam,B+,Pakistani,No,0,Punjab,30000,Farmer,Lodhran,Father,,,,,,,,,,,,,0,,0,,0,,0,,,47026,0.00,2018-01-15,,,2015,841388,588,1100,Matric/SSC,Annual,"BISE BAHAWALPUR",Science,2017,310931,491,1100,FA,Annual,"BISE BAHAWALPUR",Humanities,,62,200,,92,200,,133,200,,65,200,,19,50,,27,50,0,,0,0,,Annual,,0,0,,0,0,,0,0,,0,0,,,,,,,0,0,No
26408,26,"BS Secondary Education","Challan Printed",588.000,1,1,OPEN,NA,NA,male,1999-05-23,Islam,B+,Pakistani,Yes,0,Punjab,15000,Farmer,Bahwaalpur,Father,Yes,No,No,No,No,No,No,No,No,No,No,No,0,NAT,53,"  F1715-130076",100,,0,,0,40826,0.00,2018-01-01,,,2015,624320,619,1100,Matric/SSC,Annual,"BISE Multan",Science,2017,776575,573,1100,FA,Annual,"BISE Multan",Humanities,,0,0,,0,0,,0,0,,0,0,,0,0,,0,0,0,,0,0,,Annual,,0,0,,0,0,,0,0,,0,0,,,,,,,0,0,No
26471,26,"BS Secondary Education","Admission Fee Challan Received",574.000,1,1,OPEN,"Display In Second Merit List",NA,male,1997-04-07,Islam,O-,Pakistani,No,0,Punjab,15000,Farmer,Lodhran,Father,Yes,No,No,No,No,No,No,No,No,No,No,No,0,,0,,0,,0,,0,47126,0.00,2018-01-15,,,2012,202953,503,1050,Matric/SSC,Annual,"BISE Multan",Humanities,2017,170717,579,1100,FA,Annual,"BISE Multan",Humanities,,109,200,,116,200,,65,200,,0,0,,0,0,,0,0,0,,0,0,,Annual,,0,0,,0,0,,0,0,,0,0,,,,,,,1,0,Yes
26576,26,"BS Secondary Education","Admission Fee Challan Received",601.000,1,1,OPEN,"Display In Second Merit List",NA,male,1996-07-06,Islam,,"Pakistani ",No,0,Punjab,20000,"Agriculture ","JALALPUR ","FATHER ",No,No,No,No,No,No,No,No,No,No,No,No,0,NAT,47,H1715-140474,100,,0,,0,57626,0.00,2018-01-22,,"2018-01-22 01:24:05",2014,128250,594,1100,Matric/SSC,Annual,"BISE MULTAN ",Science,2017,274076,606,1100,ICS,Annual,"BISE MULTAN ",Humanities,,0,0,,0,0,,0,0,,0,0,,0,0,,0,0,0,,0,0,,Annual,,0,0,,0,0,,0,0,,0,0,,,,,,,1,0,Yes
26451,26,"BS Secondary Education","Challan Printed",687.000,1,1,OPEN,NA,NA,male,2000-06-20,Islam,B-,Pakistani,No,0,Punjab,50000,Marketing,Multan,Father,No,No,No,No,No,No,No,No,No,No,No,No,0,,0,,0,,0,,0,45126,0.00,2018-01-12,,,2015,05963,609,1100,Matric/SSC,Annual,"Aga Khan University Examination Board",Science,2017,761716,692,1100,ICOM,Annual,"BISE Multan",Humanities,,107,200,,103,150,,26,50,,48,100,,123,150,,41,50,0,,0,0,,Annual,,0,0,,0,0,,0,0,,0,0,,,,,,,0,0,No
26403,26,"BS Secondary Education","Application Received",874.000,1,1,OPEN,NA,NA,male,1998-10-21,Islam,O+,Pakistani,No,0,Punjab,40000,Teacher,Pakpattan,Father,Yes,Yes,No,No,No,No,No,No,No,No,No,No,0,,18,,0,ECAT,18,300272,400,40326,0.00,2017-12-29,,,2015,117053,849,1100,Matric/SSC,Annual,"Bise  sahiwal",Science,2017,310125,879,1100,FSc,Annual,"Bise sahiwal",Pre-Engineering,,176,200,,134,200,,159,200,,163,200,,45,50,,41,50,0,,0,0,,Annual,,0,0,,0,0,,0,0,,0,0,,,,,,,0,0,No
26457,26,"BS Secondary Education","Application Fee Received",618.000,1,1,OPEN,"Display In Provisional Merit List",NA,male,1996-08-05,Islam,AB+,pakistani,Yes,0,Punjab,30000,TEACHER,CHICHAWATNI,FATHER,Yes,Yes,No,No,No,No,No,No,No,No,No,No,0,NAT,34,G1764-110077,100,,0,,0,45726,0.00,2018-01-13,,"2018-01-22 07:34:33",2015,125461,693,1100,Matric/SSC,Annual,"BISE SAHIWAL",Science,2017,312851,603,1100,FSc,Annual,"BISE SAHIWAL",Pre-Engineering,,95,200,,40,50,,96,200,,121,200,,104,200,,33,50,0,,0,0,,Annual,,0,0,,0,0,,0,0,,0,0,,,,,,,0,0,No
26479,26,"BS Secondary Education","Application Received",513.000,1,1,OPEN,NA,NA,male,1995-03-31,Islam,O+,pakistan,No,0,Punjab,82000,"government employ",bahawalpur,father,No,No,No,No,No,No,No,No,No,No,No,No,0,NAT,40,G-1715-120101,100,,0,,0,47926,0.00,2018-01-15,,,2014,242817,535,1100,Matric/SSC,Annual,bahawalpur,Science,2017,910764,518,1100,FSc,Annual,bahawalpur,Pre-Medical,,0,0,,0,0,,0,0,,0,0,,0,0,,0,0,0,,0,0,,Annual,,0,0,,0,0,,0,0,,0,0,,,,,,,0,0,No
26542,26,"BS Secondary Education","Admission Fee Challan Received",529.000,1,1,OPEN,"Display In Second Merit List",NA,male,1997-09-16,Islam,,Pakistani,No,0,Punjab,15000,"Govt Servent",Mailsi,Father,Yes,No,No,No,No,No,No,No,No,No,No,No,0,NAT,44,130004,100,,0,,0,54226,0.00,2018-01-20,,"2018-01-22 08:54:31",2013,126421,571,1100,Matric/SSC,Annual,"BISE Multan",Science,2016,273936,539,1100,FA,Annual,"BISE Multan",Humanities,,84,200,,30,50,,25,50,,80,200,,118,200,,0,0,0,,0,0,,Annual,,0,0,,0,0,,0,0,,0,0,,,,,,,1,0,Yes
26399,26,"BS Secondary Education","Admission Fee Challan Received",779.000,1,1,OPEN,"Display In First Merit List",NA,male,1999-07-11,Islam,B+,Pakistani,Yes,0,Punjab,15000,Farmer,Mailsi,Father,Yes,No,No,No,No,No,No,No,No,No,No,No,0,NAT,54,"  F1715-130038",100,,0,,0,39926,0.00,2017-12-27,,"2017-12-27 11:12:10",2015,711905,758,1100,Matric/SSC,Annual,"BISE Multan",Humanities,2017,626573,764,1100,FA,Annual,"BISE Bahawalpur",Humanities,,104,200,,155,200,,151,200,,34,50,,150,200,,0,0,0,,0,0,,Annual,,0,0,,0,0,,0,0,,0,0,,,,,,,1,0,Yes
26508,26,"BS Secondary Education","Application Fee Received",604.000,1,1,OPEN,NA,NA,male,1994-04-10,Islam,B+,Pakistani,No,0,Punjab,10000,Teacher,Mailsi,FATHER,Yes,Yes,No,No,No,No,No,No,No,No,No,No,0,,0,,0,,0,,0,50826,0.00,2018-01-17,,,2012,237317,603,1050,Matric/SSC,Annual,"Bise Multan",Humanities,2016,273994,614,1100,FA,Annual,"Bise Multan",Humanities,,74,200,,122,200,,95,200,,43,50,,25,50,,0,0,0,,0,0,,Annual,,0,0,,0,0,,0,0,,0,0,,,,,,,0,0,No
26432,26,"BS Secondary Education","Admission Fee Challan Received",712.000,1,1,OPEN,"Display In First Merit List",NA,male,1999-01-01,Islam,B+,PAKISTANI,No,0,Punjab,15000,"GOVT. SERVANT RETIRED TEACHER",MAILSI,FATHER,Yes,Yes,No,No,No,No,No,No,No,No,No,No,0,NAT,44,1715-130037,100,,0,,0,43226,0.00,2018-01-10,,"2018-01-10 02:42:01",2014,132097,872,1100,Matric/SSC,Annual,"BISE MULTAN",Science,2017,626944,717,1100,FA,Annual,"BISE BWP",Humanities,,131,200,,164,200,,77,200,,0,0,,0,0,,0,0,0,,0,0,,Annual,,0,0,,0,0,,0,0,,0,0,,,,,,,1,0,Yes
26540,26,"BS Secondary Education","Application Fee Received",463.000,1,0,OPEN,NA,NA,male,1998-12-31,Islam,,Pakistani,No,0,Punjab,15000,"Private Job",Mailsi,Father,Yes,No,No,No,No,No,No,No,No,No,No,No,0,NAT,66,621131599,100,,0,,0,54026,0.00,2018-01-20,,"2018-01-22 08:52:41",2013,126579,544,1100,Matric/SSC,Annual,"BISE Multan",Science,2017,170979,468,1100,FA,Annual,"BISE Multan",Humanities,,71,200,,24,50,,37,50,,71,200,,0,0,,0,0,0,,0,0,,Annual,,0,0,,0,0,,0,0,,0,0,,,,,,,0,0,No
26481,26,"BS Secondary Education","Application Fee Received",795.000,1,1,OPEN,"Display In Provisional Merit List",NA,female,2000-10-27,Islam,B+,Pakistani,No,0,Sind,10,Welding,Ghotki,FATHER,Yes,Yes,No,No,No,No,No,No,No,No,No,No,0,,0,,0,,0,,0,48126,0.00,2018-01-15,,,2015,138573,856,850,Matric/SSC,Annual,"BOARD OF INTERMEDIATE AND SECONDARY EDUCATION, SUKKUR, SINDH",Science,2017,68901,800,1100,FSc,Annual,"BOARD OF INTERMEDIATE AND SECONDARY EDUCATION, SUKKUR, SINDH",Pre-Medical,,126,200,,39,50,,138,200,,148,200,,38,50,,162,200,0,,0,0,,Annual,,0,0,,0,0,,0,0,,0,0,,,,,,,0,0,No
26640,26,"BS Secondary Education","Admission Fee Challan Received",730.000,1,1,OPEN,NA,NA,male,2000-01-15,Islam,,Pakistani,No,0,Baluchistan,20000,Farmer,Kech.,Naseer,Yes,Yes,No,Yes,No,No,No,No,No,No,No,No,0,,0,,0,,0,,0,64026,0.00,2018-02-26,,,2016,628067,811,1050,Matric/SSC,Annual,"BISE Quetta",Science,2017,120619,735,1100,FSc,Annual,"BISE Quetta",Pre-Medical,,136,200,,84,200,,100,200,,79,200,,0,0,,0,0,0,,0,0,,Annual,,0,0,,0,0,,0,0,,0,0,,,,,,,1,0,No
26424,26,"BS Secondary Education","Admission Fee Challan Received",633.000,1,1,OPEN,"Display In First Merit List",NA,male,1999-07-20,Islam,O+,Pakisatani,No,0,Baluchistan,30000,Techer,Kohlu,Fater,Yes,Yes,No,No,No,No,No,No,No,No,No,No,0,NAT,45,H1715-140283,100,,0,,0,42426,0.00,2018-01-08,,,2015,120831,595,1050,Matric/SSC,Annual,"FBISE Islamabad",Science,2017,180003,638,1100,ICS,Annual,"BISE Quetta",Humanities,,134,200,,170,200,,150,200,,0,0,,0,0,,0,0,0,,0,0,,Annual,,0,0,,0,0,,0,0,,0,0,,,,,,,1,0,Yes
26564,26,"BS Secondary Education","Application Fee Received",591.000,1,1,OPEN,"Display In Provisional Merit List",NA,male,1999-10-05,Islam,,Pakistan,No,0,Baluchistan,40000,Teacher,Sabi,Father,Yes,Yes,No,Yes,No,No,No,No,No,No,No,No,0,,0,,0,,0,,0,56426,0.00,2018-01-22,,"2018-01-22 10:47:43",2014,892584,617,1100,Matric/SSC,Annual,"B.I.S.E Rawalpindi",Science,2016,354681,601,1100,FSc,Annual,"B.I.S.E Quetta",Pre-Engineering,,121,200,,84,200,,73,200,,85,200,,37,50,,28,50,0,,0,0,,Annual,,0,0,,0,0,,0,0,,0,0,,,,,,,0,0,No
26416,26,"BS Secondary Education","Challan Printed",672.000,1,1,OPEN,NA,NA,male,1998-09-05,Islam,,Pakistani,No,0,Baluchistan,50000,Teacher,Barkhan,Father,Yes,Yes,No,Yes,No,No,No,No,No,No,No,No,0,NAT,49,H1761-120003,100,,0,,0,41626,0.00,2018-01-06,,,2014,211260,861,1100,Matric/SSC,Annual,"Bise Dgkhan",Science,2016,170267,682,1100,FSc,Annual,"BBise Quetta",Pre-Medical,,0,0,,0,0,,0,0,,0,0,,0,0,,0,0,0,,0,0,,Annual,,0,0,,0,0,,0,0,,0,0,,,,,,,0,0,No
26450,26,"BS Secondary Education","Admission Fee Challan Received",687.000,1,1,OPEN,"Display In First Merit List",NA,female,1998-04-04,Islam,O+,Pakistani,No,0,Baluchistan,8000,"FC retired",loralai,father,Yes,Yes,No,Yes,No,No,No,No,No,No,No,No,0,,0,,0,,0,,0,45026,0.00,2018-01-12,,"2018-01-15 09:30:53",2015,28768,687,1050,Matric/SSC,Annual,"BISE Quetta",Science,2017,173039,692,1100,FSc,Annual,"BISE Quetta",Pre-Medical,,134,200,,140,200,,96,200,,36,50,,100,200,,0,0,0,,0,0,,Annual,,0,0,,0,0,,0,0,,0,0,,,,,,,1,0,Yes
26638,26,"BS Secondary Education","Admission Fee Challan Received",530.000,1,1,OPEN,NA,NA,male,1998-12-05,Islam,,Pakistani,No,0,Gilgit-Baltistan,20000,Farmer,Ghanche,Father,Yes,Yes,No,No,No,Yes,No,No,No,No,No,No,0,,0,,0,,0,,0,63826,0.00,2018-02-12,,,2013,130022,584,1050,Matric/SSC,Annual,"BISE Islamabad.",Science,2017,604585,535,1100,FSc,Annual,"BISE Islamabad.",Pre-Medical,,105,200,,76,200,,107,200,,97,200,,0,0,,0,0,0,,0,0,,Annual,,0,0,,0,0,,0,0,,0,0,,,,,,,1,0,No
