Application Status,Merit Score,Domicile,Gender,Province,Admission Test,Admission Test 2,SSC,Terminal Degree,Optional Subject 1,Optional Subject 2,Optional Subject 3,Optional Subject 4,Optional Subject 5,Document Verified,English Marks,Offered
Application Received,908.813,OPEN,male,Baluchistan,0,0,594,702,0,0,0,0,0,0,0,No
Application Received,1210,OPEN,male,FATA,100,100,1048,1100,200,200,200,200,200,0,0,No
Application Fee Received,947.545,OPEN,male,Khyber Pakhtunkhwa,65,65,702,867,0,0,0,0,0,0,0,No
Challan Printed,665,OPEN,male,FATA,0,0,867,675,0,0,0,0,0,0,0,No
Admission Fee Challan Received,846,OPEN,male,FATA,0,0,838,801,139,141,34,152,38,1,0,No
Challan Printed,945,Bahawalpur,female,Punjab,49,0,857,906,155,177,0,178,0,0,0,No
Application Fee Received,1062.273,Bahawalpur,female,Punjab,80,80,966,992,176,182,184,0,192,0,0,No
Challan Printed,867,Bahawalpur,female,Punjab,51,0,850,821,136,144,141,144,44,0,0,No
Application Fee Received,719,Bahawalpur,male,Punjab,52,0,672,672,127,107,143,85,45,0,0,No
Application Fee Received,1032.636,Bahawalpur,female,Punjab,71,71,867,966,156,184,184,184,0,0,0,No
Application Fee Received,991.364,Bahawalpur,female,Punjab,78,78,881,923,0,0,0,0,0,0,0,No
Application Fee Received,1058.545,Bahawalpur,female,Punjab,86,86,890,957,173,180,177,0,0,0,0,No
Application Fee Received,763,Bahawalpur,male,Punjab,39,0,739,729,124,133,133,125,0,0,0,No
Challan Printed,1059.364,Bahawalpur,male,Punjab,87,87,932,962,173,42,48,184,179,0,0,No
Application Fee Received,1005,Bahawalpur,female,Punjab,68,0,962,942,172,171,179,181,43,1,0,No
Application Fee Received,780,Bahawalpur,female,Punjab,50,0,737,735,138,106,126,140,0,0,0,No
Application Fee Received,991,Bahawalpur,female,Punjab,54,0,974,942,168,169,180,0,177,0,0,No
Application Fee Received,863,Bahawalpur,male,Punjab,50,41,763,818,131,148,164,157,42,0,0,No
Application Fee Received,1008,Bahawalpur,female,Punjab,58,0,946,955,176,185,179,177,0,1,0,No
Application Fee Received,1012,Bahawalpur,female,Punjab,56,0,955,961,184,179,176,46,170,1,0,No
Application Fee Received,978,Bahawalpur,male,Punjab,55,0,946,928,172,47,173,46,162,0,0,No
Application Fee Received,954,Bahawalpur,female,Punjab,56,0,817,903,169,45,165,46,163,0,0,No
Challan Printed,834,Bahawalpur,female,Punjab,54,0,943,785,140,148,94,152,45,0,0,No
Application Fee Received,977,Bahawalpur,female,Punjab,66,0,944,896,173,163,158,158,44,0,0,No
Application Fee Received,979,Bahawalpur,female,Punjab,56,0,921,928,167,167,172,168,0,0,0,No
Challan Printed,1010,Bahawalpur,female,Punjab,52,0,927,968,183,177,170,47,189,0,0,No
Challan Printed,779,Bahawalpur,female,Punjab,50,0,697,734,0,0,0,0,0,0,0,No
Application Fee Received,944,Bahawalpur,female,Punjab,50,42,886,899,148,176,148,177,48,0,0,No
Application Fee Received,1009,Bahawalpur,female,Punjab,68,63,938,946,159,185,173,174,0,1,0,No
Challan Printed,765,Bahawalpur,male,Punjab,50,0,707,720,105,112,147,43,145,0,0,No
Application Fee Received,799,Bahawalpur,female,Punjab,53,0,777,751,146,137,43,137,41,0,0,No
Application Fee Received,790,Bahawalpur,male,Punjab,38,0,657,757,126,114,127,78,166,0,0,No
Admission Fee Challan Received,1013.364,Bahawalpur,female,Punjab,73,73,839,945,167,179,43,171,45,1,0,Yes
Application Fee Received,996.364,Bahawalpur,female,Punjab,79,79,972,922,194,157,160,49,160,0,0,No
Challan Printed,1061,Bahawalpur,female,Punjab,75,0,938,996,189,46,190,175,193,0,0,No
Application Fee Received,964,Bahawalpur,male,Punjab,63,0,916,906,171,158,174,153,0,0,0,No
Application Fee Received,1038,Bahawalpur,female,Punjab,61,0,930,982,172,187,177,45,48,1,0,Yes
Admission Fee Challan Received,1021.091,Bahawalpur,female,Punjab,78,78,816,948,178,176,170,48,173,1,0,Yes
Application Fee Received,962,Bahawalpur,male,Punjab,58,0,921,909,167,169,39,171,43,0,0,No
Application Fee Received,1023,Bahawalpur,male,Punjab,67,57,845,961,174,182,174,174,47,0,0,No
Application Fee Received,956,Bahawalpur,female,Punjab,51,32,893,910,154,171,162,173,44,0,0,No
Challan Printed,843,Bahawalpur,male,Punjab,43,0,889,805,0,0,0,0,0,0,0,No
Application Fee Received,896,Bahawalpur,male,Punjab,44,0,846,857,177,0,0,0,0,0,0,No
Challan Printed,685,Bahawalpur,female,Punjab,37,0,783,653,123,85,127,0,81,0,0,No
Challan Printed,983,Bahawalpur,male,Punjab,66,0,861,922,177,155,154,181,46,0,0,No
Application Fee Received,870,Bahawalpur,female,Punjab,63,0,801,812,160,136,39,139,47,0,0,No
Application Fee Received,808,Bahawalpur,female,Punjab,50,0,831,763,133,147,119,0,114,0,0,No
Application Fee Received,953,Bahawalpur,female,Punjab,62,0,920,896,164,47,159,179,164,0,0,No
Application Fee Received,1038,Bahawalpur,female,Punjab,79,79,966,969,181,160,190,188,0,1,0,Yes
Application Fee Received,834,Bahawalpur,female,Punjab,54,0,943,785,94,148,140,152,45,0,0,No
Challan Printed,609,Bahawalpur,male,Punjab,53,0,557,561,117,27,35,103,96,0,0,No
Application Fee Received,1022,Bahawalpur,female,Punjab,53,0,955,974,163,193,176,188,45,0,0,No
Challan Printed,669,Bahawalpur,female,Punjab,44,0,826,630,113,0,149,0,95,0,0,No
Application Received,930,Bahawalpur,male,Punjab,58,58,927,877,0,0,0,0,0,0,0,No
Application Fee Received,726,Bahawalpur,male,Punjab,62,0,794,674,166,106,118,0,41,0,0,No
Application Fee Received,952,Bahawalpur,female,Punjab,52,0,808,905,168,150,144,181,48,0,0,No
Application Fee Received,954,Bahawalpur,female,Punjab,56,0,817,903,169,46,45,160,165,0,0,No
Application Fee Received,935,Bahawalpur,female,Punjab,52,0,921,888,153,163,153,161,48,0,0,No
Application Fee Received,871,Bahawalpur,female,Punjab,50,0,827,826,128,42,43,152,159,0,0,No
Application Fee Received,825,Bahawalpur,female,Punjab,46,0,723,784,144,40,45,144,138,0,0,No
Application Fee Received,968,Bahawalpur,male,Punjab,73,0,860,900,171,167,145,0,182,0,0,No
Application Fee Received,931.182,Bahawalpur,male,Punjab,54,54,880,882,186,173,148,47,136,0,0,No
Application Fee Received,878,Bahawalpur,female,Punjab,51,0,857,832,168,154,125,150,0,0,0,No
Application Fee Received,930,Bahawalpur,female,Punjab,61,0,853,874,180,47,47,153,132,0,0,No
Application Fee Received,827.273,Bahawalpur,female,Punjab,47,47,847,785,111,44,41,139,171,0,0,No
Application Fee Received,968.364,Bahawalpur,female,Punjab,62,62,865,911,159,186,161,146,46,0,0,No
Admission Fee Challan Received,1035,Bahawalpur,female,Punjab,82,0,937,958,163,192,193,165,47,1,0,Yes
Application Fee Received,916,Bahawalpur,female,Punjab,54,0,784,867,145,137,162,178,0,0,0,No
Application Fee Received,828,Bahawalpur,female,Punjab,56,0,904,777,153,140,121,145,0,0,0,No
Application Fee Received,648,Bahawalpur,male,Punjab,52,0,743,601,92,101,85,41,96,0,0,No
Application Fee Received,974,Bahawalpur,female,Punjab,63,0,834,916,170,38,148,190,173,0,0,No
Application Fee Received,1001,Bahawalpur,female,Punjab,64,0,845,942,181,160,180,45,176,0,0,No
Application Fee Received,1090.909,Bahawalpur,female,Punjab,83,83,886,992,166,179,195,179,45,1,0,Yes
Application Fee Received,894,Bahawalpur,female,Punjab,52,0,831,847,147,156,162,155,43,0,0,No
Application Fee Received,922,Bahawalpur,female,Punjab,58,0,877,869,166,159,171,45,146,0,0,No
Admission Fee Challan Received,1064.727,Bahawalpur,female,Punjab,78,78,939,991,190,170,193,50,188,1,0,Yes
Application Fee Received,837,Bahawalpur,female,Punjab,53,0,876,789,160,43,43,139,127,0,0,No
Application Fee Received,1024,Bahawalpur,female,Punjab,69,0,966,960,181,177,182,44,176,0,0,No
Challan Printed,851,Bahawalpur,male,Punjab,52,0,866,804,134,150,148,44,136,0,0,No
Application Fee Received,910,Bahawalpur,female,Punjab,51,0,882,864,139,152,162,181,47,0,0,No
Challan Printed,856,Bahawalpur,female,Punjab,41,41,949,820,163,158,127,46,153,0,0,No
Application Fee Received,829,Bahawalpur,male,Punjab,54,0,894,785,155,131,150,38,154,0,0,No
Application Fee Received,925,Bahawalpur,female,Punjab,65,0,861,865,164,149,153,0,0,0,0,No
Challan Printed,757,Bahawalpur,male,Punjab,51,0,881,711,143,128,137,0,112,0,0,No
Application Received,978,Bahawalpur,female,Punjab,63,63,852,920,172,152,46,49,175,0,0,No
Application Fee Received,874,Bahawalpur,male,Punjab,57,0,871,822,113,161,44,155,43,0,0,No
Application Received,1034.909,Bahawalpur,female,Punjab,69,69,807,950,176,179,178,0,0,0,0,No
Application Fee Received,991.909,Bahawalpur,female,Punjab,64,64,893,932,184,151,167,0,180,0,0,No
Application Fee Received,878,Bahawalpur,female,Punjab,50,0,786,833,146,48,42,142,153,0,0,No
Application Fee Received,899.545,Bahawalpur,female,Punjab,66,66,829,838,0,0,0,0,0,0,0,No
Application Fee Received,821,Bahawalpur,female,Punjab,51,0,852,775,159,41,45,132,136,0,0,No
Application Fee Received,811,Bahawalpur,female,Punjab,47,0,892,769,154,47,46,122,119,0,0,No
Application Fee Received,800,Bahawalpur,female,Punjab,59,0,751,746,144,125,123,0,0,0,0,No
Challan Printed,976.091,Bahawalpur,male,Punjab,56,56,954,925,159,48,162,184,174,0,0,No
Application Fee Received,574,Bahawalpur,male,Punjab,40,0,746,539,123,73,81,0,0,0,0,No
Application Fee Received,1012,Bahawalpur,female,Punjab,58,0,864,959,0,0,0,0,0,1,0,Yes
Application Fee Received,947,Bahawalpur,female,Punjab,53,0,814,899,170,170,162,0,0,0,0,No
Application Fee Received,850,Bahawalpur,female,Punjab,53,0,731,802,169,124,141,135,0,0,0,No
Admission Fee Challan Received,1035.727,Bahawalpur,male,Punjab,72,72,894,973,182,194,180,0,0,1,0,Yes
Admission Fee Challan Received,1018,Bahawalpur,female,Punjab,62,0,913,961,166,185,177,0,0,1,0,Yes
Application Fee Received,965.091,Bahawalpur,female,Punjab,56,56,939,914,173,163,176,0,0,0,0,No
Application Received,990,Bahawalpur,male,Punjab,63,63,877,932,164,181,172,178,46,0,0,No
Application Fee Received,942,Bahawalpur,male,Punjab,60,0,923,887,180,46,130,175,153,0,0,No
Application Fee Received,1068.545,Bahawalpur,female,Punjab,72,72,913,1001,192,48,183,191,188,0,0,No
Application Fee Received,782,Bahawalpur,male,Punjab,60,0,836,727,115,42,123,141,141,0,0,No
Application Fee Received,795,Bahawalpur,female,Punjab,40,0,862,760,146,119,136,136,0,0,0,No
Challan Printed,964,Bahawalpur,female,Punjab,66,0,885,903,0,0,0,0,0,0,0,No
Application Fee Received,884,Bahawalpur,female,Punjab,54,0,930,835,143,154,145,43,165,0,0,No
Challan Printed,983,Bahawalpur,male,Punjab,48,0,705,940,161,173,175,182,0,0,0,No
Application Fee Received,1003.273,Bahawalpur,male,Punjab,55,55,960,933,187,158,179,45,161,0,0,No
Application Fee Received,905,Bahawalpur,male,Punjab,52,0,772,858,160,149,160,45,162,0,0,No
Application Fee Received,1068.273,Bahawalpur,female,Punjab,84,84,970,989,175,189,190,183,0,0,0,No
Application Fee Received,946,Bahawalpur,male,Punjab,48,0,816,903,175,150,168,45,175,0,0,No
Application Fee Received,908,Bahawalpur,female,Punjab,59,0,809,854,0,0,0,0,0,0,0,No
Application Fee Received,1032.273,Bahawalpur,male,Punjab,70,70,924,952,172,182,173,176,0,0,0,No
Application Fee Received,924,Bahawalpur,male,Punjab,37,0,864,892,160,175,158,163,46,0,0,No
Application Fee Received,1008.818,Bahawalpur,female,Punjab,55,55,907,958,186,186,151,45,47,0,0,No
Application Fee Received,922,Bahawalpur,female,Punjab,48,0,853,879,142,171,154,0,167,0,0,No
Application Fee Received,999,Bahawalpur,female,Punjab,71,0,895,933,183,166,177,0,0,0,0,No
Application Fee Received,1018.909,Bahawalpur,female,Punjab,73,73,963,950,166,171,179,179,50,1,0,Yes
Application Fee Received,962,Bahawalpur,male,Punjab,53,0,957,914,170,164,160,45,164,0,0,No
Application Fee Received,1002,Bahawalpur,male,Punjab,68,0,870,939,169,178,176,47,166,0,0,No
Application Fee Received,1007.727,Bahawalpur,female,Punjab,65,65,927,952,165,47,42,177,175,1,0,No
Application Fee Received,963,Bahawalpur,female,Punjab,57,0,945,911,164,41,42,186,165,0,0,No
Application Fee Received,907,Bahawalpur,female,Punjab,50,0,910,862,153,169,146,156,43,0,0,No
Application Fee Received,1018.727,Bahawalpur,female,Punjab,72,72,912,951,167,181,183,44,177,1,0,Yes
Application Fee Received,835,Bahawalpur,male,Punjab,28,28,637,840,170,156,130,147,44,0,0,No
Application Fee Received,950,Bahawalpur,female,Punjab,48,43,815,907,175,45,146,178,173,0,0,No
Application Received,718,Bahawalpur,female,Punjab,40,0,647,683,105,36,139,108,130,0,0,No
Application Fee Received,944,Bahawalpur,male,Punjab,50,0,813,899,158,170,171,159,46,0,0,No
Application Fee Received,847,Bahawalpur,female,Punjab,52,0,808,800,142,139,132,45,138,0,0,No
Challan Printed,1001,Bahawalpur,female,Punjab,60,0,916,946,174,40,174,181,171,0,0,No
Application Fee Received,927,Bahawalpur,female,Punjab,65,0,892,867,161,124,170,46,172,0,0,No
Admission Fee Challan Received,1038.091,Bahawalpur,female,Punjab,75,75,869,968,161,190,190,48,174,1,0,Yes
Challan Printed,988.273,Bahawalpur,male,Punjab,57,57,688,916,170,156,183,171,48,0,0,No
Application Fee Received,962,Bahawalpur,male,Punjab,47,0,940,900,162,163,179,150,40,0,0,No
Admission Fee Challan Received,1032.818,Bahawalpur,male,Punjab,89,89,880,953,167,48,48,184,173,1,0,Yes
Application Fee Received,915,Bahawalpur,female,Punjab,60,0,853,860,141,37,45,140,157,0,0,No
Challan Printed,850,Bahawalpur,male,Punjab,61,0,838,794,158,127,149,134,0,0,0,No
Application Fee Received,1036,Bahawalpur,female,Punjab,69,0,968,972,177,179,189,183,46,1,0,Yes
Application Fee Received,888,Bahawalpur,female,Punjab,68,0,877,825,138,163,131,152,45,0,0,No
Application Fee Received,949,Bahawalpur,male,Punjab,54,0,744,880,0,0,0,0,0,0,0,No
Application Fee Received,824,Bahawalpur,female,Punjab,59,0,857,770,140,0,0,0,0,0,0,No
Challan Printed,1066.636,Bahawalpur,female,Punjab,86,86,903,970,186,175,181,0,0,0,0,No
Application Fee Received,1016,Bahawalpur,female,Punjab,57,0,918,964,172,49,180,184,175,0,0,No
Application Fee Received,1041.545,Bahawalpur,male,Punjab,88,88,965,948,182,177,179,173,43,1,0,Yes
Application Fee Received,572,Bahawalpur,male,Punjab,32,0,582,545,104,82,83,42,108,0,0,No
Application Fee Received,799,Bahawalpur,male,Punjab,62,0,706,742,120,124,112,168,0,0,0,No
Admission Fee Challan Received,1016.273,Bahawalpur,female,Punjab,74,74,973,947,134,0,0,0,0,1,0,Yes
Application Fee Received,1008,Bahawalpur,male,Punjab,64,0,877,949,185,172,180,42,165,1,0,No
Application Fee Received,944,Bahawalpur,male,Punjab,59,0,792,875,162,43,161,151,156,0,0,No
Challan Printed,853,Bahawalpur,female,Punjab,56,0,738,802,0,0,0,0,0,0,0,No
Application Fee Received,952,Bahawalpur,female,Punjab,54,0,960,903,150,42,44,173,170,0,0,No
Application Fee Received,761,Bahawalpur,female,Punjab,51,0,932,715,130,136,89,42,142,0,0,No
Application Fee Received,1048.545,Bahawalpur,female,Punjab,79,79,885,974,0,0,0,0,0,1,0,Yes
Application Fee Received,989.727,Bahawalpur,female,Punjab,78,78,941,916,166,42,45,162,174,0,0,No
Application Fee Received,865,Bahawalpur,female,Punjab,51,0,860,819,152,147,138,159,44,0,0,No
Application Fee Received,912.636,Bahawalpur,female,Punjab,44,44,800,853,0,0,0,0,0,0,0,No
Application Fee Received,1006,Bahawalpur,female,Punjab,48,0,883,968,184,176,175,0,0,0,0,No
Challan Printed,877,Bahawalpur,female,Punjab,45,0,850,837,180,39,125,172,39,0,0,No
Application Fee Received,941.364,Bahawalpur,female,Punjab,69,69,931,877,153,164,171,166,0,0,0,No
Application Received,591,Bahawalpur,male,Punjab,50,0,583,571,77,88,111,66,35,0,0,No
Admission Fee Challan Received,1024,Bahawalpur,female,Punjab,64,0,926,965,186,43,190,178,180,1,0,Yes
Application Fee Received,1017,Bahawalpur,female,Punjab,70,0,937,952,179,42,186,174,177,1,0,Yes
Application Fee Received,830,Bahawalpur,female,Punjab,51,0,887,784,159,161,136,145,41,0,0,No
Application Fee Received,962.091,Bahawalpur,female,Punjab,76,76,897,896,0,0,0,0,0,0,0,No
Application Fee Received,915,Bahawalpur,female,Punjab,57,0,871,863,155,136,164,165,0,0,0,No
Application Fee Received,952,Bahawalpur,female,Punjab,58,0,833,899,173,145,186,41,167,0,0,No
Application Fee Received,785,Bahawalpur,female,Punjab,44,0,778,746,136,147,119,127,41,0,0,No
Application Fee Received,967,Bahawalpur,female,Punjab,53,0,942,919,141,185,43,165,48,0,0,No
Challan Printed,655,Bahawalpur,female,Punjab,34,0,669,626,102,30,110,38,123,0,0,No
Application Fee Received,801,Bahawalpur,female,Punjab,71,0,924,740,125,173,91,45,110,0,0,No
Application Fee Received,969,Bahawalpur,male,Punjab,62,0,920,912,171,85,176,163,159,0,0,No
Admission Fee Challan Received,1009.727,Bahawalpur,male,Punjab,69,69,882,945,174,155,189,175,90,1,0,Yes
Admission Fee Challan Received,896,Bahawalpur,female,Punjab,68,53,887,833,163,163,150,33,135,1,0,No
Application Fee Received,767,Bahawalpur,male,Punjab,57,0,737,715,162,126,131,108,38,0,0,No
Application Fee Received,781,Bahawalpur,male,Punjab,52,0,837,739,125,43,29,148,122,0,0,No
Application Received,1009.727,Bahawalpur,male,Punjab,61,61,792,953,177,164,188,173,49,0,0,No
Application Fee Received,848,Bahawalpur,male,Punjab,62,0,873,791,140,126,145,171,44,0,0,No
Challan Printed,743,Bahawalpur,male,Punjab,59,0,874,689,140,44,117,124,105,0,0,No
Application Fee Received,936,Bahawalpur,female,Punjab,61,0,896,880,177,31,42,145,177,0,0,No
Application Fee Received,906,Bahawalpur,female,Punjab,56,0,905,855,0,0,0,0,0,0,0,No
Application Fee Received,971,Bahawalpur,male,Punjab,57,0,759,899,161,166,172,153,46,0,0,No
Challan Printed,859.636,Bahawalpur,male,Punjab,57,57,915,807,140,152,167,119,44,0,0,No
Application Fee Received,1005,Bahawalpur,female,Punjab,62,0,955,948,166,179,185,183,43,0,0,No
Application Fee Received,957.636,Bahawalpur,female,Punjab,57,57,956,905,187,151,160,173,0,0,0,No
Admission Fee Challan Received,1064.818,Bahawalpur,female,Punjab,87,87,961,982,174,189,183,46,184,1,0,Yes
Admission Fee Challan Received,1010.182,Bahawalpur,female,Punjab,75,75,888,940,171,181,48,171,45,1,0,Yes
Challan Printed,1014.091,Bahawalpur,female,Punjab,64,64,834,955,179,173,173,189,0,0,0,No
Application Fee Received,895,Bahawalpur,female,Punjab,58,0,749,842,172,161,146,142,0,0,0,No
Application Fee Received,974,Bahawalpur,male,Punjab,62,0,941,922,165,172,172,171,44,0,0,No
Application Fee Received,925,Bahawalpur,female,Punjab,56,0,841,874,159,161,161,159,39,0,0,No
Application Fee Received,1039,Bahawalpur,female,Punjab,78,78,934,966,175,171,186,46,179,0,0,No
Application Fee Received,975.636,Bahawalpur,female,Punjab,59,59,903,921,173,183,168,169,0,0,0,No
Application Fee Received,763,Bahawalpur,male,Punjab,59,0,890,724,151,153,114,30,43,0,0,No
Application Fee Received,980.727,Bahawalpur,female,Punjab,51,51,892,934,172,175,44,172,46,0,0,No
Application Fee Received,830,Bahawalpur,female,Punjab,49,0,907,786,172,121,155,130,38,0,0,No
Application Fee Received,981,OPEN,female,Punjab,71,71,824,920,170,136,175,43,179,0,0,No
Application Fee Received,944,Bahawalpur,female,Punjab,58,0,905,891,147,46,39,170,160,0,0,No
Application Fee Received,834,Bahawalpur,female,Punjab,51,0,760,788,0,0,0,0,0,0,0,No
Challan Printed,982,Bahawalpur,female,Punjab,68,0,855,924,167,177,176,163,0,0,0,No
Application Fee Received,800,Bahawalpur,female,Punjab,45,0,866,760,160,134,131,36,145,0,0,No
Application Fee Received,778,Bahawalpur,female,Punjab,50,0,721,733,140,129,37,161,1,0,0,No
Application Fee Received,795,Bahawalpur,female,Punjab,45,0,821,755,161,142,44,141,41,0,0,No
Admission Fee Challan Received,1034.364,Bahawalpur,female,Punjab,82,82,890,957,172,181,179,43,184,1,0,Yes
Application Fee Received,894,Bahawalpur,male,Punjab,61,0,797,843,0,0,0,0,0,0,0,No
Challan Printed,832,Bahawalpur,male,Punjab,48,0,790,789,145,137,142,153,37,0,0,No
Application Fee Received,1060,Bahawalpur,female,Punjab,82,82,930,983,191,175,184,49,174,0,0,No
Application Fee Received,901,Bahawalpur,female,Punjab,58,0,858,848,0,0,0,0,0,0,0,No
Admission Fee Challan Received,836,Bahawalpur,female,Punjab,46,0,734,775,139,148,44,126,35,1,0,No
Challan Printed,1013.455,Bahawalpur,male,Punjab,88,88,909,930,166,176,175,155,47,0,0,No
Application Fee Received,916,Bahawalpur,male,Punjab,55,0,874,846,176,44,148,45,152,0,0,No
Application Fee Received,976,Bahawalpur,male,Punjab,77,61,771,909,162,169,161,46,177,0,0,No
Application Fee Received,912.182,Bahawalpur,female,Punjab,56,56,840,861,159,145,145,164,45,0,0,No
Application Fee Received,782,Bahawalpur,female,Punjab,60,0,650,727,164,0,0,0,0,0,0,No
Application Fee Received,940,Bahawalpur,female,Punjab,66,64,854,884,163,162,171,0,153,0,0,No
Application Fee Received,876,Bahawalpur,female,Punjab,42,0,862,839,152,171,155,126,0,0,0,No
Application Fee Received,956.364,Bahawalpur,female,Punjab,74,74,722,887,0,0,0,0,0,0,0,No
Application Fee Received,871,Bahawalpur,female,Punjab,52,0,802,824,147,44,129,33,185,0,0,No
Application Fee Received,1029.364,Bahawalpur,male,Punjab,84,84,877,950,169,173,182,172,0,1,0,Yes
Application Fee Received,949,Bahawalpur,female,Punjab,69,0,933,885,160,157,149,160,45,0,0,No
Application Fee Received,879,Bahawalpur,female,Punjab,47,0,806,837,160,150,134,171,42,0,0,No
Application Fee Received,1032,Bahawalpur,male,Punjab,67,0,893,980,0,0,0,0,0,0,0,No
Application Fee Received,863,Bahawalpur,female,Punjab,69,0,856,799,143,0,0,0,0,0,0,No
Application Fee Received,992,Bahawalpur,female,Punjab,64,62,887,938,177,161,169,181,45,0,0,No
Application Fee Received,704,Bahawalpur,male,Punjab,42,0,655,667,111,41,36,104,113,0,0,No
Application Fee Received,990,Bahawalpur,female,Punjab,66,0,882,929,184,168,157,185,44,0,0,No
Application Fee Received,936,Bahawalpur,female,Punjab,52,0,802,889,165,44,42,178,155,0,0,No
Application Fee Received,635,Bahawalpur,male,Punjab,42,0,549,598,91,131,30,120,110,1,0,No
Application Fee Received,804,Bahawalpur,female,Punjab,49,47,724,760,148,123,135,0,152,0,0,No
Challan Printed,986.364,Bahawalpur,female,Punjab,74,74,814,922,168,183,162,173,0,0,0,No
Admission Fee Challan Received,1023,Bahawalpur,female,Punjab,82,0,910,946,185,152,175,46,177,1,0,Yes
Application Fee Received,1023.545,Bahawalpur,female,Punjab,81,81,951,947,180,180,186,40,173,0,0,No
Admission Fee Challan Received,810,Bahawalpur,female,Punjab,71,0,791,744,159,110,43,132,138,1,0,No
Application Fee Received,994.909,Bahawalpur,male,Punjab,74,74,905,925,157,180,167,171,0,0,0,No
Application Fee Received,1051.636,Bahawalpur,female,Punjab,82,82,887,974,166,48,46,187,193,0,0,No
Application Fee Received,776,Bahawalpur,female,Punjab,54,0,878,727,151,131,127,105,0,0,0,No
Application Fee Received,973.636,Bahawalpur,female,Punjab,67,67,958,911,165,175,169,172,0,0,0,No
Application Fee Received,980.182,Bahawalpur,female,Punjab,76,76,875,914,164,169,47,151,45,0,0,No
Application Fee Received,900,Bahawalpur,male,Punjab,60,0,871,845,157,42,43,157,141,0,0,No
Application Fee Received,1024.818,Bahawalpur,male,Punjab,49,49,943,980,186,175,84,47,175,1,0,Yes
Application Fee Received,693,Bahawalpur,male,Punjab,57,0,704,641,121,114,76,44,119,0,0,No
Challan Printed,744,Bahawalpur,male,Punjab,46,0,646,703,140,41,122,130,122,0,0,No
Application Fee Received,936.545,Bahawalpur,female,Punjab,70,70,833,876,167,164,160,47,158,0,0,No
Application Fee Received,1005,Bahawalpur,female,Punjab,63,0,883,947,176,177,179,48,171,0,0,No
Application Fee Received,1014,Bahawalpur,female,Punjab,76,76,885,943,171,173,179,48,164,0,0,No
Application Fee Received,1016.273,Bahawalpur,male,Punjab,83,83,899,938,164,181,184,171,44,1,0,Yes
Application Fee Received,991.364,Bahawalpur,female,Punjab,89,89,813,907,165,163,175,157,47,0,0,No
Application Fee Received,1003,Bahawalpur,female,Punjab,57,0,858,951,177,179,170,178,0,0,0,No
Application Fee Received,974.818,Bahawalpur,female,Punjab,66,66,769,913,175,150,186,45,174,0,0,No
Application Fee Received,992,Bahawalpur,female,Punjab,78,78,831,919,145,48,47,179,178,0,0,No
Application Fee Received,747,Bahawalpur,male,Punjab,49,0,763,708,132,106,117,43,127,0,0,No
Application Fee Received,865,Bahawalpur,female,Punjab,61,0,818,809,141,131,119,165,0,0,0,No
Application Fee Received,1017.727,Bahawalpur,male,Punjab,62,62,940,960,153,89,191,181,180,0,0,No
Application Fee Received,953,Bahawalpur,female,Punjab,51,0,818,907,157,162,175,45,0,0,0,No
Application Received,770,Bahawalpur,female,Punjab,51,0,775,724,123,132,121,157,0,0,0,No
Application Fee Received,679,Bahawalpur,female,Punjab,46,0,666,638,120,96,142,32,90,0,0,No
Application Fee Received,911,Bahawalpur,female,Punjab,42,0,817,874,164,154,173,156,0,0,0,No
Admission Fee Challan Received,1059.364,Bahawalpur,female,Punjab,85,85,841,979,177,0,0,0,0,1,0,Yes
Application Fee Received,948,Bahawalpur,female,Punjab,65,0,943,888,0,0,0,0,0,0,0,No
Challan Printed,835,Bahawalpur,female,Punjab,47,0,819,798,139,158,138,45,140,0,0,No
Application Fee Received,906,Bahawalpur,female,Punjab,64,0,777,847,150,0,139,0,163,0,0,No
Challan Printed,834,Bahawalpur,male,Punjab,63,0,806,776,149,138,117,163,37,0,0,No
Admission Fee Challan Received,1056.364,Bahawalpur,female,Punjab,84,84,895,982,174,182,188,46,192,1,0,Yes
Challan Printed,582,Bahawalpur,female,Punjab,23,0,575,564,0,0,0,0,0,0,0,No
Application Fee Received,966,Bahawalpur,female,Punjab,62,0,1010,914,185,46,41,170,159,0,0,No
Challan Printed,967,Bahawalpur,male,Punjab,69,69,892,883,173,164,139,46,167,0,0,No
Application Fee Received,974,Bahawalpur,female,Punjab,60,0,824,919,168,172,44,156,174,0,0,No
Application Fee Received,797,Bahawalpur,male,Punjab,45,0,664,757,0,0,0,0,0,0,0,No
Admission Fee Challan Received,1081,Bahawalpur,female,Punjab,76,76,975,1010,188,185,196,188,44,1,0,Yes
Application Fee Received,1003,Bahawalpur,female,Punjab,65,0,907,943,0,0,0,0,0,0,0,No
Application Fee Received,1010.727,Bahawalpur,female,Punjab,78,78,848,937,46,162,46,187,162,0,0,No
Application Fee Received,995.636,Bahawalpur,male,Punjab,86,86,818,919,173,174,184,158,0,0,0,No
Application Fee Received,997.545,Bahawalpur,female,Punjab,62,62,924,940,0,0,0,0,0,0,0,No
Application Fee Received,948,Bahawalpur,male,Punjab,65,0,871,888,167,175,156,162,0,0,0,No
Admission Fee Challan Received,1024,Bahawalpur,female,Punjab,71,0,870,958,167,186,188,179,45,1,0,Yes
Challan Printed,831,Bahawalpur,female,Punjab,52,0,869,784,0,0,0,0,0,0,0,No
Application Fee Received,764,Bahawalpur,female,Punjab,32,32,681,769,135,147,122,133,0,0,0,No
Application Fee Received,921.455,Bahawalpur,male,Punjab,77,77,929,849,164,156,152,153,48,0,0,No
Application Fee Received,1030.455,Bahawalpur,female,Punjab,87,87,926,953,0,0,0,0,0,1,0,Yes
Application Fee Received,1032.091,Bahawalpur,female,Punjab,76,76,971,961,173,165,193,45,178,0,0,No
Admission Fee Challan Received,1026.909,Bahawalpur,female,Punjab,75,75,819,956,172,45,45,180,177,1,0,Yes
Application Fee Received,760,Bahawalpur,male,Punjab,44,0,907,701,115,45,137,45,123,0,0,No
Application Fee Received,943,Bahawalpur,male,Punjab,64,64,899,884,163,161,152,0,175,0,0,No
Application Fee Received,959.364,Bahawalpur,male,Punjab,79,79,851,890,178,156,139,0,174,0,0,No
Challan Printed,905,Bahawalpur,female,Punjab,37,0,914,873,163,39,182,149,150,0,0,No
Application Fee Received,853,Bahawalpur,male,Punjab,46,0,899,817,141,159,137,160,0,0,0,No
Application Fee Received,909,Bahawalpur,female,Punjab,49,0,793,865,168,147,38,154,41,0,0,No
Application Fee Received,919,Bahawalpur,female,Punjab,47,0,774,877,161,43,154,44,161,0,0,No
Application Fee Received,758,Bahawalpur,female,Punjab,46,0,843,717,136,138,118,43,124,0,0,No
Application Fee Received,934,Bahawalpur,female,Punjab,60,0,972,879,166,154,152,173,0,0,0,No
Challan Printed,940.091,Bahawalpur,female,Punjab,47,47,925,898,179,148,153,176,0,0,0,No
Challan Printed,860,Bahawalpur,male,Punjab,55,0,861,810,134,144,140,141,46,0,0,No
Application Fee Received,972,Bahawalpur,female,Punjab,52,0,935,930,180,187,176,140,89,0,0,No
Application Fee Received,890,Bahawalpur,female,Punjab,48,0,923,847,173,136,150,150,0,0,0,No
Application Fee Received,989,Bahawalpur,female,Punjab,65,0,982,929,0,0,0,0,0,0,0,No
Application Received,971,Bahawalpur,female,Punjab,63,0,924,923,162,164,171,186,0,0,0,No
Application Fee Received,844,Bahawalpur,female,Punjab,47,0,814,802,170,135,146,41,28,0,0,No
Application Fee Received,992,Bahawalpur,female,Punjab,63,0,944,934,172,174,170,164,0,0,0,No
Application Fee Received,797,Bahawalpur,female,Punjab,54,0,826,748,149,122,46,102,44,0,0,No
Application Fee Received,962,Bahawalpur,female,Punjab,50,0,959,917,167,173,174,154,0,0,0,No
Application Fee Received,1021.636,Bahawalpur,female,Punjab,69,69,937,957,149,185,185,179,46,1,0,Yes
Application Fee Received,965,Bahawalpur,female,Punjab,50,0,933,920,178,178,177,0,155,0,0,No
Application Fee Received,928.636,Bahawalpur,male,Punjab,56,56,945,877,156,151,155,170,0,0,0,No
Application Fee Received,730,Bahawalpur,male,Punjab,47,0,846,688,143,101,102,131,37,0,0,No
Application Fee Received,1040.273,Bahawalpur,male,Punjab,74,74,939,971,150,182,178,0,0,1,0,Yes
Application Received,523.636,Bahawalpur,male,Punjab,70,70,596,483,123,0,123,0,0,0,0,No
Application Fee Received,911,Bahawalpur,female,Punjab,57,0,919,859,164,165,133,161,39,0,0,No
Challan Printed,890,Bahawalpur,female,Punjab,50,27,794,825,167,165,145,144,40,0,0,No
Application Fee Received,927,Bahawalpur,female,Punjab,51,0,806,861,162,137,153,165,0,0,0,No
Application Fee Received,956,Bahawalpur,male,Punjab,52,52,898,909,164,150,166,178,47,0,0,No
Application Fee Received,937,Bahawalpur,male,Punjab,57,56,897,885,149,142,177,0,167,0,0,No
Application Fee Received,949,Bahawalpur,female,Punjab,52,0,886,902,165,147,186,35,172,0,0,No
Application Fee Received,1014,Bahawalpur,female,Punjab,79,0,958,945,167,183,167,177,46,0,0,No
Application Fee Received,955,Bahawalpur,female,Punjab,54,0,841,911,160,178,151,174,0,0,0,No
Application Fee Received,931,Bahawalpur,female,Punjab,57,0,880,879,166,155,169,45,157,0,0,No
Application Fee Received,909.182,Bahawalpur,male,Punjab,55,55,758,864,145,148,167,146,45,0,0,No
Application Fee Received,746,Bahawalpur,female,Punjab,48,0,819,703,102,42,45,146,132,0,0,No
Application Fee Received,963,Bahawalpur,female,Punjab,61,0,918,907,0,0,0,0,0,0,0,No
Admission Fee Challan Received,1054.909,Bahawalpur,male,Punjab,84,84,953,980,185,174,192,44,178,1,0,Yes
Admission Fee Challan Received,856,Bahawalpur,female,Punjab,57,0,885,814,147,44,133,148,164,1,0,No
Admission Fee Challan Received,1037.545,Bahawalpur,female,Punjab,69,69,941,973,191,184,174,172,0,1,0,Yes
Application Fee Received,809,Bahawalpur,female,Punjab,58,0,785,756,104,106,119,145,88,0,0,No
Application Fee Received,966,Bahawalpur,female,Punjab,59,0,949,912,0,0,0,0,0,0,0,No
Application Fee Received,994.091,Bahawalpur,female,Punjab,69,69,922,930,165,46,185,47,153,0,0,No
Application Fee Received,981,Bahawalpur,female,Punjab,63,0,950,928,160,42,181,180,172,0,0,No
Application Fee Received,881,Bahawalpur,male,Punjab,48,0,826,838,127,49,44,168,166,0,0,No
Application Fee Received,742,Bahawalpur,female,Punjab,56,0,670,691,110,110,103,132,42,0,0,No
Challan Printed,1000.727,Bahawalpur,male,Punjab,78,78,903,927,180,42,147,190,191,0,0,No
Application Received,700,Bahawalpur,female,Punjab,45,0,831,670,99,122,134,45,38,0,0,No
Application Fee Received,907,Bahawalpur,female,Punjab,58,0,869,854,164,163,132,173,45,0,0,No
Application Fee Received,673,Bahawalpur,male,Punjab,42,0,699,636,105,33,41,108,99,0,0,No
Application Fee Received,844.636,Bahawalpur,male,Punjab,45,45,900,804,128,38,162,139,172,0,0,No
Application Fee Received,688,Bahawalpur,female,Punjab,41,0,705,652,124,91,133,111,42,0,0,No
Application Fee Received,766,Bahawalpur,female,Punjab,44,0,748,727,152,123,131,0,113,0,0,No
Application Fee Received,952,Bahawalpur,male,Punjab,44,0,931,913,164,175,163,165,46,0,0,No
Application Received,829,Bahawalpur,male,Punjab,60,0,784,774,145,139,166,47,115,0,0,No
Application Fee Received,956,Bahawalpur,female,Punjab,52,0,916,909,164,179,155,171,45,0,0,No
Application Fee Received,767,Bahawalpur,female,Punjab,43,0,733,729,117,128,116,45,143,0,0,No
Application Fee Received,844,Bahawalpur,male,Punjab,47,0,894,802,0,0,0,0,0,0,0,No
Application Fee Received,1001.364,Bahawalpur,male,Punjab,74,74,952,937,167,0,164,0,183,0,0,No
Application Fee Received,932,Bahawalpur,male,Punjab,43,0,803,894,0,0,0,0,0,0,0,No
Application Fee Received,1052.182,Bahawalpur,female,Punjab,84,84,957,978,173,188,179,186,179,0,0,No
Application Fee Received,931,Bahawalpur,female,Punjab,62,0,910,874,0,0,0,0,0,0,0,No
Application Fee Received,873.909,Bahawalpur,male,Punjab,54,54,738,824,150,43,172,117,153,0,0,No
Application Fee Received,1023.091,Bahawalpur,female,Punjab,80,80,941,953,195,173,173,0,193,1,0,Yes
Application Fee Received,928,Bahawalpur,female,Punjab,51,0,740,862,176,43,152,131,177,0,0,No
Application Fee Received,933,Bahawalpur,female,Punjab,58,0,902,880,131,46,35,170,170,0,0,No
Application Fee Received,815,Bahawalpur,female,Punjab,47,0,875,773,137,110,136,0,0,0,0,No
Application Fee Received,1039.818,Bahawalpur,female,Punjab,84,84,927,965,0,0,0,0,0,1,0,Yes
Application Fee Received,991,Bahawalpur,female,Punjab,68,0,772,928,0,0,0,0,0,0,0,No
Application Fee Received,924,Bahawalpur,male,Punjab,60,0,1001,869,153,172,144,47,147,0,0,No
Application Fee Received,894,Bahawalpur,female,Punjab,57,0,972,842,0,0,0,0,0,0,0,No
Application Fee Received,577,Bahawalpur,female,Punjab,27,27,567,582,81,86,75,42,123,0,0,No
Application Fee Received,934,Bahawalpur,male,Punjab,34,34,485,939,180,0,179,0,177,0,0,No
Challan Printed,783.636,Bahawalpur,male,Punjab,41,41,657,747,122,128,133,42,129,0,0,No
Admission Fee Challan Received,1031,Bahawalpur,male,Punjab,78,71,883,958,0,0,0,0,0,1,0,Yes
Application Fee Received,945,Bahawalpur,female,Punjab,73,0,912,877,179,147,48,161,140,0,0,No
Application Fee Received,790,Bahawalpur,male,Punjab,29,29,777,800,146,132,135,46,145,0,0,No
Application Fee Received,773,Bahawalpur,female,Punjab,53,0,758,705,0,0,0,0,0,0,0,No
Challan Printed,1017.091,Bahawalpur,female,Punjab,83,83,890,944,175,175,178,189,44,0,0,No
Application Fee Received,912,OPEN,male,,49,0,729,873,0,0,0,0,0,0,0,No
Application Fee Received,872,Bahawalpur,male,Punjab,53,0,844,829,0,0,0,0,0,0,0,No
Application Fee Received,1035.636,Bahawalpur,female,Punjab,79,79,979,966,157,195,191,177,0,0,0,No
Application Fee Received,996.091,Bahawalpur,female,Punjab,66,66,724,935,148,45,45,179,174,0,0,No
Application Fee Received,908,Bahawalpur,female,Punjab,59,0,924,854,0,0,0,0,0,0,0,No
Application Fee Received,928,Bahawalpur,male,Punjab,69,0,917,864,0,0,0,0,0,0,0,No
Application Fee Received,894,Bahawalpur,male,Punjab,50,0,969,849,147,143,155,0,0,0,0,No
Admission Fee Challan Received,1011.182,Bahawalpur,female,Punjab,65,65,963,951,178,182,182,167,44,1,0,Yes
Application Fee Received,934,Bahawalpur,male,Punjab,50,0,868,869,150,171,167,133,0,0,0,No
Application Fee Received,974,Bahawalpur,female,Punjab,53,0,817,926,183,142,190,0,170,0,0,No
Application Fee Received,865,Bahawalpur,female,Punjab,55,0,800,815,150,125,145,157,41,0,0,No
Challan Printed,944,Bahawalpur,male,Punjab,65,50,818,884,168,45,139,48,164,0,0,No
Application Fee Received,968,Bahawalpur,female,Punjab,46,0,819,927,0,0,0,0,0,0,0,No
Application Fee Received,695,Bahawalpur,male,Punjab,28,0,634,672,111,87,115,49,116,0,0,No
Application Received,874,Bahawalpur,male,Punjab,65,0,834,814,123,150,172,43,45,0,0,No
Application Fee Received,1028.364,Bahawalpur,female,Punjab,62,62,928,971,189,171,179,45,190,1,0,Yes
Application Fee Received,913,Bahawalpur,female,Punjab,66,0,883,852,191,0,176,0,138,0,0,No
Application Fee Received,935,Bahawalpur,male,Punjab,57,0,953,883,177,45,153,45,154,0,0,No
Application Fee Received,981,Bahawalpur,female,Punjab,58,0,906,928,179,162,177,0,182,0,0,No
Application Fee Received,792,Bahawalpur,female,Punjab,50,0,863,752,143,130,146,113,0,0,0,No
Application Fee Received,704,Bahawalpur,female,Punjab,47,0,726,662,133,33,103,34,123,0,0,No
Application Fee Received,750,Bahawalpur,male,Punjab,58,0,718,697,158,135,107,128,37,1,0,No
Application Fee Received,972,Bahawalpur,female,Punjab,51,0,961,926,0,0,0,0,0,0,0,No
Application Fee Received,709,Bahawalpur,male,Punjab,48,0,724,666,105,112,97,121,46,0,0,No
Application Fee Received,817,Bahawalpur,male,Punjab,50,0,749,752,146,124,165,86,48,0,0,No
Application Fee Received,953,Bahawalpur,male,Punjab,51,0,872,907,144,196,177,176,40,0,0,No
Application Fee Received,794,Bahawalpur,female,Punjab,42,0,810,757,135,145,136,133,0,0,0,No
Application Fee Received,866,Bahawalpur,female,Punjab,61,0,847,810,151,138,152,48,147,0,0,No
Application Fee Received,880,Bahawalpur,female,Punjab,51,0,739,834,157,43,163,41,152,0,0,No
Application Fee Received,1031.182,Bahawalpur,male,Punjab,66,66,951,970,185,160,180,47,186,0,0,No
Application Fee Received,774,Bahawalpur,male,Punjab,61,0,788,718,127,127,108,118,0,0,0,No
Challan Printed,862,Bahawalpur,male,Punjab,55,0,815,817,144,158,135,146,0,0,0,No
Application Fee Received,796,Bahawalpur,female,Punjab,52,0,857,759,160,122,118,134,0,0,0,No
Application Fee Received,907,Bahawalpur,female,Punjab,53,0,903,859,148,43,47,130,170,0,0,No
Application Fee Received,932,Bahawalpur,male,Punjab,55,0,778,882,155,48,170,40,168,0,0,No
Application Fee Received,1021.273,Bahawalpur,male,Punjab,67,67,970,959,160,190,188,179,48,1,0,Yes
Application Fee Received,734,Bahawalpur,female,Punjab,50,0,739,689,146,46,102,112,100,0,0,No
Application Fee Received,1085.182,Bahawalpur,male,Punjab,80,80,991,1015,174,192,195,181,0,0,0,No
Application Fee Received,1002.091,Bahawalpur,male,Punjab,67,67,924,940,164,170,171,179,92,0,0,No
Challan Printed,950.636,Bahawalpur,male,Punjab,64,64,876,891,141,48,45,193,165,0,0,No
Application Fee Received,973.636,Bahawalpur,male,Punjab,65,65,878,913,171,0,165,0,174,0,0,No
Application Fee Received,704,Bahawalpur,female,Punjab,51,0,774,658,89,106,107,0,142,0,0,No
Application Fee Received,806,Bahawalpur,female,Punjab,46,0,828,770,132,46,129,152,130,0,0,No
Application Fee Received,782,Bahawalpur,female,Punjab,53,0,758,734,139,130,146,0,116,0,0,No
Application Fee Received,955,Bahawalpur,male,Punjab,58,0,745,902,173,156,149,0,169,0,0,No
Application Fee Received,1017.818,Bahawalpur,female,Punjab,84,84,947,948,186,175,187,47,173,0,0,No
Application Fee Received,696,Bahawalpur,male,Punjab,26,26,784,701,141,131,98,46,0,0,0,No
Application Fee Received,1010,Bahawalpur,female,Punjab,60,0,913,955,179,170,180,49,168,0,0,No
Application Received,919,Bahawalpur,female,Punjab,52,0,936,872,134,171,173,0,163,0,0,No
Application Fee Received,1031.455,Bahawalpur,female,Punjab,73,73,901,963,177,161,188,47,180,0,0,No
Application Fee Received,923,Bahawalpur,male,Punjab,67,0,913,861,172,43,126,43,155,0,0,No
Application Fee Received,708,Bahawalpur,female,Punjab,32,32,815,713,0,0,0,0,0,0,0,No
Application Fee Received,780,Bahawalpur,male,Punjab,37,0,754,748,130,112,147,117,0,0,0,No
Application Fee Received,796,Bahawalpur,female,Punjab,48,0,840,753,0,0,0,0,0,0,0,No
Application Fee Received,972,Bahawalpur,male,Punjab,70,0,891,907,0,0,0,0,0,0,0,No
Application Fee Received,972,Bahawalpur,female,Punjab,57,48,820,920,0,0,0,0,0,0,0,No
Application Fee Received,888,Bahawalpur,female,Punjab,47,41,837,851,175,141,156,41,156,0,0,No
Challan Printed,870,Bahawalpur,male,Punjab,41,41,911,834,179,0,122,0,121,0,0,No
Application Fee Received,982,Bahawalpur,female,Punjab,75,0,968,912,189,172,155,161,47,0,0,No
Application Fee Received,843,Bahawalpur,male,Punjab,53,0,858,795,159,153,113,141,46,0,0,No
Application Fee Received,737,Bahawalpur,female,Punjab,55,0,902,687,120,36,120,46,114,0,0,No
Application Fee Received,1027.727,Bahawalpur,female,Punjab,63,63,900,954,168,167,181,194,47,0,0,No
Application Fee Received,1034.909,Bahawalpur,female,Punjab,86,86,945,958,181,183,180,46,169,0,0,No
Application Fee Received,1012,Bahawalpur,female,Punjab,74,74,945,943,169,42,178,50,185,1,0,Yes
Application Fee Received,816,Bahawalpur,female,Punjab,56,0,921,765,161,118,139,106,45,0,0,No
Admission Fee Challan Received,1028.727,Bahawalpur,female,Punjab,82,82,921,961,189,170,187,47,182,1,0,Yes
Application Fee Received,1005.636,Bahawalpur,female,Punjab,86,86,804,929,0,0,0,0,0,1,0,No
Application Fee Received,939.727,Bahawalpur,female,Punjab,59,59,912,890,171,156,163,43,147,0,0,No
Application Fee Received,969,Bahawalpur,female,Punjab,58,0,906,916,155,0,170,0,173,0,0,No
Application Fee Received,939,Bahawalpur,female,Punjab,51,0,888,893,168,143,185,144,0,0,0,No
Application Fee Received,973,Bahawalpur,female,Punjab,52,0,867,926,138,184,191,0,165,0,0,No
Application Fee Received,1033.545,Bahawalpur,female,Punjab,85,85,910,953,162,197,176,172,48,0,0,No
Application Fee Received,1028.455,Bahawalpur,female,Punjab,84,84,945,949,170,174,175,43,182,0,0,No
Application Fee Received,1001,Bahawalpur,female,Punjab,68,67,955,938,191,47,168,47,179,0,0,No
Challan Printed,878,Bahawalpur,female,Punjab,44,0,803,844,154,157,143,43,149,0,0,No
Application Fee Received,779,Bahawalpur,female,Punjab,46,0,844,738,148,48,99,45,149,0,0,No
Application Fee Received,1045,Bahawalpur,female,Punjab,71,0,1008,979,174,190,194,159,49,0,0,No
Application Fee Received,845,Bahawalpur,female,Punjab,55,0,798,775,0,0,0,0,0,0,0,No
Application Fee Received,901,Bahawalpur,female,Punjab,46,0,871,860,136,160,139,174,44,0,0,No
Application Fee Received,970,OPEN,female,Punjab,50,0,861,925,166,183,170,0,0,0,0,No
Application Fee Received,710,OPEN,male,Baluchistan,29,29,873,715,125,44,118,48,128,0,0,No
Application Fee Received,1050.909,OPEN,male,Punjab,69,69,951,966,0,0,0,0,0,0,0,No
Challan Printed,1032.909,OPEN,female,Punjab,72,72,916,970,185,166,187,44,192,0,0,No
Application Fee Received,928,OPEN,male,Punjab,0,0,804,913,0,0,0,0,0,0,0,No
Application Fee Received,846,OPEN,female,Punjab,47,0,595,804,154,114,144,39,152,0,0,No
Application Fee Received,890.909,OPEN,female,Punjab,44,44,780,851,160,45,168,125,168,0,0,No
Application Fee Received,1005.727,OPEN,male,Punjab,70,70,904,940,179,190,171,44,46,0,0,No
Application Fee Received,1017.727,OPEN,female,Punjab,61,61,907,961,174,183,181,176,0,0,0,No
Challan Printed,916.636,OPEN,female,Punjab,60,60,682,861,159,136,156,166,0,0,0,No
Application Fee Received,940,OPEN,male,Punjab,44,0,726,901,0,0,0,0,0,0,0,No
Challan Printed,949.909,OPEN,male,Punjab,42,42,739,912,0,0,0,0,0,0,0,No
Application Fee Received,1002,OPEN,male,Punjab,59,0,974,953,0,0,0,0,0,0,0,No
Application Fee Received,976,OPEN,female,Punjab,52,0,945,939,173,171,173,44,178,0,0,No
Application Fee Received,948.455,OPEN,male,Punjab,45,45,829,908,0,0,0,0,0,0,0,No
Application Fee Received,967.818,OPEN,male,Punjab,50,50,924,922,172,0,160,0,177,0,0,No
Application Fee Received,910,OPEN,male,Punjab,65,0,812,850,158,128,45,161,0,0,0,No
Application Fee Received,984,OPEN,male,Punjab,63,0,927,926,193,174,151,176,45,0,0,No
Application Received,887,OPEN,male,Punjab,0,0,926,892,178,163,174,43,130,0,0,No
Application Fee Received,774,OPEN,male,Punjab,0,0,838,779,168,120,124,129,0,0,0,No
Challan Printed,995,OPEN,male,Punjab,55,0,944,945,170,188,166,172,0,0,0,No
Challan Printed,1030.636,OPEN,female,Punjab,86,86,908,934,176,179,188,164,0,0,0,No
Application Fee Received,986.455,OPEN,male,Punjab,59,59,896,932,142,183,189,177,0,0,0,No
Admission Fee Challan Received,1045.545,OPEN,female,Punjab,80,80,871,970,173,167,178,46,191,1,0,Yes
Application Fee Received,999,OPEN,male,Punjab,75,75,957,934,173,152,183,43,184,0,0,No
Application Fee Received,1023,OPEN,female,Punjab,71,0,932,957,173,183,182,46,44,1,0,Yes
Application Fee Received,1065.636,OPEN,female,Punjab,87,87,876,983,175,189,189,175,47,1,0,Yes
Application Fee Received,998,OPEN,male,Punjab,82,82,793,921,173,141,192,46,180,0,0,No
Application Fee Received,1034.364,OPEN,male,Punjab,89,89,951,950,172,194,179,161,0,0,0,No
Application Fee Received,1022.455,OPEN,male,Punjab,80,80,925,952,165,182,182,182,0,0,0,No
Application Fee Received,935.909,OPEN,male,Punjab,66,66,858,874,150,163,160,169,0,0,0,No
Application Fee Received,988,OPEN,male,Punjab,54,0,897,919,158,174,161,47,175,0,0,No
Application Fee Received,1002.182,OPEN,male,Punjab,72,72,909,935,148,173,182,186,0,0,0,No
Application Fee Received,1018.182,OPEN,male,Punjab,78,78,958,945,189,156,180,45,182,0,0,No
Admission Fee Challan Received,1040,OPEN,female,Punjab,68,0,934,977,180,185,194,48,44,1,0,Yes
Application Fee Received,1027.727,OPEN,male,Punjab,76,76,1001,961,163,195,173,171,0,0,0,No
Challan Printed,967.636,OPEN,female,Punjab,53,53,906,919,171,172,157,0,0,0,0,No
Application Fee Received,979.818,OPEN,male,Punjab,67,67,925,917,0,0,0,0,0,0,0,No
Application Fee Received,1022.364,OPEN,male,Punjab,86,86,920,941,172,179,166,43,44,0,0,No
Application Fee Received,1017.455,OPEN,male,Punjab,81,81,922,941,164,163,174,49,46,0,0,No
Application Fee Received,985,OPEN,male,Punjab,60,60,845,930,182,125,196,46,178,0,0,No
Application Fee Received,1000.273,OPEN,female,Punjab,78,78,833,927,0,0,0,0,0,0,0,No
Application Fee Received,914,OPEN,female,Punjab,57,0,794,862,153,153,159,43,160,0,0,No
Application Fee Received,1032.818,OPEN,male,Punjab,85,85,943,957,181,170,184,180,48,0,0,No
Application Fee Received,951,OPEN,female,Punjab,0,0,977,961,174,187,47,168,48,0,0,No
Challan Printed,952,OPEN,male,Punjab,50,50,860,907,169,167,169,42,168,0,0,No
Application Fee Received,888,OPEN,female,Punjab,50,0,864,843,0,0,0,0,0,0,0,No
Application Fee Received,1040.818,OPEN,male,Punjab,87,87,951,963,172,177,175,186,47,0,0,No
Application Fee Received,993.182,OPEN,female,Punjab,67,67,816,931,167,160,162,44,185,0,0,No
Application Fee Received,1016.727,OPEN,female,Punjab,84,84,897,937,0,0,0,0,0,0,0,No
Application Fee Received,1019,OPEN,male,Punjab,67,63,954,957,0,0,0,0,0,0,0,No
Application Received,775,OPEN,female,Punjab,0,0,798,780,134,118,153,45,45,0,0,No
Challan Printed,1000.909,OPEN,female,Punjab,55,55,932,950,0,0,0,0,0,0,0,No
Application Fee Received,1019.909,OPEN,male,Punjab,72,72,899,932,0,0,0,0,0,0,0,No
Application Fee Received,987.273,OPEN,female,Punjab,56,56,910,936,0,0,0,0,0,0,0,No
Application Fee Received,1003.909,OPEN,female,Punjab,68,68,837,940,178,167,156,186,46,0,0,No
Application Fee Received,966,OPEN,male,Punjab,59,0,909,912,169,43,48,183,155,0,0,No
Application Fee Received,1026.364,OPEN,male,Punjab,80,80,918,951,0,0,0,0,0,0,0,No
Application Fee Received,1014.364,OPEN,male,Punjab,68,68,880,951,0,0,0,0,0,0,0,No
Application Fee Received,1020.545,OPEN,female,Punjab,81,81,912,944,178,171,184,42,179,0,0,No
Application Fee Received,1021.182,OPEN,male,Punjab,78,78,959,948,168,45,47,187,174,0,0,No
Challan Printed,929,OPEN,male,Punjab,39,0,753,895,154,155,158,166,45,0,0,No
Application Fee Received,947,OPEN,male,Punjab,42,0,911,910,181,148,176,47,166,0,0,No
Challan Printed,1009,OPEN,female,Punjab,53,0,955,971,169,182,191,0,169,0,0,No
Challan Printed,798,OPEN,male,Punjab,52,0,725,756,159,111,99,158,45,0,0,No
Application Fee Received,996.818,OPEN,female,Punjab,61,61,872,945,178,0,0,0,0,0,0,No
Application Fee Received,1019.182,OPEN,male,Punjab,48,48,885,956,158,47,47,185,172,0,0,No
Application Fee Received,992,OPEN,female,Punjab,60,0,923,937,163,0,0,0,0,0,0,No
Application Fee Received,974,OPEN,male,Punjab,51,0,932,928,0,0,0,0,0,0,0,No
Application Fee Received,958,OPEN,male,Punjab,50,0,929,913,0,0,0,0,0,0,0,No
Application Fee Received,1021.091,OPEN,female,Punjab,65,65,958,961,162,194,181,166,48,0,0,No
Application Fee Received,993.818,OPEN,male,Punjab,61,61,1002,942,172,186,162,46,47,0,0,No
Application Fee Received,938.818,OPEN,male,Punjab,41,41,931,902,154,181,160,156,45,0,0,No
Application Fee Received,999,OPEN,female,Punjab,57,0,892,947,173,178,166,48,170,0,0,No
Application Fee Received,990.545,OPEN,male,Punjab,62,62,949,933,173,168,179,164,46,0,0,No
Application Fee Received,931,OPEN,female,Punjab,41,0,921,900,171,0,162,0,147,0,0,No
Application Fee Received,956,OPEN,female,Punjab,52,0,889,914,179,0,0,0,0,0,0,No
Application Fee Received,794,OPEN,male,Punjab,30,0,798,769,130,133,158,116,44,0,0,No
Application Fee Received,1006,OPEN,female,Punjab,60,0,894,951,178,47,45,157,176,0,0,No
Application Fee Received,866,OPEN,male,Punjab,32,0,845,839,141,159,127,174,0,0,0,No
Application Fee Received,1009.545,OPEN,male,Punjab,64,64,867,950,167,183,180,167,47,0,0,No
Challan Printed,960.909,OPEN,male,Punjab,50,50,952,915,163,164,167,178,45,0,0,No
Application Fee Received,1054.727,OPEN,male,Punjab,78,78,823,981,191,182,0,0,0,0,0,No
Application Fee Received,977,OPEN,male,Punjab,49,0,890,933,171,179,170,163,46,0,0,No
Application Fee Received,946,OPEN,male,Punjab,52,0,935,899,175,47,152,44,156,0,0,No
Application Fee Received,815,OPEN,female,Punjab,40,0,706,780,131,138,138,42,158,0,0,No
Admission Fee Challan Received,943,OPEN,female,Punjab,59,0,731,889,171,140,174,169,0,1,0,No
Challan Printed,1029.545,OPEN,female,Punjab,76,76,936,958,173,177,180,182,44,0,0,No
Application Fee Received,799,OPEN,male,Punjab,38,38,894,804,159,155,120,148,38,0,0,No
Challan Printed,936,OPEN,male,Punjab,51,0,900,890,161,172,45,45,154,0,0,No
Application Fee Received,1014.909,OPEN,male,Punjab,67,67,945,952,165,176,181,186,47,0,0,No
Application Received,894,OPEN,male,Punjab,54,0,985,850,0,0,0,0,0,0,0,No
Challan Printed,985,OPEN,male,Punjab,57,0,941,933,176,44,166,43,179,0,0,No
Application Fee Received,970,OPEN,male,Punjab,52,47,855,923,153,177,183,45,164,0,0,No
Application Fee Received,969,OPEN,female,Punjab,50,0,917,924,177,172,171,150,45,0,0,No
Application Fee Received,976.091,OPEN,male,Punjab,57,57,838,924,169,177,167,172,46,0,0,No
Application Fee Received,928.364,OPEN,female,Punjab,58,58,860,875,0,0,0,0,0,0,0,No
Admission Fee Challan Received,935,OPEN,female,Punjab,74,0,911,866,157,40,163,148,164,1,0,No
Application Fee Received,1005.818,OPEN,female,Punjab,54,54,924,956,179,189,170,0,0,0,0,No
Application Fee Received,968,OPEN,male,Punjab,47,0,954,906,156,49,181,46,160,0,0,No
Application Fee Received,939.909,OPEN,male,Punjab,59,59,811,885,160,169,144,41,173,0,0,No
Application Fee Received,1022.364,OPEN,female,Punjab,67,67,967,965,186,183,174,43,177,0,0,No
Application Fee Received,954,OPEN,male,Punjab,40,0,895,899,157,171,0,0,0,0,0,No
Application Fee Received,1014.909,OPEN,male,Punjab,69,69,930,950,160,177,186,173,47,0,0,No
Application Fee Received,1034,OPEN,female,Punjab,83,83,863,956,169,47,45,190,176,0,0,No
Application Fee Received,1021.909,OPEN,female,Punjab,62,62,976,964,176,178,173,45,187,0,0,No
Application Fee Received,991.364,OPEN,female,Punjab,65,65,969,936,175,172,168,169,47,0,0,No
Application Fee Received,1005,OPEN,female,Punjab,58,0,946,957,185,160,188,48,185,0,0,No
Application Fee Received,1021.091,OPEN,male,Punjab,89,89,816,942,0,0,0,0,0,0,0,No
Application Fee Received,1003,OPEN,female,Punjab,59,0,853,949,169,177,175,169,45,0,0,No
Application Fee Received,1015.818,OPEN,female,Punjab,76,76,953,934,160,0,0,0,0,0,0,No
Application Fee Received,1017.455,OPEN,female,Punjab,75,75,932,952,190,174,159,44,173,0,0,No
Application Fee Received,1026.545,OPEN,female,Punjab,75,75,890,956,181,43,172,165,183,0,0,No
Application Fee Received,986,OPEN,male,Punjab,64,0,943,927,157,43,47,186,163,0,0,No
Challan Printed,875.909,OPEN,male,Punjab,55,55,891,830,0,0,0,0,0,0,0,No
Challan Printed,1047.364,OPEN,male,Punjab,66,66,937,986,171,46,47,191,181,0,0,No
Application Fee Received,1018.091,OPEN,female,Punjab,71,71,842,952,185,179,170,177,0,0,0,No
Application Fee Received,992.273,OPEN,male,Punjab,61,61,965,936,170,183,165,173,0,0,0,No
Challan Printed,1001,OPEN,female,Punjab,63,0,952,923,0,0,0,0,0,0,0,No
Application Fee Received,969,OPEN,female,Punjab,47,0,856,927,0,0,0,0,0,0,0,No
Application Fee Received,788,OPEN,female,Punjab,49,0,921,744,156,126,128,130,0,0,0,No
Application Fee Received,874,OPEN,male,Punjab,47,0,762,832,0,0,0,0,0,0,0,No
Application Received,882,OPEN,male,Punjab,0,0,970,887,159,176,166,47,149,0,0,No
Application Fee Received,966,OPEN,female,Punjab,34,0,874,937,172,152,191,165,49,0,0,No
Application Received,808,OPEN,male,Punjab,67,0,888,746,119,127,43,158,0,0,0,No
Application Fee Received,1058.273,OPEN,female,Punjab,78,78,978,990,0,0,0,0,0,1,0,Yes
Application Fee Received,1011,OPEN,female,Punjab,61,0,941,955,161,179,174,180,47,0,0,No
Challan Printed,1007.273,OPEN,male,Punjab,84,84,913,933,175,163,170,45,179,0,0,No
Application Received,967,OPEN,male,Punjab,64,0,962,908,0,0,0,0,0,0,0,No
Application Fee Received,1024.909,OPEN,male,Punjab,70,70,904,959,178,46,181,46,175,0,0,No
Application Fee Received,1005.364,OPEN,female,Punjab,80,80,892,930,166,180,177,153,44,0,0,No
Application Fee Received,1011.727,OPEN,male,Punjab,73,73,948,948,175,0,190,0,165,0,0,No
Application Fee Received,1019.364,OPEN,female,Punjab,71,71,949,953,0,0,0,0,0,0,0,No
Application Fee Received,1046.636,OPEN,female,Punjab,83,83,981,973,0,0,0,0,0,0,0,No
Challan Printed,959,OPEN,male,Punjab,44,0,920,920,152,45,44,174,175,0,0,No
Challan Printed,1035,OPEN,male,Punjab,60,0,866,980,0,0,0,0,0,0,0,No
Application Fee Received,992.545,OPEN,male,Punjab,56,56,874,941,163,173,166,176,46,0,0,No
Application Fee Received,866,OPEN,male,Punjab,42,0,901,829,125,43,46,177,137,0,0,No
Application Fee Received,1015.545,OPEN,male,Punjab,64,64,843,956,0,0,0,0,0,0,0,No
Application Fee Received,954,OPEN,female,Punjab,44,0,864,915,156,44,45,172,179,0,0,No
Application Fee Received,985,OPEN,male,Punjab,44,0,954,946,0,0,0,0,0,0,0,No
Application Fee Received,1013.091,OPEN,female,Punjab,82,82,954,946,0,0,0,0,0,0,0,No
Application Fee Received,1024.727,OPEN,male,Punjab,67,67,910,962,179,188,184,168,43,0,0,No
Application Fee Received,1004,OPEN,male,Punjab,54,0,882,955,0,0,0,0,0,0,0,No
Application Fee Received,888,OPEN,female,Punjab,50,0,876,853,162,151,156,157,45,0,0,No
Challan Printed,880,OPEN,male,Punjab,64,0,862,826,145,144,153,38,42,0,0,No
Application Fee Received,994,OPEN,male,Punjab,62,0,909,937,0,0,0,0,0,0,0,No
Application Fee Received,821,OPEN,male,Punjab,44,0,796,782,0,0,0,0,0,0,0,No
Application Fee Received,910,OPEN,female,Punjab,44,0,901,871,154,160,157,0,157,0,0,No
Application Fee Received,753,OPEN,male,Punjab,29,0,758,729,0,0,0,0,0,0,0,No
Application Received,1064.455,OPEN,male,Punjab,84,84,1011,985,185,170,198,173,46,0,0,No
Application Fee Received,1051.364,OPEN,male,Punjab,79,79,830,977,0,0,0,0,0,0,0,No
Application Fee Received,974,OPEN,male,Punjab,60,60,947,919,177,179,164,173,0,0,0,No
Application Fee Received,808,OPEN,female,Punjab,53,0,850,760,146,134,43,14,30,1,0,No
Challan Printed,955,OPEN,male,Punjab,50,0,839,910,145,168,187,169,46,0,0,No
Challan Printed,986,OPEN,female,Punjab,49,0,909,922,176,176,169,46,167,0,0,No
Application Fee Received,781,OPEN,male,Punjab,45,0,660,741,0,0,0,0,0,0,0,No
Application Fee Received,999.727,OPEN,male,Punjab,77,77,935,927,176,190,169,0,0,0,0,No
Application Fee Received,876,OPEN,female,Punjab,59,0,737,822,148,166,136,153,0,0,0,No
Application Fee Received,972,OPEN,female,Punjab,46,0,922,931,0,0,0,0,0,0,0,No
Challan Printed,784,OPEN,female,Punjab,0,0,714,789,0,0,0,0,0,0,0,No
Application Fee Received,940,OPEN,male,Punjab,65,0,883,880,189,155,144,0,157,0,0,No
Application Fee Received,968,OPEN,male,Punjab,59,0,782,899,177,163,160,152,45,0,0,No
Challan Printed,975.727,OPEN,male,Punjab,48,48,842,932,193,168,170,46,44,0,0,No
Application Received,1007.909,OPEN,male,Punjab,72,72,959,940,178,175,155,48,184,0,0,No
Application Fee Received,1025,OPEN,male,Punjab,57,54,960,973,190,177,182,0,0,0,0,No
Application Fee Received,928,OPEN,male,Punjab,47,0,914,886,0,0,0,0,0,0,0,No
Application Fee Received,1002.091,OPEN,male,Punjab,76,76,731,931,158,173,189,167,45,0,0,No
Application Fee Received,1031.091,OPEN,male,Punjab,82,82,911,954,172,179,183,45,170,0,0,No
Application Fee Received,945.909,OPEN,male,Punjab,45,45,887,905,126,173,181,45,171,0,0,No
Application Fee Received,988.091,OPEN,male,Punjab,71,71,912,922,168,180,173,171,0,0,0,No
Application Fee Received,906.727,OPEN,male,Punjab,42,42,886,869,0,0,0,0,0,0,0,No
Application Fee Received,854,OPEN,female,Punjab,57,0,949,802,143,117,165,50,44,0,0,No
Application Fee Received,1005,Bahawalpur,female,Punjab,62,0,930,948,178,180,170,180,0,1,0,No
Application Fee Received,986.273,OPEN,male,Punjab,79,79,927,912,173,182,168,0,162,0,0,No
Application Fee Received,956,OPEN,male,Punjab,46,0,766,915,151,171,165,42,187,0,0,No
Application Fee Received,1015.091,OPEN,female,Punjab,69,69,945,951,182,191,172,0,0,0,0,No
Challan Printed,857,OPEN,male,Punjab,57,0,683,805,135,138,152,44,34,0,0,No
Application Received,889,OPEN,male,Punjab,0,0,851,894,171,143,183,143,42,0,0,No
Application Fee Received,1014.545,OPEN,male,Punjab,74,74,890,945,0,0,0,0,0,0,0,No
Application Fee Received,947.455,OPEN,male,Punjab,63,63,875,889,168,0,0,0,0,0,0,No
Challan Printed,866.636,OPEN,male,Punjab,40,40,835,831,149,157,151,47,138,0,0,No
Application Fee Received,962.909,OPEN,male,Punjab,59,59,848,888,142,160,156,171,47,0,0,No
Challan Printed,1021.364,OPEN,male,Punjab,77,77,901,949,179,166,184,43,187,0,0,No
Application Fee Received,992,Bahawalpur,female,Punjab,48,0,962,954,150,44,48,169,175,0,0,No
Application Fee Received,952,OPEN,male,Punjab,57,0,773,880,167,170,132,174,46,0,0,No
Challan Printed,915.013,OPEN,male,Punjab,60,60,973,864,141,126,150,36,179,0,0,No
Application Received,985,OPEN,female,Punjab,0,0,951,990,0,0,0,0,0,0,0,No
Application Received,1019,OPEN,male,Punjab,70,70,825,954,182,180,181,150,48,0,0,No
Application Fee Received,972,OPEN,female,Punjab,56,0,876,921,179,0,131,0,179,0,0,No
Application Fee Received,1063.909,OPEN,female,Punjab,88,88,956,980,0,0,0,0,0,0,0,No
Application Fee Received,956,OPEN,female,Punjab,70,45,952,891,189,164,140,0,141,0,0,No
Application Fee Received,986,OPEN,male,Punjab,53,52,915,938,186,172,169,48,169,0,0,No
Challan Printed,973,OPEN,male,Punjab,69,0,778,909,170,43,182,167,162,0,0,No
Application Fee Received,957.182,OPEN,male,Punjab,48,48,903,914,167,172,184,145,48,0,0,No
Application Fee Received,972,OPEN,male,Punjab,61,48,971,916,176,171,176,176,47,0,0,No
Challan Printed,895.636,OPEN,male,Punjab,51,51,942,849,0,0,0,0,0,0,0,No
Application Received,1025.455,OPEN,male,Punjab,87,87,869,943,178,44,161,194,170,0,0,No
Application Fee Received,919.818,OPEN,male,Punjab,73,73,824,851,159,166,124,41,166,0,0,No
Application Fee Received,984,OPEN,male,Punjab,69,69,841,925,0,0,0,0,0,0,0,No
Application Received,1040.727,OPEN,male,Punjab,78,78,961,952,46,178,48,181,165,0,0,No
Application Fee Received,1028.455,OPEN,male,Punjab,75,75,899,958,185,151,192,47,186,0,0,No
Challan Printed,948,OPEN,male,Punjab,50,0,778,903,151,172,173,169,44,0,0,No
Challan Printed,1044.091,OPEN,female,Punjab,83,83,924,966,186,41,181,186,169,0,0,No
Challan Printed,942,OPEN,female,Punjab,40,40,861,907,147,177,49,157,48,0,0,No
Admission Fee Challan Received,1033.818,Bahawalpur,male,Punjab,85,85,779,953,181,184,189,42,48,1,0,Yes
Challan Printed,1043.091,OPEN,female,Punjab,85,85,914,968,0,0,0,0,0,0,0,No
Application Fee Received,997,OPEN,female,Punjab,67,0,794,935,178,164,161,181,45,0,0,No
Application Fee Received,1028.545,OPEN,male,Punjab,85,85,971,948,171,165,183,48,167,0,0,No
Application Fee Received,656,Bahawalpur,female,Punjab,56,0,790,605,0,0,0,0,0,0,0,No
Challan Printed,1022.636,OPEN,male,Punjab,83,83,910,949,0,0,0,0,0,0,0,No
Application Fee Received,900,Bahawalpur,male,Punjab,60,54,845,845,153,161,160,0,0,0,0,No
Admission Fee Challan Received,1040.545,OPEN,female,Punjab,74,74,981,976,151,188,187,178,48,1,0,Yes
Application Fee Received,1030.455,OPEN,male,Punjab,87,87,935,953,169,176,182,45,186,0,0,No
Application Fee Received,983.727,OPEN,female,Punjab,48,48,865,940,151,188,158,181,44,0,0,No
Application Fee Received,955,OPEN,female,Punjab,51,0,907,909,170,47,46,171,157,0,0,No
Challan Printed,1028.636,OPEN,female,Punjab,69,69,903,964,186,178,167,45,178,0,0,No
Application Fee Received,935,OPEN,female,Punjab,62,0,840,878,125,174,171,186,46,0,0,No
Application Fee Received,954.818,OPEN,female,Punjab,52,52,829,892,171,155,151,39,170,0,0,No
Application Fee Received,948,OPEN,female,Punjab,50,0,849,903,179,47,43,166,187,0,0,No
Application Fee Received,953,OPEN,female,Punjab,51,0,956,907,156,44,41,169,171,0,0,No
Application Fee Received,987.091,OPEN,female,Punjab,59,59,941,913,137,36,46,164,183,0,0,No
Application Fee Received,921,OPEN,male,Punjab,51,0,937,875,181,129,157,146,0,0,0,No
Application Fee Received,1000.727,OPEN,female,Punjab,79,79,923,926,127,180,181,186,48,0,0,No
Application Fee Received,1008,OPEN,male,Punjab,73,73,896,920,165,46,40,176,174,0,0,No
Application Fee Received,1009.727,OPEN,female,Punjab,70,70,866,944,182,160,168,44,186,0,0,No
Application Fee Received,1039,OPEN,male,Punjab,67,66,852,977,189,184,178,176,48,0,0,No
Application Fee Received,835,OPEN,female,Punjab,44,0,841,796,125,141,114,46,166,0,0,No
Application Fee Received,852,OPEN,female,Punjab,49,0,961,808,146,156,139,37,145,0,0,No
Application Fee Received,920,OPEN,female,Punjab,52,0,924,873,153,158,157,44,171,0,0,No
Application Fee Received,723,OPEN,male,Punjab,48,0,699,680,143,46,112,115,116,0,0,No
Application Fee Received,1029.909,OPEN,male,Punjab,80,80,841,959,168,170,182,181,47,0,0,No
Challan Printed,751.091,OPEN,male,Punjab,50,50,678,686,118,107,138,121,0,0,0,No
Challan Printed,829,OPEN,male,Punjab,39,39,589,834,152,158,144,41,162,0,0,No
Application Fee Received,953,OPEN,male,Punjab,63,0,850,895,157,161,185,47,151,0,0,No
Challan Printed,672,OPEN,male,Punjab,0,0,745,677,125,70,118,68,95,0,0,No
Application Fee Received,814.455,OPEN,female,Punjab,45,45,843,774,140,136,133,139,39,0,0,No
Application Fee Received,974,OPEN,female,Punjab,50,0,829,929,146,169,180,39,190,0,0,No
Application Fee Received,995,OPEN,female,Punjab,60,0,877,940,0,0,0,0,0,0,0,No
Application Fee Received,843,OPEN,male,Punjab,52,46,873,796,0,0,0,0,0,0,0,No
Application Fee Received,1032.364,OPEN,male,Punjab,80,80,851,957,169,183,174,0,185,0,0,No
Application Fee Received,945,OPEN,female,Punjab,54,0,960,896,131,171,47,167,43,0,0,No
Application Fee Received,933.364,OPEN,male,Punjab,74,74,889,864,158,138,154,48,178,0,0,No
Application Fee Received,938.091,OPEN,male,Punjab,59,59,831,884,160,177,177,37,135,0,0,No
Application Fee Received,973,OPEN,male,Punjab,57,0,905,921,177,174,43,155,41,0,0,No
Application Fee Received,824,OPEN,female,Punjab,58,0,858,771,129,138,45,107,47,0,0,No
Application Fee Received,958,OPEN,male,Punjab,55,0,962,908,163,180,169,152,0,0,0,No
Application Fee Received,1079.091,OPEN,female,Punjab,79,79,923,1005,181,194,184,48,190,1,0,Yes
Application Fee Received,999.091,OPEN,male,Punjab,63,63,911,951,153,190,43,172,45,0,0,No
Admission Fee Challan Received,1036.091,OPEN,female,Punjab,77,77,907,964,172,184,162,184,0,1,0,Yes
Application Fee Received,985.545,OPEN,female,Punjab,69,69,929,926,172,156,187,45,158,0,0,No
Application Fee Received,964.818,OPEN,male,Punjab,59,59,808,890,183,160,164,42,150,1,0,No
Application Fee Received,811,OPEN,female,Punjab,42,0,743,779,120,119,137,162,0,0,0,No
Application Fee Received,1034,OPEN,male,Punjab,70,70,940,969,175,48,43,190,170,0,0,No
Application Fee Received,794,OPEN,female,Punjab,34,0,801,765,110,142,114,167,47,0,0,No
Application Fee Received,968.273,OPEN,male,Punjab,69,69,855,904,142,175,178,165,48,0,0,No
Application Fee Received,995,OPEN,male,Punjab,63,0,933,937,179,172,45,160,46,0,0,No
Admission Fee Challan Received,1050.909,OPEN,male,Punjab,85,85,939,975,173,188,186,181,0,1,0,Yes
Challan Printed,1048.182,OPEN,male,Punjab,86,86,928,972,167,182,191,174,0,0,0,No
Challan Printed,1068.455,OPEN,male,Punjab,76,76,904,997,179,185,190,48,186,0,0,No
Application Fee Received,966,OPEN,male,Punjab,61,61,846,910,155,178,181,147,41,0,0,No
Challan Printed,903,OPEN,male,Punjab,54,0,867,854,164,147,158,40,145,0,0,No
Application Fee Received,789,OPEN,female,Punjab,44,0,796,750,128,108,144,136,45,0,0,No
Application Fee Received,951,OPEN,male,Punjab,65,0,891,891,0,0,0,0,0,0,0,No
Application Fee Received,953,OPEN,male,Punjab,67,0,787,891,157,160,42,178,45,0,0,No
Application Fee Received,1007.364,OPEN,male,Punjab,65,65,636,947,156,192,40,178,48,0,0,No
Application Fee Received,965.636,OPEN,male,Punjab,64,64,909,906,0,0,0,0,0,0,0,No
Application Fee Received,810,OPEN,female,Punjab,42,0,727,778,0,0,0,0,0,0,0,No
Application Fee Received,982,OPEN,female,Punjab,54,0,835,933,0,0,0,0,0,0,0,No
Challan Printed,641,OPEN,male,Punjab,42,0,734,604,121,104,39,106,43,0,0,No
Application Fee Received,895,OPEN,male,Punjab,51,0,759,854,0,0,0,0,0,0,0,No
Application Fee Received,1073.636,OPEN,male,Punjab,81,81,960,977,189,174,199,45,179,1,0,Yes
Application Fee Received,965,OPEN,female,Punjab,54,0,916,916,0,0,0,0,0,0,0,No
Application Fee Received,985,OPEN,female,Punjab,54,0,847,936,169,173,168,45,178,0,0,No
Application Fee Received,1004.364,Bahawalpur,female,Punjab,68,68,941,946,165,184,172,186,0,0,0,No
Application Fee Received,1016,OPEN,female,Punjab,78,0,911,943,186,47,168,46,181,0,0,No
Application Fee Received,788,OPEN,male,Punjab,51,0,919,727,98,37,149,44,107,0,0,No
Admission Fee Challan Received,1046,OPEN,female,Punjab,74,74,923,977,177,194,184,45,47,1,0,Yes
Application Fee Received,967,OPEN,male,Punjab,55,50,858,917,166,46,44,163,150,0,0,No
Application Received,870,OPEN,female,Punjab,55,0,748,845,154,143,143,163,46,0,0,No
Application Fee Received,888,OPEN,female,Punjab,56,0,830,837,148,144,147,34,165,0,0,No
Application Fee Received,932,OPEN,female,Punjab,56,0,855,881,179,175,147,46,133,0,0,No
Challan Printed,978.364,OPEN,female,Punjab,67,67,887,916,179,174,180,160,43,0,0,No
Application Fee Received,986,OPEN,female,Punjab,63,0,872,928,172,168,171,167,47,0,0,No
Challan Printed,967,OPEN,female,Punjab,42,0,856,930,158,183,172,166,44,0,0,No
Application Fee Received,993,OPEN,male,Punjab,52,0,872,946,180,180,166,174,0,0,0,No
Application Fee Received,978,OPEN,male,Punjab,48,0,835,935,172,156,182,47,181,0,0,No
Application Fee Received,921,OPEN,female,Punjab,50,45,822,876,169,160,129,172,0,0,0,No
Challan Printed,886,OPEN,male,Punjab,45,0,634,846,142,153,168,32,153,0,0,No
Application Fee Received,801,OPEN,male,Punjab,43,0,784,763,135,142,133,129,0,0,0,No
Application Fee Received,1000,OPEN,female,Punjab,50,0,888,960,177,189,172,173,45,0,0,No
Application Fee Received,949,OPEN,female,Punjab,60,0,852,894,171,147,155,50,44,0,0,No
Application Fee Received,982,OPEN,female,Punjab,53,0,885,934,174,160,171,44,185,0,0,No
Application Fee Received,957,OPEN,male,Punjab,53,0,865,909,173,163,182,144,44,0,0,No
Application Fee Received,970,OPEN,female,Punjab,60,0,845,915,156,182,173,175,44,0,0,No
Application Fee Received,1003,OPEN,female,Punjab,76,0,906,932,165,177,45,167,47,0,0,No
Application Fee Received,903,OPEN,male,Punjab,51,0,928,857,152,173,160,115,47,0,0,No
Challan Printed,972.727,OPEN,male,Punjab,60,60,960,917,171,157,183,46,173,0,0,No
Application Fee Received,965.909,OPEN,female,Punjab,58,58,992,912,161,173,170,47,164,0,0,No
Application Fee Received,864.273,OPEN,female,Punjab,55,55,862,814,156,112,157,48,146,0,0,No
Application Fee Received,945,OPEN,male,Punjab,58,0,956,892,159,164,169,0,151,0,0,No
Application Fee Received,941,OPEN,female,Punjab,51,0,830,895,171,158,161,162,0,0,0,No
Admission Fee Challan Received,1037,OPEN,female,Punjab,81,81,950,946,0,0,0,0,0,1,0,Yes
Application Fee Received,1035.727,OPEN,female,Punjab,78,78,914,962,177,182,184,170,0,0,0,No
Application Fee Received,963,OPEN,male,Punjab,56,0,864,912,157,167,172,47,180,1,0,No
Application Fee Received,652,OPEN,female,Punjab,43,0,720,614,105,80,124,85,45,0,0,No
Application Fee Received,777,OPEN,male,Punjab,45,0,750,737,133,125,145,46,48,0,0,No
Application Fee Received,952.818,OPEN,female,Punjab,67,67,928,895,170,173,158,159,0,0,0,No
Application Fee Received,817,OPEN,female,Punjab,41,0,798,781,151,160,128,0,111,0,0,No
Application Fee Received,1056.636,OPEN,female,Punjab,82,82,989,979,175,186,194,47,167,0,0,No
Challan Printed,952,OPEN,male,Punjab,68,0,953,889,143,162,152,47,175,0,0,No
Challan Printed,976,OPEN,male,Punjab,88,0,899,893,0,0,0,0,0,0,0,No
Application Fee Received,934,OPEN,female,Punjab,64,0,789,875,156,165,146,159,47,0,0,No
Application Fee Received,922.455,OPEN,male,Punjab,63,63,932,864,0,0,0,0,0,0,0,No
Application Fee Received,984,OPEN,female,Punjab,52,0,883,937,150,0,0,0,0,0,0,No
Challan Printed,1050.455,OPEN,male,Punjab,81,81,931,974,147,196,183,45,192,0,0,No
Application Fee Received,922,OPEN,female,Punjab,64,0,839,863,152,161,156,158,44,0,0,No
Challan Printed,740,OPEN,male,Punjab,43,0,861,702,147,40,33,126,147,0,0,No
Application Fee Received,1024,OPEN,male,Punjab,84,84,870,945,0,0,0,0,0,0,0,No
Application Fee Received,995.273,Bahawalpur,female,Punjab,72,72,724,928,163,171,162,192,43,0,0,No
Application Fee Received,941,OPEN,male,Punjab,55,0,847,891,156,143,180,48,165,0,0,No
Application Fee Received,854,OPEN,female,Punjab,37,37,763,859,135,41,44,168,148,0,0,No
Application Fee Received,948,OPEN,male,Punjab,55,0,866,898,158,46,43,162,174,0,0,No
Application Fee Received,953.909,OPEN,male,Punjab,46,46,819,912,177,171,184,145,44,0,0,No
Application Fee Received,788,OPEN,female,Punjab,50,43,923,753,168,132,148,43,85,0,0,No
Application Fee Received,1005,OPEN,male,Punjab,77,77,939,938,158,44,44,181,179,0,0,No
Challan Printed,1027.818,OPEN,male,Punjab,78,78,944,954,170,44,47,193,172,0,0,No
Challan Printed,984.727,OPEN,male,Punjab,72,72,908,922,168,170,155,179,0,0,0,No
Application Fee Received,891,OPEN,male,Punjab,55,0,984,841,170,158,46,132,40,0,0,No
Application Fee Received,912,OPEN,male,Punjab,46,0,900,871,172,170,173,145,44,0,0,No
Application Fee Received,972.273,OPEN,male,Punjab,66,66,874,916,0,0,0,0,0,0,0,No
Challan Printed,1045,OPEN,female,Punjab,63,0,929,987,177,45,46,192,176,0,0,No
Application Fee Received,983,OPEN,male,Punjab,59,0,971,929,162,44,42,174,175,0,0,No
Application Fee Received,927,OPEN,male,Punjab,47,0,893,885,147,149,164,162,48,0,0,No
Challan Printed,744,OPEN,male,Punjab,43,0,809,706,0,0,0,0,0,0,0,No
Challan Printed,913.091,OPEN,male,Punjab,81,81,944,837,0,0,0,0,0,0,0,No
Application Fee Received,798,OPEN,female,Punjab,0,0,772,808,157,0,0,0,0,0,0,No
Application Fee Received,872,OPEN,female,Punjab,56,0,852,821,0,0,0,0,0,0,0,No
Challan Printed,970.364,OPEN,male,Punjab,73,73,912,902,0,0,0,0,0,0,0,No
Application Fee Received,998.818,OPEN,female,Punjab,55,55,818,948,171,47,47,170,179,0,0,No
Application Fee Received,1006.273,OPEN,male,Punjab,79,79,889,932,0,0,0,0,0,0,0,No
Challan Printed,889,OPEN,male,Punjab,54,0,776,840,151,106,175,45,174,0,0,No
Application Fee Received,950,OPEN,female,Punjab,74,0,852,881,169,40,163,155,171,0,0,No
Application Fee Received,948.545,OPEN,male,Punjab,70,70,898,883,0,0,0,0,0,0,0,No
Application Fee Received,988.182,OPEN,female,Punjab,76,76,847,917,178,156,173,46,176,0,0,No
Application Fee Received,899,OPEN,male,Punjab,51,0,998,843,0,0,0,0,0,0,0,No
Application Fee Received,957.182,OPEN,female,Punjab,48,48,821,914,176,46,48,155,160,0,0,No
Application Fee Received,992.091,OPEN,male,Punjab,83,83,878,914,154,170,163,182,46,0,0,No
Application Fee Received,926.727,OPEN,male,Punjab,72,72,840,859,144,168,143,40,178,0,0,No
Challan Printed,1055.909,OPEN,male,Punjab,86,86,999,979,194,190,175,48,183,0,0,No
Challan Printed,929,OPEN,female,Punjab,0,0,945,934,0,0,0,0,0,0,0,No
Application Fee Received,1021,OPEN,female,Punjab,55,0,931,971,176,46,48,181,172,0,0,No
Application Fee Received,921,OPEN,female,Punjab,52,0,889,874,148,177,163,39,46,0,0,No
Application Fee Received,956.727,OPEN,female,Punjab,58,58,893,903,164,0,0,0,0,0,0,No
Challan Printed,946.818,OPEN,female,Punjab,69,69,918,882,163,45,158,155,43,0,0,No
Application Fee Received,651,OPEN,female,Punjab,41,0,585,615,41,96,25,155,75,0,0,No
Application Received,912,OPEN,female,Punjab,53,0,846,864,138,42,174,162,153,0,0,No
Application Fee Received,1033,OPEN,male,Punjab,86,86,907,957,161,188,193,163,46,0,0,No
Application Fee Received,976.364,OPEN,female,Punjab,66,66,925,915,148,182,162,175,39,0,0,No
Application Received,1026.545,OPEN,male,Punjab,76,76,967,955,179,189,179,49,41,0,0,No
Application Fee Received,671,OPEN,female,Punjab,0,0,591,696,111,120,134,105,44,0,0,No
Challan Printed,765,OPEN,male,Punjab,0,0,682,770,79,111,96,129,86,0,0,No
Application Fee Received,1001.182,OPEN,female,Punjab,76,76,830,930,172,158,158,48,172,0,0,No
Application Fee Received,1023.273,OPEN,female,Punjab,71,71,886,957,153,190,192,165,0,0,0,No
Challan Printed,906.909,OPEN,male,Punjab,50,50,780,861,0,0,0,0,0,0,0,No
Application Fee Received,977,OPEN,female,Punjab,53,50,869,929,189,156,159,48,147,0,0,No
Application Fee Received,996.455,OPEN,female,Punjab,75,75,931,931,181,171,174,40,178,0,0,No
Application Fee Received,1012.818,OPEN,male,Punjab,74,74,945,943,174,47,180,173,164,0,0,No
Application Fee Received,847,OPEN,female,Punjab,57,0,697,795,150,44,41,134,152,0,0,No
Application Received,973.182,OPEN,female,Punjab,62,62,876,916,172,189,150,166,46,0,0,No
Application Fee Received,1026.636,OPEN,male,Punjab,78,78,884,953,194,179,172,167,45,0,0,No
Application Fee Received,1018.364,OPEN,female,Punjab,78,78,790,950,180,167,187,48,174,0,0,No
Application Fee Received,939,OPEN,female,Punjab,49,0,810,895,183,155,159,45,163,0,0,No
Application Fee Received,676,OPEN,female,Punjab,0,0,769,681,0,0,0,0,0,0,0,No
Challan Printed,1022,OPEN,female,Punjab,62,0,971,965,184,172,189,48,43,0,0,No
Admission Fee Challan Received,1078,OPEN,female,Punjab,80,0,924,1003,0,0,0,0,0,1,0,Yes
Application Fee Received,1026,OPEN,male,Punjab,84,70,876,947,185,40,185,164,184,0,0,No
Application Fee Received,1035,OPEN,female,Punjab,72,0,952,968,166,178,181,48,189,0,0,No
Challan Printed,914,OPEN,male,Punjab,65,0,869,854,133,161,174,48,149,0,0,No
Application Fee Received,949.909,OPEN,male,Punjab,57,57,878,897,135,176,171,182,0,0,0,No
Application Fee Received,965,OPEN,female,Punjab,53,0,949,917,143,169,179,0,184,0,0,No
Application Fee Received,887,OPEN,female,Punjab,53,0,819,839,160,124,156,43,158,0,0,No
Application Fee Received,985.727,OPEN,female,Punjab,77,77,892,913,179,169,170,164,43,0,0,No
Application Fee Received,1034,OPEN,female,Punjab,65,0,864,974,184,172,191,49,184,1,0,Yes
Challan Printed,843,OPEN,male,Punjab,79,0,816,769,116,126,139,46,155,0,0,No
Application Fee Received,978,OPEN,female,Punjab,58,0,833,925,133,49,188,167,182,0,0,No
Application Fee Received,872,OPEN,male,Punjab,54,29,978,823,162,44,152,141,125,0,0,No
Application Fee Received,876,OPEN,male,Punjab,57,0,824,824,145,126,150,41,46,0,0,No
Application Fee Received,863,OPEN,female,Punjab,45,0,862,823,148,46,44,153,133,0,0,No
Application Fee Received,1033.364,OPEN,female,Punjab,72,72,866,971,169,177,194,45,194,0,0,No
Challan Printed,1017,OPEN,male,Punjab,77,72,959,950,177,186,173,171,38,0,0,No
Application Fee Received,819,OPEN,male,Punjab,27,27,826,824,173,151,112,140,0,0,0,No
Application Fee Received,1017,OPEN,male,Punjab,72,0,928,950,169,43,169,45,183,0,0,No
Challan Printed,1009,OPEN,female,Punjab,57,0,911,957,188,172,188,0,0,0,0,No
Application Fee Received,1050.727,OPEN,male,Punjab,78,78,854,982,186,184,172,0,188,0,0,No
Application Fee Received,1062.909,OPEN,female,Punjab,81,81,968,991,179,185,185,48,167,1,0,Yes
Application Fee Received,901,OPEN,male,Punjab,54,0,824,852,159,150,165,45,142,0,0,No
Application Fee Received,888,OPEN,female,Punjab,46,38,886,847,0,0,0,0,0,0,0,No
Application Fee Received,1041.091,OPEN,female,Punjab,66,66,950,980,0,0,0,0,0,0,0,No
Application Fee Received,1019.182,OPEN,female,Punjab,73,73,854,951,0,0,0,0,0,0,0,No
Challan Printed,975,OPEN,male,Punjab,62,0,885,918,145,48,172,182,173,0,0,No
Application Fee Received,930,OPEN,female,Punjab,69,0,926,866,170,172,125,161,0,0,0,No
Application Fee Received,813,OPEN,male,Punjab,42,0,872,776,141,141,141,107,0,0,0,No
Application Fee Received,934,OPEN,male,Punjab,65,0,946,874,174,44,168,163,141,0,0,No
Challan Printed,1037.273,OPEN,female,Punjab,78,78,905,964,179,0,188,0,183,0,0,No
Application Fee Received,993,OPEN,male,Punjab,63,0,931,935,171,166,41,172,46,0,0,No
Application Fee Received,999,OPEN,male,Punjab,74,0,894,930,167,168,183,45,164,0,0,No
Challan Printed,1045.545,OPEN,female,Punjab,69,69,863,986,184,194,187,43,174,0,0,No
Application Fee Received,906,OPEN,female,Punjab,41,38,841,870,0,0,0,0,0,0,0,No
Challan Printed,919,OPEN,female,Punjab,31,0,817,893,165,174,135,173,45,0,0,No
Application Received,798,OPEN,male,Punjab,54,0,866,749,0,0,0,0,0,0,0,No
Challan Printed,1010.909,OPEN,female,Punjab,72,72,865,943,172,44,183,171,164,0,0,No
Application Fee Received,979.909,OPEN,female,Punjab,41,41,899,923,182,148,187,48,149,0,0,No
Application Fee Received,1016.636,OPEN,female,Punjab,76,76,908,945,174,185,172,40,176,0,0,No
Application Fee Received,971.727,OPEN,male,Punjab,70,70,888,911,158,180,44,162,44,0,0,No
Application Fee Received,961.727,Bahawalpur,female,Punjab,50,50,974,916,170,46,42,174,170,0,0,No
Application Fee Received,1008.818,OPEN,male,Punjab,79,79,840,934,182,164,185,39,173,0,0,No
Challan Printed,876,OPEN,male,Punjab,0,0,834,881,47,47,165,172,169,0,0,No
Application Fee Received,959.636,OPEN,male,Punjab,50,50,879,914,0,0,0,0,0,0,0,No
Application Fee Received,1009.545,OPEN,male,Punjab,64,64,959,950,178,172,162,45,46,0,0,No
Application Fee Received,939,OPEN,male,Punjab,63,0,891,881,163,46,39,161,136,0,0,No
Application Fee Received,1032,OPEN,female,Punjab,73,0,869,964,172,187,183,176,45,0,0,No
Challan Printed,1025.091,OPEN,female,Punjab,75,75,836,960,150,177,187,46,175,0,0,No
Challan Printed,1049.545,OPEN,male,Punjab,55,55,970,979,0,0,0,0,0,0,0,No
Application Fee Received,889,Bahawalpur,female,Punjab,55,0,854,839,142,42,40,157,161,0,0,No
Challan Printed,1006,Bahawalpur,female,Punjab,73,0,945,938,178,42,178,46,165,0,0,No
Application Fee Received,991,OPEN,male,Punjab,48,0,896,953,154,46,46,194,176,0,0,No
Challan Printed,899,OPEN,female,Punjab,50,50,768,854,0,0,0,0,0,0,0,No
Application Fee Received,936,OPEN,male,Sind,63,0,930,858,151,48,42,163,163,0,0,No
Application Fee Received,1015,OPEN,female,Punjab,63,0,891,957,167,171,187,47,43,0,0,No
Application Fee Received,920,OPEN,female,Punjab,64,0,946,861,159,149,44,161,47,0,0,No
Application Fee Received,847,Bahawalpur,female,Punjab,53,0,794,799,159,146,134,44,152,0,0,No
Application Fee Received,949,Bahawalpur,female,Punjab,65,0,719,894,169,172,163,169,42,0,0,No
Challan Printed,951,OPEN,male,Sind,54,0,972,902,147,173,155,46,167,0,0,No
Application Fee Received,681,OPEN,female,Sind,50,0,612,641,116,92,140,89,37,0,0,No
Application Fee Received,1010.909,OPEN,male,Punjab,60,60,971,960,175,172,184,178,48,0,0,No
Challan Printed,1014.273,Bahawalpur,female,Punjab,75,75,923,944,171,160,179,47,176,0,0,No
Application Fee Received,935.182,OPEN,female,Punjab,50,50,855,895,171,171,182,150,43,0,0,No
Admission Fee Challan Received,863,OPEN,male,Baluchistan,0,0,736,818,161,128,151,151,0,1,0,No
Challan Printed,830,OPEN,male,Baluchistan,51,0,834,784,125,34,120,145,102,0,0,No
Challan Printed,787,OPEN,male,Baluchistan,70,0,845,727,148,36,40,121,127,0,0,No
Application Received,612,Bahawalpur,female,Punjab,53,0,720,642,98,140,115,33,116,0,0,No
Challan Printed,891,OPEN,male,Punjab,51,0,756,845,129,164,150,149,0,0,0,No
Application Received,856,OPEN,male,Gilgit-Baltistan,55,0,896,806,175,146,131,44,147,0,0,No
Application Fee Received,935,OPEN,male,Gilgit-Baltistan,0,0,856,890,175,170,148,168,37,1,0,No
Admission Fee Challan Received,691,OPEN,male,Gilgit-Baltistan,50,0,776,646,120,96,112,108,0,1,0,No
Challan Printed,1007.909,OPEN,male,Azad Kashmir,74,74,867,938,0,0,0,0,0,0,0,No
Challan Printed,966.273,OPEN,male,Azad Kashmir,67,67,943,904,0,0,0,0,0,0,0,No
