Application Status,Domicile,Gender,Province,Admission Test,SSC,Terminal Degree,Document Verified,English Marks,Offered
No,OPEN,male,Khyber Pakhtunkhwa,0,637,667,0,0,No
Complete,Bahawalpur,male,Punjab,59,1050,1100,1,0,Yes
No,Bahawalpur,male,Punjab,60,916,825,0,0,No
Complete,Bahawalpur,male,Punjab,59,803,783,0,0,No
No,Bahawalpur,male,Punjab,44,813,1050,0,0,No
Complete,Bahawalpur,male,Punjab,42,745,614,0,0,No
Complete,OPEN,male,FATA,0,685,689,1,0,No
No,Bahawalpur,male,Punjab,60,814,771,0,0,No
Complete,Bahawalpur,female,Punjab,54,738,726,0,0,No
Complete,Bahawalpur,male,Punjab,49,811,841,1,0,No
Complete,Bahawalpur,female,Punjab,47,401,638,0,0,No
No,Bahawalpur,male,Punjab,50,828,727,0,0,No
Complete,Bahawalpur,male,Punjab,48,629,583,0,0,No
No,Bahawalpur,male,Punjab,46,635,801,0,0,No
Complete,Bahawalpur,male,Punjab,56,766,654,0,0,No
No,Bahawalpur,male,Punjab,60,668,750,0,0,No
No,Bahawalpur,female,Punjab,32,692,579,0,0,No
Complete,Bahawalpur,female,Punjab,59,926,828,0,0,No
Complete,Bahawalpur,male,Punjab,41,764,645,0,0,No
Complete,Bahawalpur,female,Punjab,55,799,850,1,0,Yes
Complete,Bahawalpur,male,Punjab,58,751,595,0,0,No
Complete,Bahawalpur,male,Punjab,51,615,601,0,0,No
Complete,Bahawalpur,female,Punjab,47,671,601,0,0,No
Complete,Bahawalpur,male,Punjab,54,766,893,1,0,Yes
Complete,Bahawalpur,male,Punjab,46,920,773,1,0,No
Complete,Bahawalpur,male,Punjab,36,648,743,0,0,No
Complete,Bahawalpur,female,Punjab,50,687,628,0,0,No
No,Bahawalpur,male,Punjab,47,727,601,0,0,No
No,Bahawalpur,male,Punjab,50,807,911,0,0,No
Complete,Bahawalpur,female,Punjab,47,573,732,0,0,No
Complete,Bahawalpur,female,Punjab,44,713,796,0,0,No
Complete,Bahawalpur,male,Punjab,50,761,700,0,0,No
No,Bahawalpur,female,Punjab,51,853,662,0,0,No
Complete,Bahawalpur,male,Punjab,38,657,757,0,0,No
Complete,Bahawalpur,male,Punjab,50,721,735,0,0,No
Complete,Bahawalpur,male,Punjab,63,831,808,0,0,No
No,Bahawalpur,male,Punjab,48,765,767,0,0,No
No,Bahawalpur,male,Punjab,60,923,888,0,0,No
No,Bahawalpur,male,Punjab,0,0,0,0,0,No
Complete,Bahawalpur,male,Punjab,58,675,766,0,0,No
Complete,Bahawalpur,male,Punjab,49,766,491,0,0,No
Complete,Bahawalpur,male,Punjab,48,573,541,0,0,No
Complete,Bahawalpur,female,Punjab,50,808,691,0,0,No
Complete,Bahawalpur,male,Punjab,52,903,796,0,0,No
Complete,Bahawalpur,male,Punjab,57,756,691,0,0,No
Complete,Bahawalpur,female,Punjab,46,811,784,0,0,No
Complete,Bahawalpur,male,Punjab,56,681,829,1,0,No
Complete,Bahawalpur,female,Punjab,44,826,630,0,0,No
Complete,Bahawalpur,female,Punjab,1,683,562,0,0,No
Complete,Bahawalpur,male,Punjab,58,787,729,0,0,No
Complete,Bahawalpur,female,Punjab,48,811,754,0,0,No
Complete,Bahawalpur,male,Punjab,54,903,813,1,0,No
No,Bahawalpur,male,Punjab,58,815,809,0,0,No
Complete,Bahawalpur,male,Punjab,52,694,622,0,0,No
No,Bahawalpur,male,Punjab,43,705,615,0,0,No
Complete,Bahawalpur,male,Punjab,51,835,802,1,0,No
No,Bahawalpur,male,Punjab,50,770,550,0,0,No
Complete,Bahawalpur,female,Punjab,45,672,595,0,0,No
Complete,Bahawalpur,male,Punjab,41,574,747,0,0,No
Complete,Bahawalpur,female,Punjab,50,762,794,0,0,No
Complete,Bahawalpur,male,Punjab,49,785,662,0,0,No
Complete,Bahawalpur,female,Punjab,43,635,599,0,0,No
No,Bahawalpur,male,Punjab,52,654,478,0,0,No
Complete,Bahawalpur,male,Punjab,49,753,606,1,0,No
Complete,Bahawalpur,male,Punjab,60,847,815,1,0,Yes
Complete,Bahawalpur,male,Punjab,56,563,555,0,0,No
Complete,Bahawalpur,male,Punjab,52,641,727,0,0,No
Complete,Bahawalpur,male,Punjab,65,628,692,0,0,No
Complete,Bahawalpur,female,Punjab,52,877,916,0,0,No
Complete,Bahawalpur,male,Punjab,44,929,723,0,0,No
Complete,Bahawalpur,male,Punjab,52,815,737,0,0,No
No,Bahawalpur,male,Punjab,64,801,780,0,0,No
Complete,Bahawalpur,male,Punjab,31,825,798,0,0,No
No,Bahawalpur,male,Punjab,0,667,640,0,0,No
Complete,Bahawalpur,male,Punjab,60,663,699,0,0,No
No,Bahawalpur,female,Punjab,0,631,651,0,0,No
Complete,Bahawalpur,male,Punjab,51,881,711,0,0,No
Complete,Bahawalpur,male,Punjab,63,764,814,1,0,Yes
Complete,Bahawalpur,male,Punjab,59,647,734,0,0,No
Complete,Bahawalpur,male,Punjab,53,829,727,0,0,No
Complete,Bahawalpur,male,Punjab,50,804,733,0,0,No
No,Bahawalpur,male,Punjab,43,682,693,0,0,No
Complete,Bahawalpur,male,Punjab,33,745,788,0,0,No
Complete,Bahawalpur,male,Punjab,60,813,804,1,0,No
Complete,Bahawalpur,male,Punjab,7,551,747,0,0,No
Complete,Bahawalpur,male,Punjab,53,805,723,0,0,No
Complete,Bahawalpur,male,Punjab,52,705,686,0,0,No
Complete,Bahawalpur,male,Punjab,44,702,581,0,0,No
No,OPEN,male,Punjab,54,630,707,0,0,No
Complete,Bahawalpur,male,Punjab,54,866,631,0,0,No
Complete,Bahawalpur,male,Punjab,50,576,707,0,0,No
Complete,Bahawalpur,male,Punjab,56,687,703,0,0,No
No,Bahawalpur,male,Punjab,50,728,623,0,0,No
No,Bahawalpur,female,Punjab,56,756,804,0,0,No
Complete,Bahawalpur,male,Punjab,60,836,727,0,0,No
Complete,Bahawalpur,male,Punjab,50,748,620,0,0,No
Complete,Bahawalpur,male,Punjab,59,706,722,0,0,No
Complete,Bahawalpur,male,Punjab,52,808,643,0,0,No
No,Bahawalpur,female,Punjab,66,885,903,0,0,No
Complete,Bahawalpur,male,Punjab,36,673,566,0,0,No
Complete,Bahawalpur,male,Punjab,45,479,533,0,0,No
No,Bahawalpur,male,Punjab,42,565,771,0,0,No
Complete,Bahawalpur,male,Punjab,48,672,807,0,0,No
Complete,Bahawalpur,male,Punjab,41,591,533,0,0,No
No,Bahawalpur,male,Punjab,54,705,677,0,0,No
Complete,Bahawalpur,male,Punjab,54,600,634,0,0,No
Complete,Bahawalpur,male,Punjab,55,661,732,0,0,No
Complete,Bahawalpur,male,Punjab,54,706,635,0,0,No
Complete,Bahawalpur,male,Punjab,56,782,758,0,0,No
Complete,Bahawalpur,male,Punjab,40,694,707,0,0,No
Complete,Bahawalpur,male,Punjab,48,852,820,1,0,No
Complete,Bahawalpur,male,Punjab,50,681,614,0,0,No
Complete,Bahawalpur,male,Punjab,52,862,682,0,0,No
Complete,Bahawalpur,male,Punjab,47,666,690,0,0,No
Complete,Bahawalpur,female,Punjab,53,902,855,0,0,No
Complete,Bahawalpur,female,Punjab,58,716,605,0,0,No
No,Bahawalpur,male,Punjab,48,818,662,0,0,No
Complete,Bahawalpur,male,Punjab,53,765,765,0,0,No
Complete,Bahawalpur,male,Punjab,53,532,588,0,0,No
Complete,Bahawalpur,female,Punjab,51,845,882,1,0,Yes
Complete,Bahawalpur,male,Punjab,48,843,836,0,0,No
Complete,Bahawalpur,male,Punjab,47,863,761,0,0,No
Complete,Bahawalpur,male,Punjab,61,840,624,1,0,No
No,Bahawalpur,male,Punjab,0,624,525,0,0,No
Complete,Bahawalpur,female,Punjab,55,881,802,1,0,Yes
Complete,Bahawalpur,male,Punjab,52,886,836,1,0,No
Complete,Bahawalpur,male,Punjab,47,563,867,0,0,No
Complete,Bahawalpur,male,Punjab,32,582,545,0,0,No
No,Bahawalpur,male,Punjab,54,704,698,0,0,No
Complete,Bahawalpur,female,Punjab,54,870,843,1,0,Yes
Complete,Bahawalpur,male,Punjab,47,717,841,1,0,No
Complete,Bahawalpur,male,Punjab,52,767,595,0,0,No
Complete,Bahawalpur,male,Punjab,44,746,825,0,0,No
No,Bahawalpur,male,Punjab,59,792,875,0,0,No
Complete,Bahawalpur,male,Punjab,53,882,850,1,0,Yes
Complete,Bahawalpur,female,Punjab,59,813,795,1,0,No
Complete,Bahawalpur,male,Punjab,48,538,792,0,0,No
Complete,Bahawalpur,female,Punjab,67,899,954,1,0,Yes
Complete,Bahawalpur,male,Punjab,48,610,752,0,0,No
Complete,Bahawalpur,male,Punjab,55,648,713,0,0,No
No,Bahawalpur,male,Punjab,51,716,521,0,0,No
Complete,Bahawalpur,male,Punjab,63,716,708,0,0,No
Complete,Bahawalpur,female,Punjab,55,744,690,0,0,No
No,Bahawalpur,male,Punjab,67,561,609,0,0,No
Complete,Bahawalpur,male,Punjab,67,882,746,0,0,No
Complete,Bahawalpur,male,Punjab,59,766,688,0,0,No
Complete,Bahawalpur,female,Punjab,40,796,705,0,0,No
No,Bahawalpur,male,Punjab,52,694,678,0,0,No
No,Bahawalpur,male,Punjab,56,755,825,0,0,No
Complete,Bahawalpur,male,Punjab,47,640,560,0,0,No
Complete,Bahawalpur,male,Punjab,54,469,482,0,0,No
Complete,Bahawalpur,male,Punjab,39,669,827,0,0,No
No,Bahawalpur,male,Punjab,51,625,664,0,0,No
No,Bahawalpur,male,Punjab,53,775,834,0,0,No
Complete,Bahawalpur,male,Punjab,64,557,772,0,0,No
Complete,Bahawalpur,female,Punjab,56,804,825,1,0,Yes
Complete,Bahawalpur,female,Punjab,50,736,775,0,0,No
Complete,Bahawalpur,female,Punjab,57,836,791,0,0,No
Complete,Bahawalpur,male,Punjab,55,542,762,0,0,No
Complete,Bahawalpur,female,Punjab,50,641,805,1,0,No
Complete,Bahawalpur,male,Punjab,44,553,448,0,0,No
No,Bahawalpur,male,Punjab,40,620,574,0,0,No
Complete,Bahawalpur,male,Punjab,50,745,834,1,0,Yes
Complete,Bahawalpur,male,Punjab,62,804,744,0,0,No
Complete,Bahawalpur,male,Punjab,54,974,913,1,0,Yes
Complete,Bahawalpur,male,Punjab,43,505,496,0,0,No
Complete,Bahawalpur,male,Punjab,58,883,865,1,0,Yes
Complete,Bahawalpur,male,Punjab,44,807,539,0,0,No
Complete,Bahawalpur,male,Punjab,52,837,739,0,0,No
Complete,Bahawalpur,male,Punjab,62,873,791,1,0,No
Complete,Bahawalpur,male,Punjab,64,700,802,1,0,Yes
Complete,Bahawalpur,male,Punjab,42,698,830,0,0,No
Complete,Bahawalpur,male,Punjab,48,706,671,1,0,No
Complete,Bahawalpur,male,Punjab,58,729,726,0,0,No
No,Bahawalpur,male,Punjab,57,671,623,0,0,No
Complete,Bahawalpur,male,Punjab,48,549,609,0,0,No
Complete,Bahawalpur,male,Punjab,46,770,849,1,0,Yes
Complete,Bahawalpur,male,Punjab,49,477,508,0,0,No
Complete,Bahawalpur,male,Punjab,52,836,791,0,0,No
Complete,Bahawalpur,male,Punjab,41,697,730,0,0,No
Complete,Bahawalpur,female,Punjab,54,552,667,0,0,No
Complete,Bahawalpur,male,Punjab,50,697,672,0,0,No
Complete,Bahawalpur,male,Punjab,47,690,608,0,0,No
No,Bahawalpur,male,Punjab,44,493,535,0,0,No
No,Bahawalpur,male,Punjab,35,729,648,0,0,No
Complete,Bahawalpur,male,Punjab,54,836,721,0,0,No
Complete,Bahawalpur,female,Punjab,58,749,842,0,0,No
No,Bahawalpur,male,Punjab,54,823,652,0,0,No
Complete,Bahawalpur,male,Punjab,45,544,772,0,0,No
Complete,Bahawalpur,female,Punjab,52,718,710,0,0,No
Complete,Bahawalpur,female,Punjab,50,651,702,0,0,No
Complete,Bahawalpur,male,Punjab,47,738,902,1,0,Yes
Complete,Bahawalpur,male,Punjab,56,711,568,0,0,No
No,Bahawalpur,male,Punjab,53,716,569,0,0,No
Complete,Bahawalpur,male,Punjab,60,819,694,0,0,No
Complete,Bahawalpur,male,Punjab,57,838,851,0,0,No
Complete,Bahawalpur,male,Punjab,66,723,691,0,0,No
Complete,Bahawalpur,male,Punjab,49,679,680,0,0,No
Complete,Bahawalpur,male,Punjab,58,838,822,1,0,Yes
Complete,OPEN,male,Punjab,46,693,826,0,0,No
Complete,OPEN,male,Punjab,62,917,750,0,0,No
Complete,Bahawalpur,male,Punjab,53,827,853,1,0,Yes
Complete,Bahawalpur,female,Punjab,48,871,791,0,0,No
Complete,Bahawalpur,male,Punjab,50,760,626,0,0,No
Complete,Bahawalpur,male,Punjab,50,634,507,0,0,No
Complete,Bahawalpur,female,Punjab,68,855,924,1,0,Yes
Complete,Bahawalpur,male,Punjab,62,793,753,0,0,No
Complete,Bahawalpur,female,Punjab,50,806,583,0,0,No
Complete,Bahawalpur,male,Punjab,40,639,692,1,0,No
No,Bahawalpur,female,Punjab,54,813,750,0,0,No
Complete,Bahawalpur,male,Punjab,44,778,644,0,0,No
Complete,Bahawalpur,male,Punjab,60,672,670,0,0,No
Complete,Bahawalpur,male,Punjab,60,858,808,1,0,Yes
Complete,Bahawalpur,female,Punjab,56,880,817,1,0,No
Complete,Bahawalpur,male,Punjab,62,591,800,0,0,No
Complete,Bahawalpur,male,Punjab,53,552,800,1,0,No
Complete,Bahawalpur,male,Punjab,49,659,485,0,0,No
No,Bahawalpur,male,Punjab,51,847,710,0,0,No
No,Bahawalpur,male,Punjab,57,613,532,0,0,No
Complete,Bahawalpur,male,Punjab,46,803,721,1,0,No
Complete,Bahawalpur,male,Punjab,19,774,633,0,0,No
Complete,Bahawalpur,male,Punjab,40,475,786,0,0,No
Complete,Bahawalpur,male,Punjab,52,678,557,0,0,No
Complete,Bahawalpur,male,Punjab,49,629,587,0,0,No
Complete,Bahawalpur,female,Punjab,45,759,619,0,0,No
No,Bahawalpur,female,Punjab,20,736,533,0,0,No
Complete,Bahawalpur,female,Punjab,49,806,793,0,0,No
Complete,Bahawalpur,male,Punjab,59,776,782,0,0,No
Complete,Bahawalpur,female,Punjab,52,802,889,0,0,No
Complete,Bahawalpur,male,Punjab,42,549,598,1,0,No
Complete,Bahawalpur,male,Punjab,40,546,604,1,0,No
Complete,Bahawalpur,male,Punjab,52,844,812,1,0,No
Complete,Bahawalpur,male,Punjab,64,883,747,0,0,No
No,Bahawalpur,male,Punjab,70,718,635,0,0,No
Complete,Bahawalpur,male,Punjab,68,761,583,0,0,No
Complete,Bahawalpur,female,Punjab,71,791,744,1,0,No
Complete,Bahawalpur,male,Punjab,57,731,695,0,0,No
Complete,Bahawalpur,female,Punjab,47,798,685,0,0,No
No,Bahawalpur,male,Punjab,55,671,612,0,0,No
Complete,Bahawalpur,male,Punjab,64,776,648,0,0,No
Complete,Bahawalpur,male,Punjab,43,623,597,0,0,No
Complete,Bahawalpur,male,Punjab,46,719,770,0,0,No
No,Bahawalpur,male,Punjab,44,825,683,0,0,No
Complete,Bahawalpur,female,Punjab,42,624,460,0,0,No
Complete,Bahawalpur,male,Punjab,60,800,750,0,0,No
Complete,Bahawalpur,male,Punjab,47,708,671,0,0,No
Complete,Bahawalpur,male,Punjab,49,577,598,0,0,No
Complete,Bahawalpur,male,Punjab,31,680,511,1,0,No
Complete,Bahawalpur,male,Punjab,62,901,838,1,0,Yes
Complete,Bahawalpur,male,Punjab,58,474,662,1,0,No
Complete,Bahawalpur,male,Punjab,48,726,670,0,0,No
Complete,Bahawalpur,male,Punjab,63,845,682,1,0,No
Complete,Bahawalpur,male,Punjab,72,599,621,0,0,No
Complete,Bahawalpur,male,Punjab,38,709,683,0,0,No
Complete,Bahawalpur,male,Punjab,43,647,791,0,0,No
Complete,Bahawalpur,female,Punjab,66,769,913,1,0,Yes
Complete,Bahawalpur,male,Punjab,41,667,773,0,0,No
No,Bahawalpur,male,Punjab,55,826,667,0,0,No
Complete,Bahawalpur,male,Punjab,53,595,822,1,0,No
Complete,Bahawalpur,male,Punjab,41,516,628,0,0,No
Complete,Bahawalpur,male,Punjab,56,859,764,0,0,No
No,Bahawalpur,male,Punjab,51,659,590,0,0,No
Complete,Bahawalpur,female,Punjab,48,907,807,1,0,No
Complete,Bahawalpur,male,Punjab,62,790,707,1,0,No
Complete,Bahawalpur,female,Punjab,40,753,542,0,0,No
No,OPEN,female,Punjab,0,756,489,0,0,No
No,OPEN,male,Punjab,38,629,723,0,0,No
Complete,Bahawalpur,male,Punjab,56,833,830,1,0,Yes
No,Bahawalpur,male,Punjab,46,791,827,0,0,No
Complete,Bahawalpur,male,Punjab,41,748,583,0,0,No
Complete,Bahawalpur,female,Punjab,46,666,638,0,0,No
No,Bahawalpur,male,Punjab,47,585,566,0,0,No
Complete,Bahawalpur,male,Punjab,40,771,570,0,0,No
Complete,Bahawalpur,male,Punjab,50,684,622,0,0,No
Complete,Bahawalpur,male,Punjab,53,796,791,1,0,No
Complete,Bahawalpur,male,Punjab,67,914,938,1,0,Yes
No,Bahawalpur,female,Punjab,54,830,579,0,0,No
Complete,Bahawalpur,male,Punjab,45,510,698,1,0,No
Complete,Bahawalpur,female,Punjab,61,878,784,1,0,No
Complete,Bahawalpur,male,Punjab,52,523,811,1,0,No
Complete,Bahawalpur,male,Punjab,63,806,776,1,0,No
Complete,Bahawalpur,male,Punjab,48,729,622,0,0,No
Complete,Bahawalpur,male,Punjab,50,765,764,1,0,No
No,Bahawalpur,male,Punjab,49,590,668,0,0,No
Complete,Bahawalpur,male,Punjab,58,527,452,0,0,No
Complete,Bahawalpur,male,Punjab,56,560,643,1,0,No
No,Bahawalpur,male,Punjab,27,0,0,0,0,No
Complete,Bahawalpur,female,Punjab,62,747,738,0,0,No
No,Bahawalpur,male,Punjab,50,578,552,0,0,No
No,Bahawalpur,female,Punjab,46,583,728,0,0,No
No,Bahawalpur,female,Punjab,57,618,552,0,0,No
Complete,Bahawalpur,female,Punjab,47,827,741,0,0,No
Complete,Bahawalpur,male,Punjab,50,567,492,1,0,No
Complete,Bahawalpur,male,Punjab,56,857,750,0,0,No
Complete,Bahawalpur,male,Punjab,47,577,850,1,0,Yes
Complete,Bahawalpur,male,Punjab,57,685,824,1,0,Yes
Complete,Bahawalpur,female,Punjab,47,897,740,0,0,No
Complete,Bahawalpur,male,Punjab,52,684,589,1,0,No
Complete,Bahawalpur,male,Punjab,63,709,876,0,0,No
Complete,Bahawalpur,female,Punjab,44,906,799,0,0,No
Complete,Bahawalpur,male,Punjab,49,525,787,0,0,No
Complete,Bahawalpur,female,Punjab,47,735,857,1,0,Yes
Complete,Bahawalpur,male,Punjab,50,696,612,0,0,No
No,Bahawalpur,male,Punjab,59,800,642,0,0,No
Complete,Bahawalpur,male,Punjab,63,842,781,1,0,No
No,Bahawalpur,male,Punjab,47,683,574,0,0,No
Complete,Bahawalpur,male,Punjab,44,722,596,0,0,No
Complete,Bahawalpur,male,Punjab,52,712,736,0,0,No
Complete,Bahawalpur,female,Punjab,57,689,781,0,0,No
Complete,Bahawalpur,male,Punjab,45,671,782,0,0,No
Complete,OPEN,male,Punjab,66,836,790,0,0,No
Complete,Bahawalpur,male,Punjab,51,821,704,0,0,No
Complete,Bahawalpur,male,Punjab,50,864,652,0,0,No
Complete,Bahawalpur,male,Punjab,45,674,645,0,0,No
Complete,Bahawalpur,male,Punjab,52,710,657,0,0,No
Complete,Bahawalpur,male,Punjab,44,791,674,0,0,No
Complete,Bahawalpur,male,Punjab,50,564,639,0,0,No
Complete,Bahawalpur,male,Punjab,55,614,622,0,0,No
No,Bahawalpur,male,Punjab,43,862,789,0,0,No
Complete,Bahawalpur,male,Punjab,55,795,734,0,0,No
No,Bahawalpur,male,Punjab,38,638,541,0,0,No
Complete,Bahawalpur,male,Punjab,50,735,780,0,0,No
Complete,Bahawalpur,male,Punjab,54,722,770,0,0,No
Complete,Bahawalpur,male,Punjab,52,752,745,0,0,No
Complete,Bahawalpur,female,Punjab,82,961,972,1,0,Yes
Complete,Bahawalpur,male,Punjab,52,786,803,1,0,No
Complete,Bahawalpur,male,Punjab,49,684,691,0,0,No
Complete,Bahawalpur,male,Punjab,71,729,634,0,0,No
Complete,Bahawalpur,male,Punjab,50,604,755,0,0,No
Complete,Bahawalpur,male,Punjab,42,508,724,1,0,No
Complete,Bahawalpur,male,Punjab,40,588,832,0,0,No
Complete,Bahawalpur,male,Punjab,55,814,771,0,0,No
Complete,Bahawalpur,male,Punjab,57,741,598,0,0,No
Complete,Bahawalpur,male,Punjab,50,756,828,0,0,No
Complete,Bahawalpur,male,Punjab,50,575,652,0,0,No
No,Bahawalpur,male,Punjab,51,666,742,0,0,No
No,Bahawalpur,male,Punjab,43,684,620,0,0,No
Complete,Bahawalpur,male,Punjab,53,878,810,1,0,No
Complete,Bahawalpur,male,Punjab,58,753,705,0,0,No
Complete,Bahawalpur,female,Punjab,40,510,523,1,0,No
Complete,Bahawalpur,male,Punjab,40,546,743,0,0,No
Complete,Bahawalpur,male,Punjab,50,715,654,0,0,No
Complete,Bahawalpur,male,Punjab,56,752,684,0,0,No
Complete,Bahawalpur,male,Punjab,49,714,769,0,0,No
Complete,Bahawalpur,female,Punjab,55,553,811,1,0,No
Complete,Bahawalpur,male,Punjab,50,651,724,0,0,No
Complete,Bahawalpur,male,Punjab,53,808,661,0,0,No
Complete,Bahawalpur,female,Punjab,46,586,517,0,0,No
Complete,Bahawalpur,male,Punjab,51,960,845,1,0,Yes
Complete,Bahawalpur,male,Punjab,46,545,564,0,0,No
Complete,Bahawalpur,male,Punjab,52,765,735,0,0,No
Complete,Bahawalpur,male,Punjab,47,655,560,0,0,No
Complete,Bahawalpur,male,Punjab,55,758,864,1,0,Yes
Complete,Bahawalpur,male,Punjab,56,739,704,0,0,No
Complete,Bahawalpur,male,Punjab,57,801,711,0,0,No
No,Bahawalpur,male,Punjab,50,742,754,0,0,No
No,Bahawalpur,male,Punjab,46,512,518,0,0,No
Complete,Bahawalpur,female,Punjab,53,717,615,0,0,No
Complete,Bahawalpur,male,Punjab,57,602,645,1,0,No
No,Bahawalpur,male,Punjab,30,565,570,0,0,No
No,Bahawalpur,male,Punjab,55,732,742,0,0,No
Complete,Bahawalpur,female,Punjab,61,832,920,1,0,Yes
Complete,Bahawalpur,male,Punjab,58,896,695,0,0,No
Complete,Bahawalpur,male,Punjab,61,951,735,0,0,No
Complete,Bahawalpur,female,Punjab,52,789,623,0,0,No
Complete,Bahawalpur,male,Punjab,57,602,763,0,0,No
Complete,Bahawalpur,female,Punjab,61,918,907,1,0,Yes
Complete,Bahawalpur,male,Punjab,48,748,753,0,0,No
Complete,Bahawalpur,female,Punjab,41,542,619,0,0,No
Complete,Bahawalpur,female,Punjab,57,885,814,0,0,No
Complete,Bahawalpur,male,Punjab,53,777,802,0,0,No
Complete,Bahawalpur,male,Punjab,52,553,754,0,0,No
Complete,Bahawalpur,female,Punjab,85,850,868,1,0,Yes
Complete,Bahawalpur,male,Punjab,50,648,644,0,0,No
Complete,Bahawalpur,male,Punjab,63,772,703,1,0,No
Complete,Bahawalpur,male,Punjab,50,906,761,0,0,No
Complete,Bahawalpur,male,Punjab,63,710,604,0,0,No
No,Bahawalpur,male,Punjab,28,682,758,0,0,No
Complete,Bahawalpur,male,Punjab,46,830,624,0,0,No
Complete,Bahawalpur,male,Punjab,53,726,727,0,0,No
Complete,Bahawalpur,male,Punjab,52,743,662,0,0,No
Complete,Bahawalpur,male,Punjab,51,735,773,1,0,No
Complete,Bahawalpur,male,Punjab,63,592,562,0,0,No
No,Bahawalpur,male,Punjab,50,658,646,0,0,No
Complete,Bahawalpur,male,Punjab,54,607,783,0,0,No
Complete,Bahawalpur,male,Punjab,54,828,846,1,0,Yes
Complete,Bahawalpur,female,Punjab,47,555,531,0,0,No
No,Bahawalpur,male,Punjab,54,700,737,0,0,No
Complete,Bahawalpur,male,Punjab,46,868,802,0,0,No
Complete,Bahawalpur,male,Punjab,56,838,828,0,0,No
No,Bahawalpur,male,Punjab,54,838,693,0,0,No
No,Bahawalpur,male,Punjab,43,803,894,0,0,No
Complete,Bahawalpur,male,Punjab,43,580,614,0,0,No
Complete,Bahawalpur,female,Punjab,56,833,637,0,0,No
Complete,Bahawalpur,male,Punjab,40,686,618,0,0,No
Complete,Bahawalpur,female,Punjab,62,910,874,1,0,Yes
Complete,Bahawalpur,male,Punjab,56,810,782,0,0,No
Complete,Bahawalpur,female,Punjab,50,725,867,1,0,Yes
Complete,Bahawalpur,male,Punjab,55,577,705,0,0,No
Complete,Bahawalpur,male,Punjab,48,675,652,0,0,No
Complete,Bahawalpur,female,Punjab,59,924,854,1,0,Yes
Complete,Bahawalpur,male,Punjab,54,762,662,0,0,No
Complete,Bahawalpur,female,Punjab,47,780,745,0,0,No
Complete,Bahawalpur,male,Punjab,34,518,720,0,0,No
Complete,Bahawalpur,male,Punjab,50,910,760,0,0,No
Complete,Bahawalpur,female,Punjab,54,851,813,1,0,No
Complete,Bahawalpur,male,Punjab,45,729,529,0,0,No
Complete,Bahawalpur,male,Punjab,52,756,792,0,0,No
No,Bahawalpur,male,Punjab,41,830,657,0,0,No
Complete,Bahawalpur,female,Punjab,50,761,686,0,0,No
Complete,Bahawalpur,male,Punjab,65,834,814,1,0,Yes
Complete,Bahawalpur,male,Punjab,52,641,575,0,0,No
Complete,Bahawalpur,male,Punjab,51,544,731,0,0,No
Complete,Bahawalpur,male,Punjab,42,511,595,0,0,No
Complete,Bahawalpur,male,Punjab,47,738,812,0,0,No
Complete,Bahawalpur,male,Punjab,60,578,552,0,0,No
Complete,Bahawalpur,male,Punjab,61,841,685,0,0,No
No,Bahawalpur,male,Punjab,45,771,724,0,0,No
Complete,Bahawalpur,male,Punjab,42,584,571,0,0,No
Complete,Bahawalpur,male,Punjab,40,818,642,0,0,No
Complete,Bahawalpur,male,Punjab,40,834,777,0,0,No
Complete,Bahawalpur,female,Punjab,50,863,752,0,0,No
Complete,Bahawalpur,male,Punjab,47,800,726,0,0,No
Complete,Bahawalpur,male,Punjab,48,724,666,0,0,No
Complete,Bahawalpur,male,Punjab,65,636,618,0,0,No
Complete,Bahawalpur,male,Punjab,59,760,756,0,0,No
No,Bahawalpur,male,Punjab,43,603,626,0,0,No
Complete,Bahawalpur,male,Punjab,50,860,855,1,0,No
No,Bahawalpur,male,Punjab,53,687,801,0,0,No
No,Bahawalpur,male,Punjab,41,808,880,0,0,No
Complete,Bahawalpur,male,Punjab,52,551,697,0,0,No
Complete,Bahawalpur,male,Punjab,50,756,643,0,0,No
Complete,Bahawalpur,female,Punjab,53,903,859,1,0,Yes
Complete,Bahawalpur,male,Punjab,52,877,897,1,0,Yes
Complete,Bahawalpur,male,Punjab,50,666,649,0,0,No
Complete,Bahawalpur,male,Punjab,51,705,664,0,0,No
Complete,Bahawalpur,male,Punjab,41,902,588,0,0,No
Complete,Bahawalpur,male,Punjab,51,680,751,0,0,No
No,Bahawalpur,male,Punjab,53,583,552,0,0,No
Complete,Bahawalpur,male,Punjab,28,526,824,0,0,No
Complete,Bahawalpur,male,Punjab,55,898,749,0,0,No
Complete,Bahawalpur,male,Punjab,53,800,767,0,0,No
Complete,Bahawalpur,male,Punjab,48,764,589,0,0,No
Complete,Bahawalpur,male,Punjab,40,473,583,1,0,No
Complete,Bahawalpur,male,Punjab,53,798,731,0,0,No
Complete,Bahawalpur,male,Punjab,58,840,782,1,0,No
Complete,Bahawalpur,male,Punjab,59,649,873,1,0,Yes
Complete,Bahawalpur,male,Punjab,54,701,765,0,0,No
Complete,Bahawalpur,male,Punjab,52,557,600,0,0,No
Complete,Bahawalpur,male,Punjab,50,661,513,0,0,No
Complete,Bahawalpur,male,Punjab,57,747,633,0,0,No
Complete,Bahawalpur,male,Punjab,53,509,662,0,0,No
Complete,Bahawalpur,male,Punjab,40,530,859,1,0,No
No,Bahawalpur,female,Punjab,53,844,865,0,0,No
No,Bahawalpur,male,Punjab,53,730,800,0,0,No
No,Bahawalpur,male,Punjab,51,734,627,0,0,No
No,Bahawalpur,male,Punjab,50,634,709,0,0,No
No,Bahawalpur,female,Punjab,44,876,678,0,0,No
Complete,Bahawalpur,male,Punjab,49,835,770,0,0,No
Complete,Bahawalpur,male,Punjab,52,582,635,0,0,No
No,Bahawalpur,male,Punjab,43,817,754,0,0,No
Complete,Bahawalpur,male,Punjab,53,770,616,0,0,No
No,Bahawalpur,female,Punjab,45,792,604,0,0,No
No,Bahawalpur,male,Punjab,47,739,754,0,0,No
Complete,Bahawalpur,female,Punjab,59,832,894,0,0,No
Complete,Bahawalpur,male,Punjab,49,872,807,0,0,No
No,Bahawalpur,male,Punjab,55,513,666,0,0,No
Complete,Bahawalpur,male,Punjab,50,642,531,0,0,No
Complete,Bahawalpur,male,Punjab,41,783,840,1,0,No
No,Bahawalpur,male,Punjab,0,518,484,0,0,No
No,Bahawalpur,female,Punjab,54,756,581,0,0,No
No,Bahawalpur,male,Punjab,51,700,794,0,0,No
Complete,Bahawalpur,male,Punjab,24,511,859,0,0,No
Complete,Bahawalpur,male,Punjab,50,826,626,0,0,No
No,Bahawalpur,male,Punjab,43,753,608,0,0,No
Complete,Bahawalpur,female,Punjab,46,756,589,0,0,No
No,Bahawalpur,male,Punjab,68,879,775,0,0,No
No,OPEN,male,Punjab,0,931,756,0,0,No
Complete,OPEN,male,Punjab,56,799,829,0,0,No
Complete,OPEN,male,Punjab,40,835,715,1,0,No
No,OPEN,male,Punjab,34,613,654,0,0,No
Complete,OPEN,male,Punjab,56,844,804,0,0,No
Complete,Bahawalpur,male,Punjab,50,645,703,0,0,No
No,OPEN,male,Punjab,47,792,741,0,0,No
Complete,OPEN,male,Punjab,57,735,686,0,0,No
Complete,OPEN,male,Punjab,50,691,675,0,0,No
Complete,OPEN,male,Punjab,50,623,634,0,0,No
No,OPEN,male,Punjab,50,812,742,0,0,No
Complete,OPEN,female,Punjab,48,561,861,0,0,No
Complete,OPEN,male,Baluchistan,37,589,702,0,0,No
No,OPEN,male,Punjab,40,812,755,0,0,No
Complete,OPEN,female,Punjab,54,869,871,0,0,No
No,OPEN,male,Punjab,26,718,688,0,0,No
No,OPEN,male,Punjab,0,933,841,0,0,No
Complete,OPEN,female,Punjab,0,798,780,0,0,No
Complete,OPEN,male,Punjab,53,931,815,1,0,No
Complete,OPEN,male,Punjab,52,818,856,1,0,Yes
Complete,OPEN,male,Punjab,42,652,817,0,0,No
Complete,OPEN,male,Punjab,53,762,842,0,0,No
No,OPEN,male,Punjab,48,740,704,0,0,No
No,OPEN,male,Punjab,0,818,856,0,0,No
No,OPEN,male,Punjab,0,813,804,0,0,No
Complete,OPEN,male,Punjab,66,849,814,0,0,No
Complete,OPEN,female,Punjab,49,879,723,0,0,No
No,OPEN,male,Punjab,73,940,834,0,0,No
Complete,OPEN,male,Punjab,59,940,893,0,0,No
Complete,OPEN,male,Punjab,48,797,780,0,0,No
Complete,OPEN,male,Punjab,38,856,839,0,0,No
Complete,OPEN,male,Punjab,59,761,803,0,0,No
Complete,OPEN,male,Punjab,62,772,841,1,0,Yes
Complete,OPEN,male,Punjab,48,733,693,0,0,No
Complete,OPEN,male,Punjab,49,882,842,0,0,No
No,OPEN,male,Punjab,55,891,830,0,0,No
No,OPEN,male,Punjab,0,722,501,0,0,No
Complete,OPEN,male,Punjab,47,823,806,0,0,No
Complete,OPEN,male,Punjab,53,877,849,1,0,Yes
No,OPEN,male,Punjab,0,651,629,0,0,No
Complete,OPEN,male,Punjab,50,693,681,0,0,No
Complete,OPEN,male,Punjab,50,613,725,0,0,No
No,OPEN,male,Punjab,64,862,826,0,0,No
Complete,OPEN,male,Punjab,44,796,782,0,0,No
Complete,OPEN,female,Punjab,44,901,871,0,0,No
No,OPEN,male,Punjab,56,697,728,0,0,No
Complete,OPEN,male,Punjab,59,931,905,1,0,Yes
Complete,OPEN,male,Punjab,46,764,690,0,0,No
Complete,OPEN,male,Punjab,53,517,600,0,0,No
No,OPEN,male,Punjab,41,738,741,0,0,No
Complete,OPEN,female,Punjab,0,708,691,0,0,No
Complete,OPEN,male,Punjab,45,723,698,0,0,No
Complete,OPEN,male,Punjab,26,635,557,0,0,No
Complete,OPEN,male,Punjab,50,655,618,0,0,No
Complete,OPEN,male,Punjab,47,820,856,0,0,No
No,OPEN,male,Punjab,0,783,766,0,0,No
Complete,OPEN,male,Punjab,54,865,848,0,0,No
No,Bahawalpur,female,Punjab,47,765,529,0,0,No
Complete,OPEN,male,Punjab,44,684,608,0,0,No
No,OPEN,male,Punjab,46,639,747,0,0,No
Complete,OPEN,male,Punjab,59,848,888,0,0,No
Complete,OPEN,male,Punjab,0,506,501,0,0,No
Complete,OPEN,male,Punjab,50,861,817,0,0,No
Complete,Bahawalpur,female,Punjab,44,782,852,1,0,Yes
No,OPEN,male,Punjab,49,729,674,0,0,No
No,OPEN,male,Punjab,60,931,920,0,0,No
No,OPEN,male,Punjab,0,831,843,0,0,No
Complete,OPEN,male,Punjab,58,776,827,0,0,No
No,OPEN,male,Punjab,0,775,690,0,0,No
Complete,OPEN,male,Punjab,83,827,833,0,0,No
No,OPEN,male,Punjab,0,690,713,0,0,No
No,OPEN,male,Punjab,50,641,664,0,0,No
Complete,OPEN,male,Punjab,49,757,707,0,0,No
No,OPEN,male,Punjab,41,835,658,0,0,No
Complete,OPEN,male,Punjab,54,718,764,0,0,No
No,OPEN,female,Punjab,52,693,801,0,0,No
Complete,Bahawalpur,male,Punjab,55,667,627,0,0,No
Complete,OPEN,female,Punjab,49,800,879,0,0,No
No,OPEN,male,Punjab,46,663,862,0,0,No
Complete,OPEN,female,Punjab,52,829,892,0,0,No
No,OPEN,male,Punjab,41,777,661,0,0,No
Complete,OPEN,male,Punjab,22,717,811,0,0,No
Complete,OPEN,male,Punjab,40,644,701,0,0,No
Complete,OPEN,male,Punjab,54,790,706,0,0,No
Complete,OPEN,male,Punjab,43,812,882,0,0,No
Complete,OPEN,male,Punjab,50,749,726,0,0,No
Complete,OPEN,male,Punjab,51,937,875,0,0,No
Complete,OPEN,male,Punjab,43,823,704,0,0,No
Complete,OPEN,male,Punjab,63,739,816,0,0,No
No,OPEN,male,Punjab,52,669,642,0,0,No
Complete,OPEN,male,Punjab,60,840,765,1,0,No
Complete,OPEN,female,Punjab,46,715,689,0,0,No
Complete,OPEN,male,Punjab,33,601,647,0,0,No
Complete,Bahawalpur,male,Punjab,51,808,825,1,0,No
Complete,OPEN,female,Punjab,57,900,860,0,0,No
Complete,OPEN,male,Punjab,51,662,754,0,0,No
No,OPEN,male,Punjab,60,701,748,0,0,No
Complete,OPEN,male,Punjab,55,826,818,0,0,No
Complete,OPEN,male,Punjab,50,453,546,0,0,No
Complete,OPEN,male,Punjab,57,724,780,0,0,No
Complete,OPEN,male,Punjab,60,832,683,0,0,No
Complete,OPEN,male,Punjab,60,554,682,0,0,No
Complete,OPEN,male,Punjab,52,864,659,0,0,No
No,OPEN,male,Punjab,55,758,694,0,0,No
Complete,OPEN,male,Punjab,54,638,717,0,0,No
Complete,OPEN,male,Punjab,50,701,816,0,0,No
No,OPEN,male,Punjab,43,703,723,0,0,No
No,OPEN,female,Punjab,50,798,814,0,0,No
Complete,OPEN,male,Punjab,32,717,788,0,0,No
No,OPEN,female,Punjab,0,831,794,0,0,No
Complete,OPEN,female,Punjab,41,636,763,0,0,No
Complete,OPEN,male,Punjab,48,826,757,0,0,No
Complete,OPEN,male,Punjab,43,615,854,0,0,No
Complete,OPEN,male,Punjab,62,865,913,1,0,Yes
Complete,OPEN,male,Punjab,49,915,800,0,0,No
Complete,OPEN,male,Punjab,31,693,650,0,0,No
Complete,OPEN,male,Punjab,50,799,787,0,0,No
Complete,OPEN,male,Punjab,51,673,746,0,0,No
Complete,OPEN,male,Punjab,59,737,627,0,0,No
Complete,OPEN,male,Punjab,50,488,744,0,0,No
No,OPEN,male,Punjab,42,734,604,0,0,No
No,OPEN,male,Punjab,41,449,818,0,0,No
No,OPEN,male,Punjab,46,743,794,0,0,No
Complete,OPEN,male,Punjab,47,737,590,0,0,No
Complete,OPEN,male,Punjab,53,712,775,0,0,No
Complete,OPEN,male,Punjab,49,846,879,0,0,No
Complete,OPEN,male,Punjab,50,708,613,0,0,No
Complete,OPEN,male,Punjab,53,821,812,0,0,No
Complete,OPEN,male,Punjab,50,561,745,0,0,No
Complete,OPEN,male,Punjab,50,598,622,0,0,No
Complete,OPEN,male,Punjab,50,616,840,0,0,No
Complete,OPEN,male,Punjab,59,836,791,1,0,No
Complete,OPEN,male,Punjab,34,512,611,0,0,No
Complete,OPEN,male,Punjab,60,853,815,0,0,No
Complete,OPEN,male,Punjab,49,878,815,0,0,No
Complete,OPEN,male,Punjab,55,777,679,0,0,No
Complete,OPEN,male,Punjab,50,683,794,0,0,No
Complete,OPEN,male,Punjab,40,802,772,1,0,No
No,OPEN,male,Punjab,43,620,800,0,0,No
Complete,OPEN,male,Punjab,50,747,801,0,0,No
Complete,OPEN,male,Punjab,72,758,592,0,0,No
Complete,OPEN,male,Punjab,34,569,729,0,0,No
Complete,OPEN,male,Punjab,45,585,601,0,0,No
No,OPEN,male,Punjab,43,837,756,0,0,No
Complete,Bahawalpur,male,Punjab,50,936,787,0,0,No
Complete,OPEN,male,Punjab,44,768,847,0,0,No
No,OPEN,male,Punjab,52,735,682,0,0,No
Complete,OPEN,male,Punjab,57,926,920,1,0,Yes
No,OPEN,male,Punjab,55,723,730,0,0,No
Complete,OPEN,female,Punjab,43,592,670,0,0,No
Complete,OPEN,male,Punjab,47,811,565,0,0,No
Complete,OPEN,female,Punjab,60,845,915,0,0,No
Complete,Bahawalpur,male,Punjab,60,814,731,0,0,No
Complete,OPEN,female,Punjab,48,541,583,0,0,No
Complete,OPEN,male,Punjab,57,840,810,0,0,No
Complete,OPEN,male,Punjab,55,670,951,1,0,Yes
Complete,OPEN,male,Punjab,43,701,604,0,0,No
Complete,Bahawalpur,male,Punjab,52,733,672,0,0,No
Complete,OPEN,male,Punjab,50,581,643,0,0,No
Complete,OPEN,female,Punjab,66,693,888,1,0,Yes
No,OPEN,male,Punjab,60,602,623,0,0,No
Complete,OPEN,male,Punjab,58,789,819,0,0,No
Complete,OPEN,male,Punjab,45,788,693,0,0,No
Complete,OPEN,male,Punjab,44,917,842,0,0,No
No,OPEN,male,Punjab,53,735,739,0,0,No
Complete,OPEN,male,Punjab,48,584,643,0,0,No
Complete,OPEN,male,Punjab,52,573,708,0,0,No
Complete,OPEN,male,Punjab,61,651,838,1,0,Yes
Complete,OPEN,male,Punjab,43,853,734,0,0,No
Complete,OPEN,male,Punjab,45,602,678,0,0,No
Complete,OPEN,male,Punjab,50,832,679,0,0,No
No,OPEN,male,Punjab,69,851,812,0,0,No
No,OPEN,male,Punjab,81,931,974,0,0,No
Complete,OPEN,female,Punjab,64,839,863,0,0,No
Complete,OPEN,male,Punjab,43,861,702,0,0,No
No,OPEN,male,Punjab,58,650,638,0,0,No
Complete,OPEN,male,Punjab,57,798,816,0,0,No
Complete,OPEN,male,Punjab,46,856,841,0,0,No
No,OPEN,male,Punjab,0,829,647,0,0,No
Complete,OPEN,male,Punjab,61,922,860,1,0,Yes
No,OPEN,male,Punjab,72,908,922,0,0,No
Complete,OPEN,male,Punjab,67,968,925,1,0,Yes
Complete,OPEN,male,Punjab,63,741,811,0,0,No
Complete,OPEN,male,Punjab,48,802,751,0,0,No
No,OPEN,male,Punjab,66,874,916,0,0,No
Complete,Bahawalpur,male,Punjab,65,863,773,1,0,No
No,OPEN,male,Punjab,49,591,589,0,0,No
Complete,Bahawalpur,male,Punjab,49,606,792,0,0,No
No,OPEN,male,Punjab,58,924,744,0,0,No
Complete,OPEN,male,Punjab,47,729,725,0,0,No
No,OPEN,female,Punjab,41,920,799,0,0,No
Complete,Bahawalpur,male,Punjab,44,710,801,0,0,No
Complete,OPEN,male,Punjab,54,776,840,0,0,No
No,OPEN,male,Punjab,54,786,777,0,0,No
Complete,OPEN,male,Punjab,43,749,683,0,0,No
Complete,OPEN,male,Punjab,52,672,839,0,0,No
Complete,OPEN,male,Punjab,51,865,816,0,0,No
Complete,OPEN,male,Punjab,50,723,736,0,0,No
Complete,OPEN,male,Punjab,57,724,720,0,0,No
Complete,OPEN,male,Punjab,57,908,647,0,0,No
No,OPEN,male,Punjab,53,557,454,0,0,No
Complete,OPEN,male,Punjab,0,635,484,0,0,No
No,OPEN,male,Punjab,34,693,603,0,0,No
No,OPEN,male,Punjab,39,655,722,0,0,No
Complete,OPEN,male,Punjab,58,941,879,0,0,No
Complete,OPEN,male,Punjab,61,862,806,0,0,No
No,OPEN,male,Punjab,0,868,892,0,0,No
Complete,OPEN,female,Punjab,46,694,656,0,0,No
Complete,OPEN,female,Punjab,52,878,842,0,0,No
Complete,OPEN,male,Punjab,54,711,730,0,0,No
Complete,Bahawalpur,male,Punjab,58,693,731,0,0,No
Complete,OPEN,male,Punjab,61,645,674,0,0,No
Complete,OPEN,male,Punjab,44,714,602,0,0,No
Complete,OPEN,male,Punjab,44,887,772,0,0,No
Complete,OPEN,male,Punjab,62,868,722,0,0,No
Complete,OPEN,female,Punjab,50,882,729,0,0,No
Complete,OPEN,female,Punjab,45,862,823,0,0,No
Complete,OPEN,male,Punjab,48,836,860,0,0,No
No,OPEN,male,Punjab,63,870,857,0,0,No
Complete,OPEN,male,Punjab,38,644,690,0,0,No
Complete,OPEN,male,Punjab,48,751,759,0,0,No
Complete,OPEN,male,Punjab,53,733,820,0,0,No
No,OPEN,male,Punjab,54,643,609,0,0,No
Complete,OPEN,male,Punjab,42,872,732,0,0,No
Complete,OPEN,female,Punjab,73,854,951,0,0,No
Complete,OPEN,male,Punjab,57,800,857,1,0,Yes
Complete,OPEN,male,Punjab,57,738,763,0,0,No
No,OPEN,male,Punjab,63,801,780,0,0,No
Complete,OPEN,male,Punjab,0,672,494,0,0,No
No,OPEN,female,Punjab,57,517,568,0,0,No
Complete,OPEN,male,Punjab,49,805,839,0,0,No
Complete,OPEN,male,Punjab,69,846,865,1,0,Yes
No,Bahawalpur,male,Punjab,47,691,679,0,0,No
No,OPEN,male,Punjab,37,845,803,0,0,No
Complete,Bahawalpur,male,Punjab,57,515,490,0,0,No
Complete,Bahawalpur,male,Punjab,46,450,522,0,0,No
No,OPEN,male,Punjab,0,830,705,0,0,No
Complete,Bahawalpur,male,Punjab,56,544,570,0,0,No
Complete,Bahawalpur,female,Punjab,50,727,778,0,0,No
Complete,Bahawalpur,male,Punjab,49,756,1018,1,0,Yes
Complete,Bahawalpur,male,Punjab,32,517,712,0,0,No
Complete,Bahawalpur,male,Punjab,62,827,835,1,0,Yes
Complete,OPEN,female,Punjab,57,840,853,1,0,No
Complete,OPEN,female,Punjab,57,802,772,1,0,No
Complete,OPEN,male,Punjab,64,842,731,0,0,No
No,OPEN,male,Sind,56,783,741,0,0,No
No,Bahawalpur,male,Punjab,50,710,718,0,0,No
Complete,OPEN,female,Punjab,68,772,809,1,0,Yes
No,OPEN,male,Baluchistan,59,720,817,0,0,No
Complete,OPEN,male,Baluchistan,30,572,671,0,0,No
No,OPEN,male,Baluchistan,0,610,557,0,0,No
Complete,OPEN,male,Gilgit-Baltistan,50,500,782,0,0,No
No,OPEN,male,Gilgit-Baltistan,0,574,517,0,0,No
Complete,OPEN,male,Azad Kashmir,48,662,678,0,0,No
