Application Status,Merit Score,Domicile,Province,Admission Test,SSC,Terminal Degree,Optional Subject 1,Optional Subject 2,Optional Subject 3,Optional Subject 4,Optional Subject 5,Optional Subject 6,hsc_opt_6_total,Document Verified,English Marks,Offered
Challan Printed,972,OPEN,FATA,0,763,832,145,128,168,42,165,46,50,0,145,No
Challan Printed,776,Bahawalpur,Punjab,0,821,659,105,132,88,0,115,0,0,0,132,No
Admission Fee Challan Received,860,OPEN,FATA,0,818,734,136,106,38,128,132,43,50,1,136,No
Challan Printed,924,OPEN,FATA,0,740,772,157,0,0,0,0,0,0,0,157,No
Application Fee Received,663,Bahawalpur,Punjab,0,677,575,95,94,113,93,0,0,0,0,93,No
Application Fee Received,662.833,Bahawalpur,Punjab,0,474,617,57,25,0,0,0,0,0,0,0,No
Application Fee Received,1050,Bahawalpur,Punjab,61,734,896,159,44,179,166,0,0,0,0,159,No
Challan Printed,775.817,Bahawalpur,Punjab,56,698,732,80,48,51,80,87,27,50,0,48,No
Application Fee Received,1135,Bahawalpur,Punjab,65,893,967,176,173,190,0,180,0,0,1,173,Yes
Challan Printed,732,Bahawalpur,Punjab,0,705,665,72,32,0,0,0,0,0,0,72,No
Application Fee Received,640,Bahawalpur,Punjab,46,663,595,104,100,62,124,42,30,50,0,0,No
Application Received,782.083,Bahawalpur,Punjab,0,687,802,61,0,0,0,0,0,0,0,0,No
Challan Printed,811,Bahawalpur,Punjab,45,761,671,145,38,28,104,125,109,200,0,145,No
Challan Printed,990,Bahawalpur,Punjab,50,859,835,160,158,141,166,0,0,0,0,160,No
Challan Printed,932,Bahawalpur,Punjab,54,943,785,140,148,94,152,45,0,0,0,152,No
Application Fee Received,980,Bahawalpur,Punjab,0,902,830,163,115,162,155,44,44,50,0,155,No
Challan Printed,680,Bahawalpur,Punjab,50,521,588,81,102,106,46,84,40,50,0,102,No
Application Fee Received,956,OPEN,Sind,44,825,840,126,160,28,159,41,169,200,0,126,No
Challan Printed,728,Bahawalpur,Punjab,47,727,601,132,119,78,71,39,41,50,0,132,No
Application Fee Received,813,Bahawalpur,Punjab,47,573,732,152,144,86,48,0,0,0,0,86,No
Application Fee Received,743,Bahawalpur,Punjab,0,689,623,125,70,40,88,110,45,50,0,125,No
Application Fee Received,896,Bahawalpur,Punjab,51,833,747,145,119,118,159,40,0,0,0,159,No
Application Fee Received,675,Bahawalpur,Punjab,49,654,680,0,0,0,0,0,0,0,0,0,No
Admission Fee Challan Received,1029,Bahawalpur,Punjab,44,846,857,177,0,0,0,0,0,0,1,177,Yes
Application Fee Received,967,Bahawalpur,Punjab,63,801,812,160,136,39,139,47,131,200,1,160,Yes
Application Fee Received,703,Bahawalpur,Punjab,0,523,639,102,148,69,0,0,0,0,0,69,No
Application Fee Received,905,Bahawalpur,Punjab,50,831,763,133,147,119,0,114,0,0,1,147,No
Admission Fee Challan Received,1007,Bahawalpur,Punjab,0,810,842,158,170,169,41,131,0,0,1,170,Yes
Application Fee Received,932,Bahawalpur,Punjab,54,943,785,94,148,140,152,45,0,0,0,152,No
Application Fee Received,774,Bahawalpur,Punjab,44,826,630,113,0,149,0,95,0,0,0,149,No
Application Fee Received,605,Bahawalpur,Punjab,0,593,517,93,64,84,33,0,0,0,0,93,No
Application Fee Received,837,Bahawalpur,Punjab,51,769,721,126,121,137,41,129,0,0,0,121,No
Application Fee Received,798,Bahawalpur,Punjab,54,808,658,130,125,90,29,96,39,50,0,125,No
Application Fee Received,758,Bahawalpur,Punjab,37,789,637,126,43,98,104,99,42,50,0,126,No
Application Fee Received,1050,Bahawalpur,Punjab,54,880,882,186,173,148,47,136,44,50,1,173,Yes
Application Fee Received,627,Bahawalpur,Punjab,50,770,550,82,100,78,32,111,0,0,0,82,No
Application Fee Received,877,Bahawalpur,Punjab,47,807,759,123,131,43,134,45,146,200,0,123,No
Application Fee Received,838,Bahawalpur,Punjab,0,780,731,117,126,151,44,127,0,0,0,117,No
Application Fee Received,669,Bahawalpur,Punjab,67,651,574,105,74,104,93,0,0,0,0,105,No
Application Fee Received,733,Bahawalpur,Punjab,49,753,606,131,132,82,35,57,37,50,1,132,No
Application Fee Received,772,Bahawalpur,Punjab,45,620,648,90,102,106,129,43,39,50,0,129,No
Application Fee Received,709,Bahawalpur,Punjab,0,776,581,133,37,83,95,75,0,0,0,133,No
Application Fee Received,881,Bahawalpur,Punjab,0,684,731,118,155,117,44,130,37,50,0,155,No
Application Fee Received,800,Bahawalpur,Punjab,54,805,701,104,117,145,110,44,40,50,0,104,No
Application Fee Received,690,Bahawalpur,Punjab,49,654,572,87,77,83,123,38,43,50,0,123,No
Admission Fee Challan Received,944,Bahawalpur,Punjab,53,876,789,160,43,43,139,127,127,200,1,160,Yes
Application Fee Received,880,Bahawalpur,Punjab,44,929,723,162,101,127,106,82,0,0,0,162,No
Application Received,935,Bahawalpur,Punjab,52,866,804,134,150,148,44,136,42,50,0,136,No
Application Fee Received,860.6,Bahawalpur,Punjab,31,825,798,143,127,47,0,0,0,0,0,47,No
Application Fee Received,806,Bahawalpur,Punjab,51,704,660,93,151,44,107,101,40,50,0,151,No
Challan Printed,978,Bahawalpur,Punjab,41,949,820,163,158,127,46,153,40,50,0,163,No
Challan Printed,834,Bahawalpur,Punjab,51,881,711,143,128,137,0,112,0,0,0,128,No
Challan Printed,822,Bahawalpur,Punjab,53,661,688,139,134,108,99,0,0,0,0,139,No
Application Fee Received,833,Bahawalpur,Punjab,66,829,838,0,0,0,0,0,0,0,0,0,No
Application Fee Received,713,Bahawalpur,Punjab,43,718,596,122,0,0,0,0,0,0,0,122,No
Challan Printed,980,Bahawalpur,Punjab,46,877,837,145,167,155,36,148,0,0,0,148,No
Application Fee Received,645,Bahawalpur,Punjab,0,800,524,66,136,56,36,72,42,50,1,136,No
Application Fee Received,780,Bahawalpur,Punjab,0,594,671,114,37,123,136,0,0,0,0,114,No
Application Fee Received,1044,Bahawalpur,Punjab,61,903,887,160,162,168,41,149,45,50,0,162,No
Application Fee Received,827,Bahawalpur,Punjab,0,743,687,145,117,114,0,76,0,0,0,145,No
Admission Fee Challan Received,1027,Bahawalpur,Punjab,47,696,879,153,138,174,0,172,0,0,1,153,Yes
Admission Fee Challan Received,945,Bahawalpur,Punjab,0,809,841,109,45,162,181,160,0,0,1,109,Yes
Application Fee Received,739,Bahawalpur,Punjab,55,708,645,101,40,100,38,99,155,200,0,99,No
Application Fee Received,850,Bahawalpur,Punjab,0,716,721,134,137,115,122,0,0,0,0,134,No
Application Fee Received,748,Bahawalpur,Punjab,50,659,677,122,126,159,76,0,0,0,0,76,No
Application Fee Received,1103,Bahawalpur,Punjab,62,810,929,171,163,167,179,0,0,0,1,179,Yes
Application Fee Received,980,Bahawalpur,Punjab,0,697,852,138,147,184,153,0,0,0,0,138,No
Application Fee Received,830,Bahawalpur,Punjab,0,814,681,154,47,43,58,154,80,200,0,154,No
Application Fee Received,877,Bahawalpur,Punjab,0,889,738,144,125,115,129,0,0,0,0,144,No
Application Fee Received,903.833,Bahawalpur,Punjab,0,629,771,137,43,38,30,0,0,0,0,137,No
Application Fee Received,958,Bahawalpur,Punjab,0,866,963,174,185,0,0,0,0,0,0,0,No
Admission Fee Challan Received,1048,Bahawalpur,Punjab,48,816,903,175,150,168,45,175,42,50,1,150,Yes
Admission Fee Challan Received,1045,Bahawalpur,Punjab,37,864,892,160,175,158,163,46,43,50,1,158,Yes
Admission Fee Challan Received,1045,Bahawalpur,Punjab,48,853,879,142,171,154,0,167,0,0,1,171,Yes
Application Fee Received,767,Bahawalpur,Punjab,0,751,636,136,128,82,83,34,0,0,0,136,No
Application Fee Received,906,Bahawalpur,Punjab,46,697,785,143,44,126,46,149,127,200,1,126,No
Application Fee Received,717,Bahawalpur,Punjab,46,718,722,133,81,153,0,0,0,0,0,0,No
Application Fee Received,792,Bahawalpur,Punjab,54,705,677,151,40,109,40,93,125,200,0,125,No
Application Fee Received,614,Bahawalpur,Punjab,54,600,634,0,0,0,0,0,0,0,0,0,No
Admission Fee Challan Received,1070,Bahawalpur,Punjab,57,945,911,164,41,42,186,165,176,200,1,164,Yes
Application Fee Received,906,Bahawalpur,Punjab,0,594,792,99,158,166,39,0,0,0,1,99,No
Application Fee Received,732,Bahawalpur,Punjab,50,681,614,123,110,70,112,32,47,50,0,123,No
Application Fee Received,735,Bahawalpur,Punjab,58,859,640,83,119,100,108,42,44,50,0,100,No
Application Fee Received,877,Bahawalpur,Punjab,0,823,760,129,122,106,48,150,48,50,0,122,No
Application Fee Received,639,Bahawalpur,Punjab,43,507,604,74,50,82,77,81,73,100,0,50,No
Application Fee Received,808,Bahawalpur,Punjab,0,709,730,161,83,120,43,124,44,50,0,83,No
Application Fee Received,786,Bahawalpur,Punjab,47,666,690,101,40,129,168,96,0,0,0,101,No
Application Fee Received,689,Bahawalpur,Punjab,53,684,576,105,77,69,39,38,118,200,0,118,No
Application Fee Received,524,Bahawalpur,Punjab,0,765,493,36,0,0,0,0,0,0,0,36,No
Application Fee Received,719,Bahawalpur,Punjab,0,667,724,0,0,0,0,0,0,0,0,0,No
Admission Fee Challan Received,1091,Bahawalpur,Punjab,88,868,942,159,184,170,188,0,0,0,1,159,Yes
Challan Printed,1098,Bahawalpur,Punjab,0,914,924,183,179,162,41,161,45,50,0,179,No
Application Fee Received,1077,Bahawalpur,Punjab,48,815,907,175,45,146,178,173,0,0,1,175,Yes
Application Fee Received,656,Bahawalpur,Punjab,0,653,560,101,115,113,69,0,0,0,0,101,No
Application Fee Received,1018,Bahawalpur,Punjab,52,935,862,161,174,149,43,150,0,0,0,161,No
Application Fee Received,798,Bahawalpur,Punjab,42,772,688,115,29,38,145,129,118,200,0,115,No
Application Fee Received,934,Bahawalpur,Punjab,52,808,800,142,139,132,45,138,44,50,0,139,No
Application Fee Received,807,Bahawalpur,Punjab,39,839,690,122,46,38,101,110,124,200,0,122,No
Application Fee Received,534,Bahawalpur,Punjab,54,765,474,65,71,128,69,30,18,50,0,65,No
Application Fee Received,790,Bahawalpur,Punjab,36,657,689,106,26,119,161,106,0,0,0,106,No
Application Fee Received,645,Bahawalpur,Punjab,40,637,557,86,93,105,32,86,31,50,0,93,No
Application Fee Received,809,Bahawalpur,Punjab,50,749,686,122,128,93,45,128,44,50,0,128,No
Challan Printed,558,Bahawalpur,Punjab,0,515,578,115,36,99,29,0,0,0,0,0,No
Challan Printed,919,Bahawalpur,Punjab,0,798,776,148,155,151,38,126,35,50,0,148,No
Application Fee Received,947,Bahawalpur,Punjab,61,838,794,158,127,149,134,0,0,0,0,158,No
Application Fee Received,905,Bahawalpur,Punjab,59,857,770,140,0,0,0,0,0,0,1,140,No
Application Fee Received,743,Bahawalpur,Punjab,61,840,624,124,77,123,115,0,0,0,1,124,No
Application Fee Received,807,Bahawalpur,Punjab,0,833,685,116,40,99,132,110,42,50,0,132,No
Application Fee Received,844,Bahawalpur,Punjab,0,726,737,122,36,37,153,149,127,200,0,122,No
Application Fee Received,924,Bahawalpur,Punjab,33,840,796,140,152,125,133,46,45,50,1,133,No
Challan Printed,650,Bahawalpur,Punjab,0,597,660,0,0,0,0,0,0,0,0,0,No
Application Fee Received,824,Bahawalpur,Punjab,44,778,684,145,94,88,114,38,46,50,0,145,No
Application Fee Received,719,Bahawalpur,Punjab,51,809,623,101,0,0,0,0,0,0,0,101,No
Challan Printed,1001,Bahawalpur,Punjab,46,799,858,155,47,140,148,165,45,50,0,148,No
Challan Printed,697,Bahawalpur,Punjab,41,832,597,105,106,41,89,41,97,200,0,105,No
Application Fee Received,760,Bahawalpur,Punjab,0,697,635,130,86,106,38,47,100,200,0,130,No
Application Fee Received,619,Bahawalpur,Punjab,0,639,542,82,38,82,41,67,109,200,0,82,No
Challan Printed,655,Bahawalpur,Punjab,46,673,571,89,44,35,79,107,97,200,0,89,No
Challan Printed,1116,Bahawalpur,Punjab,64,877,949,185,172,180,42,165,46,50,0,172,No
Application Fee Received,883,Bahawalpur,Punjab,50,632,764,124,125,48,148,40,136,200,0,124,No
Application Fee Received,740,Bahawalpur,Punjab,27,687,648,97,80,157,104,41,29,50,0,97,No
Admission Fee Challan Received,1048,Bahawalpur,Punjab,54,960,903,150,42,44,173,170,173,200,1,150,Yes
Application Fee Received,811,Bahawalpur,Punjab,61,786,666,150,123,92,27,134,0,0,0,150,No
Application Fee Received,788,Bahawalpur,Punjab,52,668,793,115,141,154,0,0,0,0,0,0,No
Application Fee Received,740,Bahawalpur,Punjab,40,731,654,91,47,38,110,112,112,200,0,91,No
Application Fee Received,726,Bahawalpur,Punjab,45,638,588,143,33,96,119,56,0,0,0,143,No
Application Fee Received,749,Bahawalpur,Punjab,0,729,632,127,90,42,72,50,106,200,0,127,No
Challan Printed,617,Bahawalpur,Punjab,0,681,622,117,81,125,39,39,0,0,0,0,No
Application Fee Received,839,Bahawalpur,Punjab,55,648,713,131,126,143,38,119,41,50,0,131,No
Challan Printed,857.029,Bahawalpur,Punjab,74,502,753,80,80,80,60,70,89,100,0,89,No
Admission Fee Challan Received,957,Bahawalpur,Punjab,0,940,816,162,146,93,35,192,44,50,1,146,Yes
Application Fee Received,804,Bahawalpur,Punjab,0,800,809,149,148,139,0,0,0,0,0,0,No
Challan Printed,556,Bahawalpur,Punjab,0,809,561,88,0,78,0,94,0,0,0,0,No
Application Fee Received,700,Bahawalpur,Punjab,0,669,563,142,39,87,57,81,33,50,0,142,No
Application Fee Received,875,Bahawalpur,Punjab,54,781,733,152,40,33,96,138,140,200,0,152,No
Application Fee Received,802,Bahawalpur,Punjab,0,609,727,85,133,157,33,162,41,50,0,85,No
Challan Printed,877,Bahawalpur,Punjab,44,843,736,146,138,132,112,44,34,50,0,146,No
Admission Fee Challan Received,993,Bahawalpur,Punjab,47,857,841,157,157,153,157,0,0,0,1,157,Yes
Application Fee Received,911,Bahawalpur,Punjab,0,767,752,142,129,164,41,42,0,0,1,164,No
Challan Printed,711,Bahawalpur,Punjab,41,725,613,125,103,78,0,124,0,0,0,103,No
Application Fee Received,666,Bahawalpur,Punjab,48,723,581,95,99,79,105,42,30,50,0,95,No
Application Fee Received,775,Bahawalpur,Punjab,50,676,649,131,155,61,42,113,36,50,0,131,No
Application Fee Received,532,Bahawalpur,Punjab,49,697,537,0,0,0,0,0,0,0,0,0,No
Admission Fee Challan Received,972,Bahawalpur,Punjab,55,761,824,159,41,148,41,127,153,200,1,153,Yes
Application Fee Received,831,Bahawalpur,Punjab,61,769,684,127,42,115,107,132,33,50,0,132,No
Challan Printed,960,Bahawalpur,Punjab,56,804,825,140,147,41,170,153,0,0,0,140,No
Application Fee Received,898,Bahawalpur,Punjab,50,736,775,128,165,38,130,0,155,200,0,128,No
Challan Printed,525,Bahawalpur,Punjab,44,553,448,68,86,82,73,0,0,0,0,82,No
Application Fee Received,595,Bahawalpur,Punjab,0,681,529,81,78,133,71,0,0,0,0,71,No
Application Fee Received,806,Bahawalpur,Punjab,0,711,652,111,77,117,159,0,0,0,0,159,No
Application Fee Received,869,Bahawalpur,Punjab,0,689,711,163,29,153,99,110,38,50,0,163,No
Application Received,720,Bahawalpur,Punjab,47,637,644,39,41,51,25,56,76,200,0,76,No
Admission Fee Challan Received,1157,Bahawalpur,Punjab,87,941,982,185,189,188,0,182,0,0,1,185,Yes
Application Fee Received,877,Bahawalpur,Punjab,44,614,751,142,131,44,126,131,36,50,0,131,No
Application Fee Received,622,Bahawalpur,Punjab,45,608,554,80,35,91,73,104,45,50,0,73,No
Application Fee Received,963,Bahawalpur,Punjab,68,887,833,163,163,150,33,135,46,50,1,135,Yes
Application Fee Received,615,Bahawalpur,Punjab,0,502,536,102,61,84,41,105,44,50,0,84,No
Application Fee Received,734,Bahawalpur,Punjab,0,651,611,128,77,114,132,0,0,0,0,128,No
Application Fee Received,1057,Bahawalpur,Punjab,0,620,892,161,45,146,43,162,175,200,0,175,No
Application Fee Received,808,Bahawalpur,Punjab,59,874,689,140,44,117,124,105,44,50,0,124,No
Challan Printed,1052,Bahawalpur,Punjab,61,896,880,177,31,42,145,177,163,200,0,177,No
Application Fee Received,587,Bahawalpur,Punjab,0,711,495,97,19,33,78,97,72,200,0,97,No
Application Fee Received,812,Bahawalpur,Punjab,48,747,668,121,149,98,27,110,40,50,0,149,No
Application Fee Received,705,Bahawalpur,Punjab,47,651,599,111,106,84,113,0,0,0,0,111,No
Application Fee Received,726,Bahawalpur,Punjab,0,691,640,91,128,97,147,38,40,50,0,91,No
Application Fee Received,581,Bahawalpur,Punjab,0,653,502,84,108,63,0,89,0,0,0,84,No
Application Fee Received,782,Bahawalpur,Punjab,50,697,672,115,99,139,36,118,42,50,0,115,No
Application Fee Received,689,Bahawalpur,Punjab,0,714,608,81,107,33,0,123,0,0,0,81,No
Application Fee Received,1087,Bahawalpur,Punjab,57,956,905,187,151,160,173,0,0,0,0,187,No
Admission Fee Challan Printed,0,Bahawalpur,Punjab,87,961,982,174,189,183,46,184,48,50,1,189,Yes
Application Fee Received,727,Bahawalpur,Punjab,51,732,682,120,126,118,38,159,33,50,0,0,No
Application Fee Received,754,Bahawalpur,Punjab,100,661,648,116,111,109,36,114,35,50,0,111,No
Application Fee Received,791,Bahawalpur,Punjab,50,651,702,94,134,108,171,0,0,0,0,94,No
Application Fee Received,608,Bahawalpur,Punjab,50,549,522,91,67,128,87,30,31,50,0,91,No
Application Fee Received,751,Bahawalpur,Punjab,0,721,642,114,98,91,133,39,41,50,0,114,No
Application Fee Received,810,Bahawalpur,Punjab,60,819,694,114,129,129,121,45,37,50,0,121,No
Application Fee Received,764,Bahawalpur,Punjab,64,750,660,109,118,130,100,41,40,50,0,109,No
Application Fee Received,696,Bahawalpur,Punjab,66,723,691,0,0,0,0,0,0,0,0,0,No
Application Fee Received,806,Bahawalpur,Punjab,51,704,660,93,151,44,107,101,40,50,0,0,No
Application Fee Received,595,Bahawalpur,Punjab,0,681,529,81,78,133,71,0,0,0,0,0,No
Application Fee Received,1018,Bahawalpur,Punjab,52,935,862,161,174,149,43,150,0,0,0,0,No
Application Fee Received,656,Bahawalpur,Punjab,0,653,560,101,115,113,69,0,0,0,0,0,No
Application Fee Received,713,Bahawalpur,Punjab,43,718,596,122,0,0,0,0,0,0,0,0,No
Challan Printed,558,Bahawalpur,Punjab,0,515,578,115,36,99,29,0,0,0,0,0,No
Challan Printed,0,OPEN,,0,0,0,,,,,,,,0,,No
Application Fee Received,921,Bahawalpur,Punjab,62,841,771,141,142,137,155,36,42,50,1,155,No
Application Fee Received,731,Bahawalpur,Punjab,0,751,618,97,39,75,133,121,43,50,0,133,No
Application Fee Received,659,Bahawalpur,Punjab,0,827,562,107,107,66,98,37,32,50,0,107,No
Challan Printed,618,Bahawalpur,Punjab,0,519,587,120,61,140,0,145,0,0,0,61,No
Challan Printed,1072,Bahawalpur,Punjab,70,892,898,179,165,160,164,44,0,0,0,179,No
Application Fee Received,936,Bahawalpur,Punjab,49,907,786,172,121,155,130,38,30,50,1,155,No
Application Fee Received,689,Bahawalpur,Punjab,0,680,579,105,88,94,110,0,0,0,0,110,No
Application Fee Received,848,Bahawalpur,Punjab,60,749,695,116,158,147,35,67,39,50,0,158,No
Challan Printed,640,Bahawalpur,Punjab,52,659,645,145,43,107,0,0,0,0,0,0,No
Application Fee Received,747,OPEN,Punjab,0,743,625,127,0,0,0,0,0,0,0,127,No
Application Fee Received,942,Bahawalpur,Punjab,48,871,791,159,140,134,156,38,36,50,1,156,Yes
Admission Fee Challan Received,616,Bahawalpur,Punjab,0,610,507,114,0,0,0,0,0,0,1,114,No
Application Fee Received,889,Bahawalpur,Punjab,45,866,760,160,134,131,36,145,40,50,0,134,No
Application Fee Received,761,Bahawalpur,Punjab,0,722,661,127,119,138,110,0,0,0,0,110,No
Application Fee Received,940,Bahawalpur,Punjab,0,888,816,14,138,171,129,43,47,50,0,129,No
Application Fee Received,767,Bahawalpur,Punjab,0,803,661,111,122,110,108,35,36,50,0,111,No
Application Fee Received,709,Bahawalpur,Punjab,50,806,583,111,82,35,87,37,115,200,0,111,No
Application Fee Received,761,Bahawalpur,Punjab,58,809,662,104,42,138,104,117,41,50,0,104,No
Application Fee Received,892,Bahawalpur,Punjab,59,802,727,146,170,102,37,116,31,50,0,170,No
Application Fee Received,855,Bahawalpur,Punjab,54,784,740,138,120,121,0,145,0,0,0,120,No
Application Fee Received,642,Bahawalpur,Punjab,42,730,552,82,34,86,100,93,0,0,0,100,No
Application Fee Received,565,Bahawalpur,Punjab,0,605,497,68,32,29,71,0,0,0,0,68,No
Application Fee Received,903,Bahawalpur,Punjab,54,813,750,158,153,107,37,136,39,50,1,158,No
Admission Fee Challan Received,974,Bahawalpur,Punjab,39,669,812,151,136,168,147,40,40,50,1,147,Yes
Challan Printed,669,Bahawalpur,Punjab,0,706,544,105,87,111,90,31,32,50,0,105,No
Application Fee Received,752,Bahawalpur,Punjab,0,582,657,100,36,39,134,101,128,150,0,100,No
Application Fee Received,872,Bahawalpur,Punjab,54,815,719,113,138,131,41,118,38,50,0,138,No
Application Fee Received,538,Bahawalpur,Punjab,43,743,543,0,0,0,0,0,0,0,0,0,No
Application Fee Received,723,Bahawalpur,Punjab,19,682,626,102,81,97,131,39,46,50,0,102,No
Admission Fee Challan Received,959,Bahawalpur,Punjab,0,881,795,174,134,45,118,41,140,200,1,174,Yes
Application Fee Received,886,Bahawalpur,Punjab,60,650,727,164,0,0,0,0,0,0,0,164,No
Application Fee Received,766,Bahawalpur,Punjab,53,629,640,131,118,39,70,33,103,170,0,131,No
Application Fee Received,719,Bahawalpur,Punjab,35,781,612,93,112,102,37,117,41,50,0,112,No
Application Fee Received,552,Bahawalpur,Punjab,0,532,471,86,77,68,68,39,29,50,0,86,No
Application Fee Received,668,Bahawalpur,Punjab,46,596,564,114,94,38,65,39,78,200,0,114,No
Application Fee Received,702,Bahawalpur,Punjab,0,640,597,110,40,32,101,74,92,200,0,110,No
Application Fee Received,898,Bahawalpur,Punjab,0,552,781,119,31,163,102,185,46,50,0,102,No
Application Fee Received,529,Bahawalpur,Punjab,0,513,451,73,42,55,77,0,0,0,0,73,No
Application Fee Received,903,Bahawalpur,Punjab,61,867,754,154,149,142,113,38,38,50,0,154,No
Application Fee Received,826,Bahawalpur,Punjab,0,690,740,91,136,45,162,32,146,200,0,91,No
Application Fee Received,817,Bahawalpur,Punjab,0,603,719,103,98,37,152,45,0,0,0,103,No
Application Fee Received,703,Bahawalpur,Punjab,0,742,594,114,92,109,88,41,43,50,0,114,No
Challan Printed,738,Bahawalpur,Punjab,90,788,768,0,0,0,0,0,0,0,0,0,No
Application Fee Received,809,Bahawalpur,Punjab,43,731,677,137,99,106,0,126,0,0,0,137,No
Application Fee Received,852,Bahawalpur,Punjab,51,714,699,158,124,100,115,34,40,50,0,158,No
Application Fee Received,655,Bahawalpur,Punjab,50,651,565,100,97,67,36,44,126,200,0,100,No
Application Fee Received,1049,Bahawalpur,Punjab,52,802,889,165,44,42,178,155,162,200,0,165,No
Challan Printed,823,Bahawalpur,Punjab,67,782,651,101,104,157,31,88,39,50,0,157,No
Application Fee Received,656,Bahawalpur,Punjab,0,512,556,89,87,115,105,0,0,0,0,105,No
Admission Fee Challan Received,1018,Bahawalpur,Punjab,49,888,869,164,156,156,159,45,43,50,1,159,Yes
Application Fee Received,638,Bahawalpur,Punjab,43,843,571,72,57,0,0,0,0,0,0,72,No
Application Fee Received,898,Bahawalpur,Punjab,71,791,744,159,110,43,132,138,32,50,1,159,No
Admission Fee Challan Received,734,Bahawalpur,Punjab,0,690,616,128,93,106,123,0,0,0,1,123,No
Application Fee Received,605,Bahawalpur,Punjab,42,654,510,68,67,118,31,25,100,200,0,100,No
Application Fee Received,788,Bahawalpur,Punjab,64,776,648,105,96,40,117,42,109,200,0,105,No
Application Fee Received,722,Bahawalpur,Punjab,54,753,627,136,117,100,35,103,41,50,0,100,No
Application Fee Received,873,Bahawalpur,Punjab,54,878,727,151,131,127,105,0,0,0,0,151,No
Application Fee Received,750,Bahawalpur,Punjab,50,535,631,124,73,137,105,0,0,0,0,124,No
Application Fee Received,975,Bahawalpur,Punjab,53,763,836,138,42,158,44,158,149,200,0,149,No
Application Fee Received,1150,Bahawalpur,Punjab,49,943,980,186,175,84,47,175,47,50,1,175,Yes
Application Fee Received,792,Bahawalpur,Punjab,44,770,648,149,79,131,41,90,30,50,1,149,No
Application Fee Received,712,Bahawalpur,Punjab,48,629,585,53,117,132,73,27,40,50,0,132,No
Application Received,642,Bahawalpur,Punjab,0,611,545,76,75,96,102,0,0,0,0,102,No
Application Fee Received,904,Bahawalpur,Punjab,47,846,770,139,141,128,137,0,0,0,0,139,No
Application Fee Received,771,OPEN,Sind,40,832,670,106,117,110,150,43,18,50,0,106,No
Application Fee Received,771,Bahawalpur,Punjab,29,643,641,117,135,103,24,113,41,50,0,135,No
Application Fee Received,550,Bahawalpur,Punjab,40,678,505,99,89,85,39,87,24,50,0,0,No
Challan Printed,732,Bahawalpur,Punjab,0,845,619,118,89,106,110,0,0,0,0,118,No
Application Fee Received,820.324,Bahawalpur,Punjab,50,720,805,40,69,62,78,91,36,50,0,40,No
Application Fee Received,900,Bahawalpur,Punjab,44,725,775,135,140,157,149,42,37,50,0,135,No
Application Fee Received,653,Bahawalpur,Punjab,0,649,658,0,0,0,0,0,0,0,0,0,No
Application Fee Received,896,Bahawalpur,Punjab,54,799,757,141,128,144,147,38,40,50,0,144,No
Application Fee Received,748,Bahawalpur,Punjab,61,769,625,108,119,92,125,38,32,50,0,108,No
Admission Fee Challan Received,0,Bahawalpur,Punjab,46,735,633,113,107,33,86,40,144,200,1,113,No
Application Fee Received,645,Bahawalpur,Punjab,54,553,583,67,36,23,132,126,96,200,0,67,No
Application Fee Received,583,Bahawalpur,Punjab,65,708,541,136,62,116,39,87,32,50,0,62,No
Challan Printed,734,Bahawalpur,Punjab,51,641,596,143,103,37,96,32,94,200,0,143,No
Application Received,649,Bahawalpur,Punjab,40,753,542,104,112,89,23,89,29,50,0,112,No
Challan Printed,630,Bahawalpur,Punjab,0,552,556,64,70,83,34,31,175,200,0,64,No
Application Fee Received,876,Bahawalpur,Punjab,51,775,724,123,132,121,157,0,0,0,0,157,No
Admission Fee Challan Received,1021,Bahawalpur,Punjab,68,931,850,157,176,155,0,145,0,0,1,176,Yes
Application Fee Received,639,Bahawalpur,Punjab,0,643,555,87,109,91,40,95,34,50,0,109,No
Challan Printed,670,Bahawalpur,Punjab,0,554,567,118,37,42,94,77,74,200,0,118,No
Challan Printed,491,Bahawalpur,Punjab,50,526,506,0,0,0,0,0,0,0,0,0,No
Application Fee Received,1009,Bahawalpur,Punjab,40,849,841,39,160,177,108,36,173,200,1,173,Yes
Application Fee Received,777,Bahawalpur,Punjab,51,611,671,111,90,101,48,45,142,200,0,111,No
Application Fee Received,946,Bahawalpur,Punjab,47,819,798,139,158,138,45,140,43,50,0,158,No
Application Fee Received,744,Bahawalpur,Punjab,0,660,622,127,121,110,105,0,0,0,0,127,No
Challan Printed,678,Bahawalpur,Punjab,0,714,553,130,65,32,78,35,127,200,0,130,No
Application Fee Received,863,Bahawalpur,Punjab,65,770,745,123,124,46,156,29,138,200,0,123,No
Application Fee Received,845,Bahawalpur,Punjab,0,760,733,157,130,116,117,0,0,0,0,117,No
Application Fee Received,874,Bahawalpur,Punjab,0,764,730,122,129,111,40,154,38,50,0,129,No
Admission Fee Challan Received,1127,Bahawalpur,Punjab,82,970,975,162,185,183,185,46,45,50,1,162,Yes
Challan Printed,875,Bahawalpur,Punjab,53,796,738,142,138,128,35,120,41,50,0,142,No
Application Fee Received,941,Bahawalpur,Punjab,0,857,800,151,146,131,0,158,0,0,0,146,No
Application Fee Received,920,Bahawalpur,Punjab,67,850,786,139,0,0,0,0,0,0,1,139,No
Application Fee Received,872,Bahawalpur,Punjab,62,747,738,139,34,35,132,118,162,200,0,139,No
Application Fee Received,853,Bahawalpur,Punjab,60,581,740,118,74,156,144,125,0,0,0,118,No
Application Fee Received,687,Bahawalpur,Punjab,47,752,597,95,32,21,103,135,110,200,0,95,No
Application Fee Received,622,Bahawalpur,Punjab,43,802,627,0,0,0,0,0,0,0,0,0,No
Application Fee Received,754,Bahawalpur,Punjab,67,841,647,105,104,154,112,0,0,0,1,112,No
Application Fee Received,1094,Bahawalpur,Punjab,78,848,937,46,162,46,187,162,172,200,1,162,Yes
Application Fee Received,637,Bahawalpur,Punjab,57,618,552,90,33,89,71,32,0,0,0,90,No
Challan Printed,877,Bahawalpur,Punjab,47,827,741,141,135,131,115,0,0,0,0,141,No
Application Fee Received,659,Bahawalpur,Punjab,0,687,576,98,101,67,147,33,36,50,0,98,No
Application Fee Received,919,Bahawalpur,Punjab,61,822,758,135,166,134,0,140,0,0,1,166,No
Application Received,727,Bahawalpur,Punjab,0,663,670,72,40,102,90,0,0,0,0,72,No
Admission Fee Challan Received,1046,Bahawalpur,Punjab,66,886,885,134,166,163,0,173,0,0,1,166,Yes
Application Fee Received,686,Bahawalpur,Punjab,0,757,573,128,24,43,60,119,82,200,0,128,No
Challan Printed,916,Bahawalpur,Punjab,48,718,782,155,139,135,39,141,0,0,0,139,No
Application Fee Received,930,Bahawalpur,Punjab,42,817,787,148,43,38,134,140,141,200,1,148,No
Application Fee Received,650,Bahawalpur,Punjab,0,616,543,112,73,67,106,0,0,0,0,112,No
Application Fee Received,817,Bahawalpur,Punjab,55,743,700,122,107,138,122,0,0,0,0,122,No
Application Fee Received,588,Bahawalpur,Punjab,51,650,593,0,0,0,0,0,0,0,0,0,No
Application Fee Received,817,Bahawalpur,Punjab,50,855,687,131,100,135,110,41,42,50,0,135,No
Application Fee Received,698,Bahawalpur,Punjab,52,790,602,116,91,87,88,46,0,0,0,116,No
Application Fee Received,904.362,Bahawalpur,Punjab,47,735,857,57,0,0,0,0,0,0,0,57,No
Application Fee Received,777.083,Bahawalpur,Punjab,0,652,670,112,24,0,0,0,0,0,0,112,No
Application Fee Received,777,Bahawalpur,Punjab,59,800,642,94,106,94,38,140,44,50,0,140,No
Challan Printed,828,Bahawalpur,Punjab,44,907,701,115,45,137,45,123,112,200,0,112,No
Application Fee Received,739,Bahawalpur,Punjab,0,718,643,101,114,103,110,43,0,0,0,101,No
Application Fee Received,803,Bahawalpur,Punjab,0,826,690,118,99,96,151,37,0,0,0,118,No
Application Received,489,Bahawalpur,Punjab,55,529,519,0,0,0,0,0,0,0,0,0,No
Application Fee Received,912,Bahawalpur,Punjab,50,576,788,156,129,157,41,138,35,50,1,129,No
Application Fee Received,784,Bahawalpur,Punjab,53,716,650,139,89,123,116,41,0,0,0,139,No
Challan Printed,850,Bahawalpur,Punjab,46,843,717,136,138,118,43,124,32,50,0,138,No
Application Fee Received,1040,Bahawalpur,Punjab,60,972,879,166,154,152,173,0,0,0,1,166,Yes
Application Fee Received,1072,Bahawalpur,Punjab,47,925,898,179,148,153,176,0,0,0,0,179,No
Application Received,574,Bahawalpur,Punjab,0,541,554,0,0,0,0,0,0,0,0,0,No
Application Fee Received,987,Bahawalpur,Punjab,52,954,830,142,137,147,156,0,0,0,1,142,Yes
Application Received,818,Bahawalpur,Punjab,0,866,681,142,131,39,111,82,44,50,0,142,No
Application Fee Received,1093,Bahawalpur,Punjab,63,944,934,172,174,170,164,0,0,0,1,164,Yes
Challan Printed,734,Bahawalpur,Punjab,0,729,602,83,132,81,33,86,44,50,0,132,No
Application Fee Received,843,Bahawalpur,Punjab,53,838,704,123,144,100,43,122,43,50,0,144,No
Application Fee Received,740,Bahawalpur,Punjab,55,614,622,123,89,104,104,29,0,0,0,123,No
Application Fee Received,775,Bahawalpur,Punjab,56,705,647,106,133,105,30,104,0,0,0,133,No
Application Fee Received,727,Bahawalpur,Punjab,0,521,660,72,132,125,0,0,0,0,0,72,No
Application Fee Received,956,Bahawalpur,Punjab,44,908,796,165,129,162,130,40,44,50,1,165,Yes
Application Fee Received,832,Bahawalpur,Punjab,40,943,694,143,102,108,127,0,0,0,0,143,No
Application Fee Received,713,Bahawalpur,Punjab,61,705,693,0,0,0,0,0,0,0,0,0,No
Application Fee Received,826,Bahawalpur,Punjab,47,846,688,143,101,102,131,37,0,0,0,143,No
Challan Printed,1116,Bahawalpur,Punjab,74,939,971,150,182,178,0,0,0,0,0,150,No
Application Fee Received,756,Bahawalpur,Punjab,0,676,639,122,120,92,92,35,0,0,0,122,No
Application Fee Received,1143,Bahawalpur,Punjab,82,961,972,180,181,176,44,189,45,50,1,181,Yes
Challan Printed,732,Bahawalpur,Punjab,0,788,596,141,90,92,76,0,0,0,0,141,No
Application Fee Received,839,Bahawalpur,Punjab,45,760,736,108,33,153,133,166,44,50,0,108,No
Application Fee Received,723,Bahawalpur,Punjab,0,735,656,17,133,72,113,0,0,0,0,72,No
Challan Printed,984,Bahawalpur,Punjab,50,794,825,167,165,145,144,40,44,50,0,144,No
Application Fee Received,702,Bahawalpur,Punjab,47,749,599,108,97,95,99,0,0,0,0,108,No
Application Fee Received,690,Bahawalpur,Punjab,0,714,585,110,69,119,110,0,0,0,0,110,No
Application Fee Received,725,Bahawalpur,Punjab,49,737,611,119,84,122,100,39,29,50,0,119,No
Application Fee Received,949,Bahawalpur,Punjab,0,905,811,151,141,143,145,39,44,50,0,143,No
Application Fee Received,744,Bahawalpur,Punjab,50,578,603,114,84,146,30,79,36,50,0,146,No
Application Fee Received,551,Bahawalpur,Punjab,0,526,521,60,95,31,27,0,0,0,0,60,No
Application Fee Received,837,Bahawalpur,Punjab,0,731,731,111,154,108,141,0,0,0,0,111,No
Application Fee Received,732,Bahawalpur,Punjab,0,702,629,94,138,91,108,39,39,50,0,108,No
Application Fee Received,700,Bahawalpur,Punjab,44,792,584,121,91,84,66,0,0,0,0,121,No
Application Fee Received,858,Bahawalpur,Punjab,43,778,717,146,125,43,118,45,99,200,0,146,No
Application Fee Received,787,Bahawalpur,Punjab,0,590,680,117,32,33,141,130,0,0,0,117,No
Challan Printed,718,Bahawalpur,Punjab,0,703,616,107,109,98,120,0,0,0,0,107,No
Application Fee Received,843,Bahawalpur,Punjab,0,767,684,164,118,117,28,94,42,50,0,164,No
Application Fee Received,955.25,Bahawalpur,Punjab,55,553,811,149,0,0,0,0,0,0,1,149,No
Application Fee Received,775,Bahawalpur,Punjab,53,728,677,103,122,117,103,156,37,50,0,103,No
Admission Fee Challan Received,1050,Bahawalpur,Punjab,66,912,895,160,161,153,164,44,45,50,1,160,Yes
Application Fee Received,640,Bahawalpur,Punjab,0,792,542,77,96,81,88,0,0,0,0,88,No
Admission Fee Challan Received,1078,Bahawalpur,Punjab,63,751,918,170,43,41,165,158,170,200,1,170,Yes
Application Fee Received,785,Bahawalpur,Punjab,52,756,647,123,121,83,114,0,0,0,0,123,No
Application Fee Received,1061,Bahawalpur,Punjab,54,841,911,160,178,151,174,0,0,0,0,160,No
Application Fee Received,929,Bahawalpur,Punjab,55,835,773,132,161,125,0,132,0,0,1,161,No
Application Fee Received,683,Bahawalpur,Punjab,53,602,584,104,139,98,70,37,22,50,0,104,No
Application Fee Received,806,Bahawalpur,Punjab,0,862,670,75,141,103,0,130,0,0,0,141,No
Application Fee Received,802,Bahawalpur,Punjab,62,740,691,116,42,38,108,126,128,200,0,116,No
Application Fee Received,689,Bahawalpur,Punjab,57,719,704,0,0,0,0,0,0,0,0,0,No
Application Fee Received,763.583,Bahawalpur,Punjab,0,484,697,71,39,37,0,0,0,0,0,71,No
Application Fee Received,845,Bahawalpur,Punjab,0,711,712,139,138,108,40,137,40,50,0,138,No
Application Fee Received,818,Bahawalpur,Punjab,42,756,688,120,94,136,135,34,39,50,0,135,No
Application Fee Received,800,Bahawalpur,Punjab,48,819,703,102,42,45,146,132,90,200,0,102,No
Application Fee Received,868,Bahawalpur,Punjab,0,660,775,98,32,111,183,46,119,200,0,98,No
Application Fee Received,811,Bahawalpur,Punjab,61,928,689,137,42,94,80,156,45,50,0,137,No
Application Fee Received,770,Bahawalpur,Punjab,50,608,633,113,37,147,45,72,87,200,0,147,No
Application Fee Received,826,Bahawalpur,Punjab,47,846,688,143,101,102,131,37,0,0,0,0,No
Application Fee Received,936,Bahawalpur,Punjab,49,907,786,172,121,155,130,38,30,50,1,0,No
Application Fee Received,739,Bahawalpur,Punjab,0,718,643,101,114,103,110,43,0,0,0,0,No
Application Received,727,Bahawalpur,Punjab,0,663,670,72,40,102,90,0,0,0,0,0,No
Application Fee Received,912,Bahawalpur,Punjab,50,576,788,156,129,157,41,138,35,50,1,0,No
Application Fee Received,863,Bahawalpur,Punjab,65,770,745,123,124,46,156,29,138,200,0,0,No
Application Fee Received,689,Bahawalpur,Punjab,0,680,579,105,88,94,110,0,0,0,0,0,No
Application Fee Received,699,Bahawalpur,Punjab,35,667,576,86,106,72,128,0,0,0,0,128,No
Challan Printed,877,Bahawalpur,Punjab,48,748,753,125,161,142,48,129,0,0,0,129,No
Application Fee Received,754,Bahawalpur,Punjab,41,542,619,140,38,31,119,76,97,200,0,140,No
Application Fee Received,753,Bahawalpur,Punjab,0,630,634,96,124,118,37,91,41,50,0,124,No
Challan Printed,786,Bahawalpur,Punjab,0,687,689,97,42,22,125,139,0,0,0,97,No
Application Fee Received,946,Bahawalpur,Punjab,57,885,814,147,44,133,148,164,41,50,0,147,No
Application Fee Received,1077,Bahawalpur,Punjab,38,907,921,180,161,157,47,179,40,50,0,161,No
Application Fee Received,594,Bahawalpur,Punjab,44,624,604,0,0,0,0,0,0,0,0,0,No
Application Fee Received,1140,Bahawalpur,Punjab,69,941,973,191,184,174,172,0,0,0,1,172,Yes
Application Fee Received,676,Bahawalpur,Punjab,42,778,681,0,0,0,0,0,0,0,0,0,No
Challan Printed,684,Bahawalpur,Punjab,0,738,585,104,85,106,98,38,33,50,0,104,No
Challan Printed,595,Bahawalpur,Punjab,0,557,526,99,100,98,95,89,33,50,0,99,No
Challan Printed,892,Bahawalpur,Punjab,59,948,897,0,0,0,0,0,0,0,0,0,No
Application Received,519,Bahawalpur,Punjab,0,661,544,0,0,0,0,0,0,0,0,0,No
Challan Printed,726.083,Bahawalpur,Punjab,0,601,659,72,28,40,0,0,0,0,0,72,No
Application Fee Received,757,Bahawalpur,Punjab,0,716,643,119,101,80,46,107,0,0,0,119,No
Application Fee Received,782,Bahawalpur,Punjab,44,712,623,68,113,164,75,48,0,0,0,164,No
Challan Printed,613,Bahawalpur,Punjab,0,657,533,90,30,63,51,81,0,0,0,90,No
Application Fee Received,599,Bahawalpur,Punjab,63,710,604,0,0,0,0,0,0,0,0,0,No
Application Fee Received,722,Bahawalpur,Punjab,0,705,628,103,93,146,99,43,35,50,0,99,No
Challan Printed,644,Bahawalpur,Punjab,0,632,516,133,85,0,0,0,0,0,0,133,No
Application Fee Received,934,Bahawalpur,Punjab,47,865,783,150,132,133,156,41,39,50,0,156,No
Application Fee Received,1003,Bahawalpur,Punjab,56,914,852,148,137,180,161,0,0,0,0,161,No
Application Fee Received,758,Bahawalpur,Punjab,41,705,652,124,91,133,111,42,0,0,0,111,No
Application Fee Received,739,Bahawalpur,Punjab,41,855,633,90,111,121,0,82,0,0,0,111,No
Application Fee Received,739,Bahawalpur,Punjab,50,777,629,103,99,119,115,0,0,0,0,115,No
Application Fee Received,756,Bahawalpur,Punjab,37,811,627,96,134,97,36,101,36,50,0,134,No
Application Fee Received,928,Bahawalpur,Punjab,0,737,788,145,0,0,0,0,0,0,0,145,No
Application Fee Received,689,Bahawalpur,Punjab,38,780,567,90,88,90,35,30,127,200,0,127,No
Admission Fee Challan Received,1006,Bahawalpur,Punjab,57,904,853,157,158,153,0,154,0,0,1,158,Yes
Application Fee Received,574,Bahawalpur,Punjab,0,635,485,66,69,75,28,41,94,150,0,94,No
Application Fee Received,591,Bahawalpur,Punjab,0,622,495,68,55,72,101,40,35,50,0,101,No
Challan Printed,718,Bahawalpur,Punjab,47,779,612,111,103,89,44,87,0,0,0,111,No
Application Received,867,Bahawalpur,Punjab,54,700,737,107,137,125,135,43,0,0,0,135,No
Application Fee Received,1017,Bahawalpur,Punjab,44,872,867,168,158,169,155,40,41,50,0,155,No
Application Received,560,Bahawalpur,Punjab,0,773,570,0,0,0,0,0,0,0,0,0,No
Application Fee Received,836,Bahawalpur,Punjab,40,779,726,115,142,126,112,0,0,0,0,115,No
Application Fee Received,754,Bahawalpur,Punjab,0,609,683,157,132,42,28,76,0,0,0,76,No
Application Fee Received,750,Bahawalpur,Punjab,56,833,637,124,118,128,39,91,28,75,1,118,No
Application Received,543,Bahawalpur,Punjab,0,532,484,64,71,80,35,0,0,0,0,64,No
Admission Fee Challan Received,966,Bahawalpur,Punjab,44,813,829,163,38,142,139,44,166,200,1,142,Yes
Challan Printed,944,Bahawalpur,Punjab,55,917,810,137,141,139,153,46,0,0,0,139,No
Application Fee Received,1116,Bahawalpur,Punjab,80,941,953,195,173,173,0,193,0,0,1,173,Yes
Challan Printed,696,Bahawalpur,Punjab,0,644,701,0,0,0,0,0,0,0,0,0,No
Application Fee Received,642,Bahawalpur,Punjab,58,546,564,83,39,43,80,0,0,0,0,83,No
Challan Printed,646,Bahawalpur,Punjab,58,520,583,121,68,127,127,21,37,50,0,68,No
Application Fee Received,801,Bahawalpur,Punjab,55,793,698,150,108,123,42,101,44,50,0,108,No
Application Fee Received,743,Bahawalpur,Punjab,61,626,644,104,96,92,0,0,0,0,0,104,No
Challan Printed,801,Bahawalpur,Punjab,54,762,662,144,69,145,38,77,46,50,0,144,No
Application Fee Received,960,Bahawalpur,Punjab,55,800,815,150,125,145,157,41,0,0,1,150,Yes
Application Fee Received,751,Bahawalpur,Punjab,37,693,644,111,101,99,112,45,45,50,0,112,No
Application Fee Received,739,Bahawalpur,Punjab,0,585,627,110,98,93,117,0,0,0,0,117,No
Application Fee Received,633,Bahawalpur,Punjab,0,714,550,85,90,97,88,0,0,0,0,88,No
Application Fee Received,948,Bahawalpur,Punjab,47,738,812,141,128,154,156,0,0,0,1,141,No
Application Fee Received,884,Bahawalpur,Punjab,42,832,755,134,42,48,129,120,122,200,0,134,No
Application Received,694,Bahawalpur,Punjab,0,655,660,59,61,71,67,55,0,0,0,59,No
Challan Printed,765,Bahawalpur,Punjab,0,903,770,152,0,128,0,108,0,0,0,0,No
Application Fee Received,756,Bahawalpur,Punjab,0,769,648,113,43,43,122,84,119,200,0,113,No
Application Fee Received,711,Bahawalpur,Punjab,47,587,592,124,31,101,33,30,77,100,0,124,No
Application Fee Received,875,Bahawalpur,Punjab,47,800,726,154,43,36,131,135,80,200,0,154,No
Application Fee Received,830,Bahawalpur,Punjab,0,777,697,158,128,43,86,46,105,200,0,158,No
Application Fee Received,739,Bahawalpur,Punjab,65,636,618,126,117,108,0,88,0,0,0,126,No
Application Fee Received,887,Bahawalpur,Punjab,44,698,754,138,140,155,0,115,0,0,0,138,No
Challan Printed,832,OPEN,Baluchistan,52,782,694,143,148,44,118,74,0,0,0,143,No
Challan Printed,954,Bahawalpur,Punjab,37,831,789,165,170,98,0,148,0,0,0,170,No
Application Fee Received,815,OPEN,Punjab,45,654,714,106,38,40,148,131,128,200,0,106,No
Application Fee Received,890,Bahawalpur,Punjab,49,827,772,123,158,119,120,47,46,50,0,123,No
Application Fee Received,720,Bahawalpur,Punjab,47,719,606,119,123,64,91,0,0,0,0,119,No
Application Fee Received,875,Bahawalpur,Punjab,54,576,773,107,47,43,162,124,176,200,0,107,No
Application Fee Received,703,Bahawalpur,Punjab,41,902,588,108,120,126,34,92,22,50,0,120,No
Application Received,601,Bahawalpur,Punjab,0,769,527,83,79,88,33,116,43,50,0,79,No
Application Fee Received,673,Bahawalpur,Punjab,53,583,552,126,23,88,95,67,0,0,0,126,No
Application Fee Received,815,Bahawalpur,Punjab,0,797,670,150,129,88,110,0,0,0,0,150,No
Challan Printed,700,Bahawalpur,Punjab,47,749,577,128,70,87,43,85,33,50,0,128,No
Application Fee Received,791,Bahawalpur,Punjab,45,882,673,123,115,89,119,43,41,50,0,123,No
Application Fee Received,889,Bahawalpur,Punjab,63,835,767,145,127,134,46,152,41,50,0,127,No
Application Fee Received,800,Bahawalpur,Punjab,40,800,671,134,125,94,110,45,31,50,0,134,No
Application Fee Received,742,Bahawalpur,Punjab,51,774,658,89,106,107,0,142,0,0,0,89,No
Application Fee Received,903,Bahawalpur,Punjab,49,889,799,147,109,147,44,160,48,50,0,109,No
Application Fee Received,756,Bahawalpur,Punjab,0,631,637,98,124,94,45,99,44,50,0,124,No
Application Fee Received,677,Bahawalpur,Punjab,0,715,591,91,0,0,0,0,0,0,0,91,No
Admission Fee Challan Received,966,Bahawalpur,Punjab,58,878,810,142,161,122,46,153,42,50,1,161,Yes
Admission Fee Challan Received,1042,Bahawalpur,Punjab,50,674,881,143,166,163,0,172,0,0,1,166,Yes
Application Fee Received,806,Bahawalpur,Punjab,24,657,677,109,139,93,46,113,45,50,1,139,No
Application Fee Received,838,Bahawalpur,Punjab,48,759,692,86,151,106,0,134,0,0,0,151,No
Application Fee Received,730,Bahawalpur,Punjab,52,557,600,135,43,29,100,74,107,200,0,135,No
Application Fee Received,764,Bahawalpur,Punjab,43,833,657,88,130,98,112,41,0,0,0,112,No
Application Fee Received,805,Bahawalpur,Punjab,50,684,696,114,91,121,0,167,0,0,0,114,No
Application Fee Received,554,Bahawalpur,Punjab,39,741,559,0,0,0,0,0,0,0,0,0,No
Application Fee Received,655,Bahawalpur,Punjab,0,605,549,100,111,66,0,85,0,0,0,111,No
Application Fee Received,678,Bahawalpur,Punjab,45,689,550,133,0,0,0,0,0,0,0,133,No
Challan Printed,929,Bahawalpur,Punjab,53,730,800,134,153,46,0,133,0,0,0,134,No
Application Fee Received,758,Bahawalpur,Punjab,48,720,643,168,120,98,43,71,0,0,0,120,No
Application Fee Received,992,Bahawalpur,Punjab,47,839,837,163,120,154,160,0,0,0,0,160,No
Application Fee Received,868,Bahawalpur,Punjab,59,786,746,127,0,0,0,0,0,0,0,127,No
Application Fee Received,638,Bahawalpur,Punjab,44,522,559,80,99,89,34,104,43,50,0,99,No
Application Fee Received,931,Bahawalpur,Punjab,53,858,795,159,153,113,141,46,46,50,0,141,No
Application Fee Received,712,Bahawalpur,Punjab,0,741,612,154,105,100,24,76,44,50,0,105,No
Application Fee Received,637,Bahawalpur,Punjab,0,709,553,152,89,91,27,86,40,60,0,89,No
Application Fee Received,1095,Bahawalpur,Punjab,74,945,943,169,42,178,50,185,157,200,1,157,Yes
Application Received,552,Bahawalpur,Punjab,39,777,557,0,0,0,0,0,0,0,0,0,No
Application Fee Received,708,Bahawalpur,Punjab,50,685,599,114,95,103,0,82,0,0,0,114,No
Application Received,553,Bahawalpur,Punjab,0,574,473,66,26,67,34,84,85,200,0,85,No
Challan Printed,760,Bahawalpur,Punjab,0,746,785,0,0,0,0,0,0,0,0,0,No
Challan Printed,823,OPEN,Punjab,45,760,722,106,148,123,40,115,0,0,0,106,No
Application Fee Received,1130,OPEN,Punjab,61,907,961,174,183,181,176,0,0,0,0,174,No
Challan Printed,796,OPEN,Punjab,0,869,684,95,108,134,137,44,40,50,0,137,No
Application Fee Received,720,OPEN,Punjab,20,815,725,0,0,0,0,0,0,0,0,0,No
Challan Printed,741,OPEN,Punjab,0,735,622,124,92,43,109,40,94,200,0,124,No
Application Fee Received,876,OPEN,Punjab,64,849,717,85,113,103,164,41,49,50,0,164,No
Application Fee Received,1115,OPEN,Punjab,0,920,953,167,0,0,0,0,0,0,1,167,Yes
Application Fee Received,920,OPEN,Punjab,38,767,804,150,149,149,121,39,42,50,1,121,No
Challan Printed,1138,OPEN,Punjab,79,887,970,174,173,184,47,181,0,0,0,173,No
Challan Printed,787,Bahawalpur,Punjab,0,798,655,118,127,113,117,38,36,50,0,117,No
Application Fee Received,839,OPEN,Punjab,47,792,741,103,151,122,132,43,38,50,0,103,No
Application Fee Received,972,OPEN,Punjab,0,857,830,147,158,45,126,41,160,200,0,147,No
Application Fee Received,729,OPEN,Punjab,0,679,734,0,0,0,0,0,0,0,0,0,No
Application Fee Received,1105,OPEN,Punjab,44,819,946,164,182,178,173,45,43,50,0,164,No
Application Fee Received,968,OPEN,Punjab,65,923,953,0,0,0,0,0,0,0,0,0,No
Application Fee Received,780,OPEN,Punjab,0,605,692,93,105,147,126,0,0,0,0,93,No
Application Fee Received,722,OPEN,Punjab,52,719,637,113,90,104,44,92,43,50,0,90,No
Application Fee Received,1060,OPEN,Punjab,54,837,891,156,179,152,0,154,0,0,1,154,Yes
Application Fee Received,784,OPEN,Punjab,0,601,670,99,162,94,106,0,0,0,0,99,No
Application Fee Received,600,OPEN,Punjab,0,525,600,0,0,0,0,0,0,0,0,0,No
Application Fee Received,780,OPEN,Punjab,22,808,785,0,0,0,0,0,0,0,0,0,No
Application Received,755,OPEN,Punjab,0,685,618,142,40,91,95,78,43,50,0,142,No
Application Fee Received,1011,OPEN,Punjab,38,841,858,148,138,174,47,163,43,50,0,138,No
Application Fee Received,1101,OPEN,Punjab,52,929,945,161,44,44,175,172,184,200,0,161,No
Application Fee Received,826,OPEN,Punjab,0,771,707,124,0,0,0,0,0,0,0,124,No
Application Fee Received,802,OPEN,Punjab,43,581,689,118,37,39,127,120,128,200,0,118,No
Admission Fee Challan Received,918,OPEN,Punjab,0,563,812,111,157,175,0,171,0,0,1,111,No
Application Fee Received,912,OPEN,Punjab,36,699,766,151,0,0,0,0,0,0,0,151,No
Application Fee Received,698,OPEN,Punjab,0,616,573,140,40,42,78,75,62,200,0,140,No
Application Fee Received,966,OPEN,Punjab,40,941,809,142,162,138,0,139,0,0,0,162,No
Application Fee Received,806,OPEN,Punjab,40,823,702,109,42,42,122,108,142,200,0,109,No
Application Fee Received,846,Bahawalpur,Punjab,0,789,727,132,46,142,39,108,124,200,0,124,No
Application Fee Received,1090,OPEN,Punjab,0,937,929,164,166,171,44,172,46,50,0,166,No
Application Fee Received,987,OPEN,Punjab,0,898,836,171,117,153,156,45,48,50,0,156,No
Application Fee Received,755,OPEN,Punjab,0,846,770,0,0,0,0,0,0,0,0,0,No
Application Received,998,OPEN,Punjab,51,904,857,161,159,153,45,46,146,200,0,146,No
Application Fee Received,1086,OPEN,Punjab,59,895,933,158,171,172,181,46,46,50,1,158,No
Application Fee Received,933,OPEN,Punjab,40,706,780,131,138,138,42,158,38,50,0,158,No
Application Fee Received,1112,OPEN,Punjab,67,945,952,165,176,181,186,47,45,50,1,165,Yes
Application Fee Received,880,OPEN,Punjab,0,715,756,129,119,127,129,43,47,50,0,129,No
Application Fee Received,1155,OPEN,Punjab,80,926,969,186,173,185,46,0,171,200,1,171,Yes
Application Fee Received,1052,OPEN,Punjab,49,864,885,172,115,179,160,46,44,50,0,172,No
Application Fee Received,904,OPEN,Punjab,0,800,735,174,82,43,134,36,123,200,0,174,No
Challan Printed,675,OPEN,Punjab,0,767,616,64,47,94,43,134,142,200,0,64,No
Application Fee Received,633,OPEN,Punjab,0,711,549,89,95,39,85,39,81,200,0,89,No
Challan Printed,1120,OPEN,Punjab,81,967,949,176,167,176,46,176,47,50,0,176,No
Challan Printed,794,OPEN,Punjab,84,749,819,0,0,0,0,0,0,0,0,0,No
Application Fee Received,1111,OPEN,Punjab,61,941,955,161,179,174,180,47,45,50,1,161,Yes
Challan Printed,876,OPEN,Punjab,0,585,743,138,113,159,0,128,0,0,0,138,No
Application Fee Received,1125,OPEN,Punjab,82,941,957,173,45,44,181,180,176,200,0,173,No
Application Fee Received,957,OPEN,Punjab,0,839,828,134,164,45,43,139,142,200,0,134,No
Application Fee Received,1000,OPEN,Punjab,0,610,874,141,0,0,0,0,0,0,0,141,No
Admission Fee Challan Received,1067,OPEN,Punjab,44,920,920,152,45,44,174,175,171,200,1,152,Yes
Admission Fee Challan Received,1066,OPEN,Punjab,44,864,915,156,44,45,172,179,167,200,1,156,Yes
Challan Printed,600,OPEN,Punjab,0,521,518,98,87,98,73,43,32,50,0,87,No
Application Fee Received,755,OPEN,Punjab,22,668,670,138,90,110,41,125,39,50,0,90,No
Application Fee Received,865,OPEN,Punjab,48,517,870,183,170,174,0,0,0,0,0,0,No
Application Fee Received,777,OPEN,Punjab,44,796,782,0,0,0,0,0,0,0,0,0,No
Application Fee Received,1026,OPEN,Punjab,44,901,871,154,160,157,0,157,0,0,0,160,No
Application Fee Received,874,OPEN,Punjab,53,710,735,143,135,129,144,0,0,0,0,144,No
Application Fee Received,669,OPEN,Punjab,0,525,564,110,85,88,25,99,35,50,0,110,No
Challan Printed,674,OPEN,Punjab,0,706,610,69,120,46,89,37,112,200,0,69,No
Admission Fee Challan Received,1104,OPEN,Punjab,58,878,943,166,0,177,0,162,0,0,1,166,Yes
Application Fee Received,956,OPEN,Punjab,42,905,815,149,38,129,47,150,146,200,0,146,No
Application Fee Received,897,OPEN,Punjab,55,791,757,145,46,45,126,140,107,200,0,145,No
Application Received,567,OPEN,Punjab,47,643,492,77,90,77,41,78,23,50,0,90,No
Application Fee Received,751,OPEN,Punjab,0,734,756,0,0,0,0,0,0,0,0,0,No
Application Fee Received,737,OPEN,Punjab,0,608,615,95,127,91,37,94,34,50,0,127,No
Challan Printed,657,OPEN,Punjab,0,794,565,58,88,113,102,0,0,0,0,102,No
Application Fee Received,857,OPEN,Punjab,0,760,736,131,110,142,42,125,46,50,0,131,No
Application Fee Received,965,OPEN,Punjab,59,737,822,148,166,136,153,0,0,0,0,148,No
Application Fee Received,954,OPEN,Punjab,0,778,959,0,0,0,0,0,0,0,0,0,No
Application Fee Received,834,OPEN,Punjab,56,697,728,103,64,121,111,44,0,0,0,111,No
Application Fee Received,880,OPEN,Punjab,47,859,750,135,137,124,42,146,40,50,0,135,No
Application Fee Received,715,OPEN,Punjab,0,704,597,123,0,0,0,0,0,0,0,123,No
Application Fee Received,844,OPEN,Punjab,46,588,735,127,124,142,42,43,114,200,0,114,No
Application Fee Received,947,OPEN,Punjab,0,882,800,112,152,158,0,156,0,0,0,152,No
Challan Printed,944,Bahawalpur,Punjab,55,917,810,137,141,139,153,46,0,0,0,0,No
Application Fee Received,972,OPEN,Punjab,0,857,830,147,158,45,126,41,160,200,0,0,No
Challan Printed,929,Bahawalpur,Punjab,53,730,800,134,153,46,0,133,0,0,0,0,No
Application Fee Received,737,OPEN,Punjab,0,608,615,95,127,91,37,94,34,50,0,0,No
Application Fee Received,903,Bahawalpur,Punjab,49,889,799,147,109,147,44,160,48,50,0,0,No
Application Fee Received,815,OPEN,Punjab,0,462,694,152,126,134,121,121,28,50,0,126,No
Application Fee Received,888,OPEN,Punjab,0,735,749,144,0,0,0,0,0,0,0,144,No
Application Fee Received,898,OPEN,Punjab,52,677,776,127,49,113,79,41,61,75,0,127,No
Application Fee Received,690,OPEN,Punjab,35,611,675,0,0,0,0,0,0,0,0,0,No
Challan Printed,1039,OPEN,Punjab,0,812,905,144,0,0,0,0,0,0,0,144,No
Application Fee Received,948,OPEN,Punjab,0,729,953,0,0,0,0,0,0,0,0,0,No
Challan Printed,642,OPEN,Punjab,0,533,652,0,0,0,0,0,0,0,0,0,No
Challan Printed,1020,OPEN,Punjab,45,903,870,155,47,45,152,144,164,200,0,155,No
Application Fee Received,561,OPEN,Punjab,42,639,566,101,100,86,0,0,0,0,0,0,No
Challan Printed,614,OPEN,Punjab,0,536,624,0,0,0,0,0,0,0,0,0,No
Application Fee Received,881,OPEN,Punjab,0,783,766,125,162,121,0,140,0,0,0,125,No
Application Fee Received,819,OPEN,Punjab,50,884,705,124,131,147,41,83,0,0,0,124,No
Application Fee Received,619,Bahawalpur,Punjab,47,765,529,95,75,94,37,106,32,50,0,95,No
Application Fee Received,887,OPEN,Punjab,0,770,764,117,149,141,128,45,0,0,0,128,No
Application Fee Received,742,OPEN,Punjab,0,713,747,0,0,0,0,0,0,0,0,0,No
Application Fee Received,979,Bahawalpur,Punjab,44,782,852,132,167,166,152,0,0,0,1,132,No
Application Fee Received,898,Bahawalpur,Punjab,62,788,774,136,129,142,38,149,44,50,0,129,No
Challan Printed,936,OPEN,Punjab,0,664,781,155,150,155,105,42,41,50,0,155,No
Application Fee Received,1060,Bahawalpur,Punjab,54,947,910,155,152,195,182,44,45,50,1,155,Yes
Application Fee Received,794,Bahawalpur,Punjab,0,738,685,129,129,141,114,44,30,50,0,114,No
Application Fee Received,899,OPEN,Punjab,40,750,794,110,0,0,0,0,0,0,0,110,No
Admission Fee Challan Received,1104,OPEN,Punjab,82,937,939,182,170,180,39,174,41,50,1,170,Yes
Application Fee Received,830,OPEN,Punjab,40,644,701,134,133,131,113,0,0,0,0,134,No
Application Fee Received,761,OPEN,Punjab,0,689,644,122,0,0,0,0,0,0,0,122,No
Application Fee Received,1051,OPEN,Punjab,51,937,875,181,129,157,146,0,0,0,0,181,No
Application Fee Received,1100,OPEN,Punjab,73,896,920,165,46,40,176,174,156,200,0,165,No
Application Fee Received,783,OPEN,Punjab,43,688,699,89,153,91,147,44,35,50,0,89,No
Application Fee Received,719,OPEN,Punjab,0,544,577,142,88,76,90,25,43,50,0,142,No
Application Fee Received,727,OPEN,Punjab,0,775,732,0,0,0,0,0,0,0,0,0,No
Application Fee Received,959,OPEN,Punjab,49,961,808,146,156,139,37,145,0,0,0,156,No
Application Fee Received,838,OPEN,Punjab,0,735,690,153,97,93,39,127,0,0,0,153,No
Application Fee Received,928,Bahawalpur,Punjab,0,847,792,153,141,128,0,162,0,0,0,141,No
Application Fee Received,776,Bahawalpur,Punjab,50,726,642,90,144,118,79,44,42,50,0,144,No
Challan Printed,857,OPEN,Punjab,44,805,711,123,131,103,45,125,42,50,0,131,No
Application Fee Received,967,OPEN,Punjab,69,952,972,188,0,164,0,180,0,0,0,0,No
Challan Printed,835,OPEN,Punjab,49,836,712,111,144,118,108,0,0,0,0,108,No
Application Fee Received,938,OPEN,Punjab,40,829,823,177,124,163,47,46,130,200,0,130,No
Application Fee Received,631,OPEN,Punjab,46,688,586,62,89,111,98,44,40,50,0,0,No
Application Fee Received,771,OPEN,Punjab,43,732,666,110,104,109,105,44,46,50,0,110,No
Application Fee Received,746,OPEN,Punjab,0,621,633,118,94,80,119,45,41,50,0,118,No
Admission Fee Challan Received,1091,OPEN,Punjab,52,924,939,157,171,186,179,47,48,50,1,157,Yes
Application Fee Received,859,OPEN,Punjab,52,861,745,119,142,127,111,46,46,50,0,119,No
Application Fee Received,929,OPEN,Punjab,60,887,785,149,163,46,102,50,132,200,0,149,No
Application Fee Received,772,OPEN,Punjab,0,834,658,119,135,45,99,38,86,200,0,119,No
Challan Printed,832,OPEN,Punjab,53,819,707,130,47,111,102,128,0,0,0,130,No
Application Fee Received,676,OPEN,Punjab,0,631,553,128,74,38,70,35,75,200,0,128,No
Application Fee Received,744.338,OPEN,Punjab,0,685,774,0,0,0,0,0,0,0,0,0,No
Application Fee Received,582,OPEN,Punjab,32,665,592,0,0,0,0,0,0,0,0,0,No
Application Fee Received,750,OPEN,Punjab,0,720,666,135,94,87,45,40,0,0,0,94,No
Application Fee Received,921,OPEN,Punjab,59,809,785,141,160,44,130,42,130,200,0,141,No
Application Fee Received,772,OPEN,Punjab,0,917,637,140,99,113,74,37,48,50,0,140,No
Application Fee Received,754,OPEN,Punjab,51,886,759,0,0,0,0,0,0,0,0,0,No
Application Fee Received,690,OPEN,Punjab,51,557,606,89,112,31,0,75,0,0,0,89,No
Application Fee Received,796,OPEN,Punjab,44,706,674,127,132,103,90,47,45,50,0,127,No
Challan Printed,1104,OPEN,Punjab,54,847,936,169,173,168,45,178,46,50,0,173,No
Application Fee Received,875,OPEN,Punjab,56,847,880,0,0,0,0,0,0,0,0,0,No
Challan Printed,817,OPEN,Punjab,0,685,701,121,130,131,40,107,37,50,0,121,No
Application Fee Received,904,OPEN,Punjab,0,699,774,145,45,43,136,116,148,200,0,145,No
Application Fee Received,736,OPEN,Punjab,0,567,622,119,38,40,108,60,152,200,0,119,No
Application Fee Received,888,OPEN,Punjab,51,919,727,98,37,149,44,107,151,200,1,151,No
Application Fee Received,567,OPEN,Punjab,39,619,582,0,0,0,0,0,0,0,0,0,No
Application Fee Received,862,OPEN,Punjab,0,704,752,115,141,117,160,40,0,0,0,115,No
Application Fee Received,997,OPEN,Punjab,56,830,837,148,144,147,34,165,0,0,0,165,No
Application Fee Received,1033,OPEN,Punjab,0,792,870,168,0,0,0,0,0,0,0,168,No
Application Fee Received,705,OPEN,Punjab,56,745,710,0,0,0,0,0,0,0,0,0,No
Application Fee Received,824,OPEN,Punjab,40,752,829,0,0,0,0,0,0,0,0,0,No
Application Fee Received,1087,OPEN,Punjab,79,914,939,153,47,46,185,171,179,200,0,153,No
Admission Fee Challan Received,1086,OPEN,Punjab,54,850,921,167,170,168,48,172,42,50,1,170,Yes
Application Fee Received,890,OPEN,Punjab,40,802,772,126,123,144,142,44,41,50,0,123,No
Challan Printed,821,OPEN,Punjab,0,929,693,93,113,114,36,137,48,50,0,113,No
Application Fee Received,802.914,OPEN,Punjab,44,514,787,38,53,71,72,0,40,100,0,40,No
Application Fee Received,1027,OPEN,Punjab,48,937,867,165,171,158,145,48,0,0,1,165,Yes
Application Fee Received,651,OPEN,Punjab,38,695,594,77,105,103,105,34,41,50,0,77,No
Application Fee Received,820,OPEN,Punjab,0,569,664,119,97,92,161,34,32,200,0,161,No
Application Fee Received,652,OPEN,Punjab,54,756,566,91,99,68,102,0,0,0,0,91,No
Application Fee Received,862,OPEN,Punjab,0,742,720,147,108,107,109,48,46,50,0,147,No
Challan Printed,852,OPEN,Punjab,43,807,724,122,45,113,108,38,165,200,0,113,No
Challan Printed,909,OPEN,Punjab,43,714,757,136,45,157,103,46,134,200,0,157,No
Challan Printed,787,OPEN,Punjab,52,735,682,144,110,144,70,45,44,50,0,110,No
Application Fee Received,806,OPEN,Punjab,0,777,705,132,40,140,44,106,137,200,0,106,No
Application Fee Received,1051,OPEN,Punjab,60,852,894,171,147,155,50,44,162,200,0,162,No
Application Fee Received,874,OPEN,Punjab,57,873,766,118,0,0,0,0,0,0,0,118,No
Application Fee Received,888,Bahawalpur,Punjab,60,814,731,120,162,105,37,107,38,50,0,162,No
Challan Printed,694,OPEN,Punjab,0,695,618,81,35,27,106,112,0,0,0,81,No
Application Fee Received,817,OPEN,Punjab,0,746,746,81,46,144,166,0,0,0,0,81,No
Application Fee Received,837,OPEN,Punjab,40,656,722,120,116,151,140,33,42,50,0,120,No
Application Fee Received,801,Bahawalpur,Punjab,52,733,672,139,134,103,103,0,0,0,1,139,No
Application Fee Received,903,OPEN,Punjab,41,891,774,134,139,143,127,0,0,0,0,134,No
Challan Printed,1018,OPEN,Punjab,66,693,888,194,154,187,38,45,135,200,0,135,No
Challan Printed,966,OPEN,Punjab,0,885,792,179,137,123,126,0,0,0,0,179,No
Application Fee Received,776,OPEN,Punjab,48,717,671,110,110,126,37,125,40,50,0,110,No
Challan Printed,851,OPEN,Punjab,0,613,717,139,42,47,108,110,121,200,0,139,No
Application Fee Received,808,OPEN,Punjab,56,747,697,121,116,124,44,116,46,50,0,116,No
Challan Printed,910,OPEN,Punjab,0,916,795,119,120,151,49,156,43,50,0,120,No
Challan Printed,892,OPEN,Punjab,44,745,776,132,121,165,44,133,47,50,0,121,No
Application Fee Received,911,OPEN,Punjab,52,607,782,134,148,44,150,35,141,200,0,134,No
Application Fee Received,936,OPEN,Punjab,41,798,781,151,160,128,0,111,0,0,0,160,No
Challan Printed,548,OPEN,Punjab,0,588,491,62,92,133,65,19,27,50,0,62,No
Application Fee Received,650,OPEN,Punjab,65,633,545,110,85,73,68,0,0,0,0,110,No
Application Fee Received,881,OPEN,Punjab,43,853,734,127,115,152,0,45,0,0,0,152,No
Application Fee Received,1011,OPEN,Punjab,0,994,846,115,48,161,47,140,175,200,0,175,No
Application Fee Received,589,OPEN,Punjab,45,614,524,75,73,99,70,46,0,0,0,70,No
Application Fee Received,824,OPEN,Punjab,50,829,699,103,121,120,130,48,39,50,0,130,No
Challan Printed,859,OPEN,Punjab,63,932,864,0,0,0,0,0,0,0,0,0,No
Application Fee Received,672,OPEN,Punjab,41,613,579,113,98,44,89,38,83,200,0,98,No
Application Fee Received,593,OPEN,Punjab,48,560,517,81,105,79,99,26,35,50,0,81,No
Challan Printed,697,OPEN,Punjab,72,637,637,50,50,75,60,78,50,100,0,75,No
Application Fee Received,906,OPEN,Punjab,42,714,772,119,155,132,139,44,37,50,0,119,No
Application Fee Received,885,OPEN,Punjab,55,655,750,140,130,115,45,46,140,200,0,140,No
Application Fee Received,736,OPEN,Punjab,0,659,611,97,130,79,45,82,38,50,0,130,No
Application Fee Received,978,OPEN,Punjab,53,936,844,165,144,138,0,136,0,0,0,144,No
Application Fee Received,817,OPEN,Punjab,47,756,680,142,95,89,111,0,0,0,0,142,No
Application Fee Received,870,OPEN,Punjab,50,923,753,168,132,148,43,85,42,50,0,132,No
Application Fee Received,916,OPEN,Punjab,0,924,787,134,48,41,144,153,128,200,0,134,No
Challan Printed,741,OPEN,Punjab,21,664,644,102,44,34,135,117,64,200,0,102,No
Application Fee Received,559,OPEN,Punjab,0,596,497,67,89,111,59,34,36,50,0,67,No
Application Fee Received,1006,OPEN,Punjab,55,984,841,170,158,46,132,40,138,200,0,170,No
Challan Printed,926,OPEN,Punjab,0,749,779,139,134,148,152,45,36,50,0,152,No
Application Fee Received,570,Bahawalpur,Punjab,0,559,500,75,97,39,92,19,81,200,0,75,No
Challan Printed,792,OPEN,Punjab,0,912,797,0,0,0,0,0,0,0,0,0,No
Application Fee Received,594,OPEN,Punjab,0,647,599,0,0,0,0,0,0,0,0,0,No
Application Received,534,OPEN,,0,722,549,96,0,99,0,92,0,0,0,0,No
Application Received,-30,OPEN,,0,0,0,0,0,0,0,0,,,0,0,No
Application Fee Received,982,OPEN,Punjab,52,672,839,148,165,137,44,160,0,0,0,148,No
Application Fee Received,903,OPEN,Punjab,45,720,755,96,153,161,122,0,0,0,0,153,No
Application Fee Received,871,OPEN,Punjab,50,895,748,117,128,129,46,151,39,50,0,128,No
Application Received,845,OPEN,Punjab,0,630,750,100,40,150,180,150,40,50,0,100,No
Application Fee Received,814,OPEN,Punjab,0,692,658,161,125,36,43,86,91,200,0,161,No
Application Fee Received,713,OPEN,Punjab,34,693,603,95,40,96,121,104,33,50,0,95,No
Challan Printed,1110,OPEN,Punjab,86,896,946,180,0,169,0,169,0,0,0,169,No
Challan Printed,984,OPEN,Punjab,57,824,824,145,126,150,41,46,165,200,0,165,No
Challan Printed,1138,OPEN,Punjab,72,866,971,169,177,194,45,194,40,50,0,177,No
Application Fee Received,992,OPEN,Punjab,27,826,824,173,151,112,140,0,0,0,0,173,No
Application Fee Received,713,OPEN,Punjab,0,855,718,113,0,110,0,132,0,0,0,0,No
Challan Printed,1015,OPEN,Punjab,44,904,862,46,158,43,140,158,168,200,0,158,No
Application Fee Received,883,OPEN,Punjab,54,758,764,104,155,151,34,150,0,0,0,104,No
Application Fee Received,1058,OPEN,Punjab,54,874,909,177,154,159,45,164,49,50,0,154,No
Application Fee Received,805,OPEN,Punjab,0,834,667,143,43,101,97,95,42,50,0,143,No
Challan Printed,789,OPEN,Punjab,0,640,698,76,44,26,129,156,175,200,0,76,No
Challan Printed,922,OPEN,Punjab,52,785,751,176,109,36,109,36,128,200,0,176,No
Application Fee Received,1052,OPEN,Punjab,42,843,895,175,160,188,40,45,142,200,0,142,No
Application Fee Received,647,OPEN,Punjab,51,624,561,106,55,85,105,0,0,0,0,106,No
Challan Printed,989,OPEN,Punjab,38,612,854,140,44,44,175,155,147,200,0,140,No
Application Received,765,OPEN,Punjab,0,630,670,100,100,100,100,0,0,0,0,100,No
Challan Printed,744,OPEN,Punjab,54,866,749,0,0,0,0,0,0,0,0,0,No
Application Fee Received,754,Bahawalpur,Punjab,48,646,678,81,130,40,126,41,167,200,0,81,No
Application Received,948,OPEN,Punjab,0,846,791,133,162,40,138,0,0,0,0,162,No
Challan Printed,826,OPEN,Punjab,0,798,725,150,115,106,47,46,127,200,0,106,No
Application Fee Received,633,Bahawalpur,Punjab,46,450,522,126,63,77,116,25,25,50,0,116,No
Challan Printed,1060,OPEN,Punjab,54,928,920,176,173,183,145,0,0,0,0,145,No
Challan Printed,1016,OPEN,Punjab,0,834,881,47,47,165,172,169,140,200,0,140,No
Application Fee Received,904,OPEN,Punjab,0,910,789,149,158,166,41,41,120,200,0,120,No
Challan Printed,915,OPEN,Punjab,0,811,820,45,44,140,130,110,100,200,0,100,No
Challan Printed,696,OPEN,Punjab,0,907,721,0,0,0,0,0,0,0,0,0,No
Admission Fee Challan Received,976,Bahawalpur,Punjab,55,854,839,142,42,40,157,161,151,200,1,142,Yes
Application Fee Received,602,OPEN,Punjab,39,654,517,95,0,0,0,0,0,0,0,95,No
Challan Printed,805,OPEN,Punjab,0,640,697,113,109,130,42,142,0,0,0,113,No
Application Fee Received,704,Bahawalpur,Punjab,27,744,622,97,0,0,0,0,0,0,0,97,No
Challan Printed,563,Bahawalpur,Punjab,40,678,568,0,0,0,0,0,0,0,0,0,No
Challan Printed,1044,OPEN,Sind,54,972,902,147,173,155,46,167,46,50,0,147,No
Application Fee Received,738,Bahawalpur,Punjab,40,728,591,152,82,38,83,27,92,200,0,152,No
Application Fee Received,753,Bahawalpur,Punjab,0,805,662,101,45,46,97,132,112,200,0,101,No
Application Fee Received,691,OPEN,Sind,0,768,645,51,51,31,44,39,31,50,0,51,No
Application Fee Received,959,OPEN,Baluchistan,0,787,817,147,31,40,93,133,138,170,0,147,No
Application Fee Received,834,OPEN,Baluchistan,0,645,709,135,38,36,103,107,102,170,0,135,No
Challan Printed,963,OPEN,Baluchistan,0,676,819,149,42,122,34,133,157,200,0,149,No
Application Fee Received,793,OPEN,Baluchistan,0,654,798,0,0,0,0,0,0,0,0,0,No
Admission Fee Challan Received,940,OPEN,Baluchistan,0,654,798,147,136,115,44,100,37,50,1,147,No
Application Fee Received,925,OPEN,Baluchistan,0,676,819,111,149,36,42,92,133,170,0,111,No
Application Fee Received,791,OPEN,Punjab,41,771,678,118,111,47,92,47,118,200,0,118,No
Application Fee Received,829,OPEN,Baluchistan,0,822,834,0,0,0,0,0,0,0,0,0,No
Application Fee Received,913,OPEN,Baluchistan,68,900,762,161,152,130,85,47,46,50,0,161,No
Application Fee Received,746,OPEN,Baluchistan,0,672,640,111,134,92,93,43,27,50,0,111,No
Application Fee Received,927,OPEN,Baluchistan,0,838,779,153,0,0,0,0,0,0,0,153,No
Application Fee Received,832,OPEN,Baluchistan,0,813,837,0,0,0,0,0,0,0,0,0,No
Application Fee Received,815,OPEN,Baluchistan,0,664,687,133,83,86,39,108,29,50,0,133,No
Application Received,727,OPEN,Baluchistan,0,559,732,0,0,0,0,0,0,0,0,0,No
Application Fee Received,893,OPEN,Baluchistan,0,626,749,149,133,33,140,97,0,0,0,149,No
Application Fee Received,866,OPEN,Baluchistan,0,725,729,142,126,154,100,31,38,50,0,142,No
Application Received,866,OPEN,Baluchistan,0,725,729,133,142,108,38,86,31,50,0,142,No
Application Fee Received,827,OPEN,Baluchistan,0,687,692,134,140,96,36,100,0,0,0,140,No
Admission Fee Challan Received,694,OPEN,Gilgit-Baltistan,0,653,592,112,84,133,56,0,0,0,1,112,No
Application Fee Received,802.914,OPEN,Punjab,44,514,787,38,53,71,72,0,40,100,0,0,No
Application Fee Received,885,OPEN,Punjab,55,655,750,140,130,115,45,46,140,200,0,0,No
Challan Printed,1015,OPEN,Punjab,44,904,862,46,158,43,140,158,168,200,0,0,No
Challan Printed,966,OPEN,Punjab,0,885,792,179,137,123,126,0,0,0,0,0,No
Challan Printed,1110,OPEN,Punjab,86,896,946,180,0,169,0,169,0,0,0,0,No
