Application Status,Merit Score,Domicile,Province,Admission Test,SSC,Terminal Degree,Optional Subject 1,Optional Subject 2,Optional Subject 3,Optional Subject 4,Optional Subject 5,Optional Subject 6,Document Verified,English Marks,Offered
Challan Printed,850,OPEN,FATA,0,815,860,148,140,162,177,36,43,0,0,No
Challan Printed,920,OPEN,Khyber Pakhtunkhwa,0,933,930,171,164,175,44,172,44,0,0,No
Admission Fee Challan Received,838,OPEN,FATA,0,847,848,146,167,0,0,0,0,1,0,No
Application Fee Received,836,OPEN,FATA,21,892,841,157,165,150,48,47,0,0,0,No
Admission Fee Challan Received,778,OPEN,FATA,0,860,783,131,151,158,148,0,0,1,0,No
Application Fee Received,896,Bahawalpur,Punjab,49,857,906,155,177,0,178,0,163,0,0,No
Application Fee Received,838,Bahawalpur,Punjab,0,953,843,177,144,162,41,128,45,1,0,Yes
Challan Printed,816,Bahawalpur,Punjab,51,850,821,136,144,141,144,44,47,0,0,No
Application Fee Received,820,Bahawalpur,Punjab,60,916,825,170,149,160,45,111,43,0,0,No
Application Received,-30,Bahawalpur,Punjab,0,0,0,0,0,0,0,0,,0,0,No
Admission Fee Challan Received,867,Bahawalpur,Punjab,0,919,872,172,132,167,0,0,0,1,0,Yes
Challan Printed,766,Bahawalpur,Punjab,60,814,771,152,118,122,0,146,0,0,0,No
Application Fee Received,721,Bahawalpur,Punjab,54,738,726,118,44,102,149,149,41,0,0,No
Application Fee Received,726,Bahawalpur,Punjab,51,678,731,0,0,0,0,0,0,0,0,No
Application Fee Received,633,Bahawalpur,Punjab,47,401,638,98,128,103,45,43,94,0,0,No
Application Fee Received,830,Bahawalpur,Punjab,50,859,835,160,158,141,166,0,0,0,0,No
Challan Printed,592,Bahawalpur,Punjab,49,692,607,101,79,108,104,0,0,0,0,No
Challan Printed,906,Bahawalpur,Punjab,59,870,911,167,172,190,44,144,46,0,0,No
Challan Printed,786,Bahawalpur,Punjab,0,693,771,144,151,152,118,0,0,0,0,No
Challan Printed,780,Bahawalpur,Punjab,54,943,785,140,148,94,152,45,0,0,0,No
Application Fee Received,830.38,Bahawalpur,Punjab,0,628,835,147,78,64,0,0,0,0,0,No
Application Fee Received,606,Bahawalpur,Punjab,0,588,611,165,102,70,46,73,44,0,0,No
Challan Printed,626,Bahawalpur,Punjab,52,686,631,93,93,99,132,42,0,0,0,No
Application Fee Received,596,Bahawalpur,Punjab,47,671,601,157,26,116,46,61,115,0,0,No
Application Fee Received,674,Bahawalpur,Punjab,24,791,679,128,126,123,0,82,0,0,0,No
Application Fee Received,789,Bahawalpur,Punjab,0,690,794,123,152,138,133,138,0,0,0,No
Application Fee Received,906,Bahawalpur,Punjab,50,807,911,177,175,160,49,46,149,1,0,Yes
Application Fee Received,577,Bahawalpur,Punjab,0,636,582,109,42,42,95,94,84,0,0,No
Admission Fee Challan Received,892,Bahawalpur,Punjab,59,896,897,181,177,173,0,0,0,1,0,Yes
Application Fee Received,838.746,Bahawalpur,Punjab,0,566,843,0,0,0,0,0,0,0,0,No
Admission Fee Challan Received,882,Bahawalpur,Punjab,81,779,892,171,0,176,0,184,0,1,0,Yes
Application Fee Received,898,Bahawalpur,Punjab,67,862,903,161,179,146,45,0,0,1,0,Yes
Application Fee Received,695,Bahawalpur,Punjab,50,761,700,148,118,112,115,39,43,0,0,No
Application Fee Received,777,Bahawalpur,Punjab,54,594,782,116,161,145,40,139,0,0,0,No
Application Fee Received,752,Bahawalpur,Punjab,38,657,757,126,114,127,78,166,0,0,0,No
Application Fee Received,730,Bahawalpur,Punjab,47,775,735,110,36,43,149,117,139,0,0,No
Application Fee Received,798,Bahawalpur,Punjab,63,831,808,11,121,177,165,49,39,0,0,No
Challan Printed,943,Bahawalpur,Punjab,78,816,948,178,176,170,48,173,43,0,0,No
Application Fee Received,904,Bahawalpur,Punjab,58,921,909,167,169,39,171,43,170,1,0,Yes
Application Fee Received,647,Bahawalpur,Punjab,50,758,652,85,91,143,123,36,0,0,0,No
Application Fee Received,795,Bahawalpur,Punjab,51,836,800,139,161,110,138,0,0,0,0,No
Application Received,761,Bahawalpur,Punjab,58,675,766,145,137,133,43,110,0,0,0,No
Challan Printed,753,Bahawalpur,Punjab,55,694,763,150,106,160,39,133,42,0,0,No
Application Fee Received,820,Bahawalpur,Punjab,0,867,825,0,0,0,0,0,0,0,0,No
Application Fee Received,807,Bahawalpur,Punjab,63,801,812,160,136,39,139,47,131,0,0,No
Application Fee Received,767,Bahawalpur,Punjab,57,777,772,125,129,140,155,45,43,0,0,No
Challan Printed,758,Bahawalpur,Punjab,50,831,763,133,147,119,0,114,0,0,0,No
Application Fee Received,686,Bahawalpur,Punjab,50,808,691,100,147,136,82,0,0,0,0,No
Application Fee Received,959,Bahawalpur,Punjab,79,966,969,181,160,190,188,0,0,1,0,Yes
Application Fee Received,780,Bahawalpur,Punjab,54,943,785,94,148,140,152,45,0,0,0,No
Application Fee Received,779,Bahawalpur,Punjab,46,811,784,156,121,132,43,130,45,0,0,No
Admission Fee Challan Received,908,Bahawalpur,Punjab,62,848,913,182,63,177,161,45,0,1,0,Yes
Application Fee Received,647,Bahawalpur,Punjab,52,707,652,123,46,151,38,113,73,0,0,No
Application Fee Received,824,Bahawalpur,Punjab,56,681,829,0,0,0,0,0,0,0,0,No
Challan Printed,842,Bahawalpur,Punjab,56,907,847,148,47,149,172,142,0,0,0,No
Application Received,872,Bahawalpur,Punjab,58,927,877,0,0,0,0,0,0,0,0,No
Application Fee Received,601,Bahawalpur,Punjab,47,734,606,116,139,100,36,70,28,0,0,No
Admission Fee Challan Received,903,Bahawalpur,Punjab,58,753,908,188,145,182,41,39,163,1,0,Yes
Application Fee Received,957,Bahawalpur,Punjab,58,957,962,172,47,48,179,171,180,0,0,No
Challan Printed,723,Bahawalpur,Punjab,56,749,728,115,46,126,126,142,38,0,0,No
Application Fee Received,799,Bahawalpur,Punjab,58,815,809,144,143,47,157,39,142,0,0,No
Application Received,610,Bahawalpur,Punjab,43,705,615,111,111,123,86,39,0,0,0,No
Admission Fee Challan Received,979,Bahawalpur,Punjab,0,870,964,177,177,161,47,193,46,1,0,Yes
Admission Fee Challan Received,551,Bahawalpur,Punjab,41,733,556,84,77,46,92,91,43,1,0,No
Application Fee Received,845,Bahawalpur,Punjab,0,816,850,160,139,178,127,43,46,1,0,Yes
Application Fee Received,906,Bahawalpur,Punjab,62,865,911,159,186,161,146,46,44,0,0,No
Application Fee Received,754,Bahawalpur,Punjab,47,807,759,123,131,43,134,45,146,0,0,No
Application Fee Received,769,Bahawalpur,Punjab,53,919,774,135,102,139,166,45,42,0,0,No
Application Fee Received,721,Bahawalpur,Punjab,0,780,731,117,126,151,44,127,0,0,0,No
Challan Printed,862,Bahawalpur,Punjab,54,784,867,145,137,162,178,0,0,0,0,No
Application Fee Received,551,Bahawalpur,Punjab,0,610,556,130,93,113,0,0,0,0,0,No
Application Fee Received,772,Bahawalpur,Punjab,56,904,777,153,140,121,145,0,0,0,0,No
Application Fee Received,814.343,Bahawalpur,Punjab,0,712,819,0,0,0,0,0,0,0,0,No
Application Fee Received,605,Bahawalpur,Punjab,48,650,610,99,0,0,0,0,0,0,0,No
Application Fee Received,825,Bahawalpur,Punjab,50,837,830,156,133,147,45,149,0,0,0,No
Application Fee Received,874,Bahawalpur,Punjab,47,832,879,151,143,172,177,0,0,0,0,No
Application Fee Received,809,Bahawalpur,Punjab,48,821,814,154,175,137,143,0,0,0,0,No
Application Fee Received,816,Bahawalpur,Punjab,51,714,821,145,136,137,147,44,42,0,0,No
Application Fee Received,805,Bahawalpur,Punjab,52,743,810,153,114,173,138,0,0,0,0,No
Application Fee Received,674,Bahawalpur,Punjab,0,643,684,76,130,142,35,132,36,0,0,No
Application Fee Received,937,Bahawalpur,Punjab,64,845,942,181,160,180,45,176,0,0,0,No
Application Fee Received,864,Bahawalpur,Punjab,58,877,869,166,159,171,45,146,43,0,0,No
Application Fee Received,722,Bahawalpur,Punjab,52,641,727,134,120,142,40,140,27,0,0,No
Admission Fee Challan Received,962,Bahawalpur,Punjab,0,928,947,181,177,161,183,47,42,1,0,Yes
Application Fee Received,780,Bahawalpur,Punjab,53,793,785,132,43,43,149,145,118,0,0,No
Admission Fee Challan Received,841,Bahawalpur,Punjab,0,788,846,157,160,148,151,41,45,1,0,Yes
Application Fee Received,859,Bahawalpur,Punjab,51,882,864,139,152,162,181,47,47,0,0,No
Application Fee Received,662,Bahawalpur,Punjab,52,762,647,81,39,34,135,159,0,0,0,No
Application Fee Received,745,Bahawalpur,Punjab,0,738,750,129,130,137,46,125,44,0,0,No
Application Received,694,Bahawalpur,Punjab,0,934,714,127,122,98,134,0,0,0,0,No
Application Fee Received,850,Bahawalpur,Punjab,59,777,855,171,176,140,47,141,42,0,0,No
Challan Printed,646,Bahawalpur,Punjab,0,631,651,88,0,80,0,148,0,0,0,No
Application Fee Received,860,Bahawalpur,Punjab,65,861,865,164,149,153,0,0,0,1,0,Yes
Application Fee Received,782,Bahawalpur,Punjab,58,860,767,128,168,97,143,0,0,0,0,No
Application Fee Received,601,Bahawalpur,Punjab,0,689,606,69,137,121,89,0,0,0,0,No
Challan Printed,611,Bahawalpur,Punjab,57,665,616,0,0,0,0,0,0,0,0,No
Application Fee Received,729,Bahawalpur,Punjab,59,647,734,136,129,152,103,37,44,0,0,No
Application Fee Received,828,Bahawalpur,Punjab,50,786,833,146,48,42,142,153,156,0,0,No
Application Fee Received,770,Bahawalpur,Punjab,51,852,775,159,41,45,132,136,115,0,0,No
Application Fee Received,722,Bahawalpur,Punjab,53,829,727,142,0,135,0,114,0,0,0,No
Application Fee Received,533,Bahawalpur,Punjab,38,625,548,0,0,0,0,0,0,0,0,No
Application Fee Received,457,Bahawalpur,Punjab,0,646,462,82,84,41,40,60,66,0,0,No
Application Fee Received,954,Bahawalpur,Punjab,58,864,959,0,0,0,0,0,0,1,0,Yes
Application Fee Received,568,Bahawalpur,Punjab,0,578,573,94,85,99,44,99,0,0,0,No
Application Fee Received,797,Bahawalpur,Punjab,53,731,802,169,124,141,135,0,0,0,0,No
Application Fee Received,718,Bahawalpur,Punjab,53,805,723,124,102,161,39,114,44,0,0,No
Application Fee Received,774,Bahawalpur,Punjab,41,877,779,146,46,127,174,101,0,0,0,No
Application Received,895.718,Bahawalpur,Punjab,0,746,905,129,41,93,38,86,88,0,0,No
Application Fee Received,698,Bahawalpur,Punjab,56,687,703,162,104,133,0,0,0,0,0,No
Application Fee Received,818,Bahawalpur,Punjab,0,887,823,142,152,168,0,0,0,0,0,No
Application Fee Received,799,Bahawalpur,Punjab,56,756,804,136,129,154,147,0,0,0,0,No
Application Fee Received,716,Bahawalpur,Punjab,0,716,721,134,137,115,122,0,0,0,0,No
Application Fee Received,788,Bahawalpur,Punjab,48,735,793,146,154,132,0,0,0,0,0,No
Application Fee Received,777,Bahawalpur,Punjab,0,816,787,130,156,149,41,143,43,0,0,No
Admission Fee Challan Received,870,Bahawalpur,Punjab,46,843,875,138,173,171,161,0,0,1,0,Yes
Admission Fee Challan Received,931,Bahawalpur,Punjab,58,784,936,175,159,189,0,0,0,1,0,Yes
Admission Fee Challan Received,868,Bahawalpur,Punjab,15,949,873,145,172,135,0,175,0,1,0,Yes
Application Fee Received,946,Bahawalpur,Punjab,68,878,951,183,179,176,0,0,0,0,0,No
Application Fee Received,538,Bahawalpur,Punjab,51,723,543,70,97,71,96,0,0,0,0,No
Application Fee Received,909,Bahawalpur,Punjab,53,957,914,170,164,160,45,164,43,0,0,No
Challan Printed,773,Bahawalpur,Punjab,52,776,783,136,138,128,154,40,0,0,0,No
Challan Printed,667,Bahawalpur,Punjab,54,705,677,151,40,109,40,93,125,0,0,No
Application Fee Received,725,Bahawalpur,Punjab,0,709,730,161,83,120,43,124,44,0,0,No
Admission Fee Challan Received,874,Bahawalpur,Punjab,49,820,859,151,172,132,163,41,48,1,0,Yes
Application Fee Received,835,Bahawalpur,Punjab,28,637,840,170,156,130,147,44,40,0,0,No
Application Received,857,Bahawalpur,Punjab,52,935,862,161,174,149,43,150,0,0,0,No
Application Fee Received,696,Bahawalpur,Punjab,48,655,701,122,106,141,97,41,49,0,0,No
Admission Fee Challan Received,839,Bahawalpur,Punjab,0,763,844,143,154,48,184,121,46,1,0,Yes
Application Fee Received,836,Bahawalpur,Punjab,73,924,841,165,152,147,141,40,38,0,0,No
Application Fee Received,831,Bahawalpur,Punjab,48,843,836,110,38,38,172,157,179,0,0,No
Application Fee Received,820,Bahawalpur,Punjab,68,877,825,138,163,131,152,45,45,0,0,No
Challan Printed,709,Bahawalpur,Punjab,0,574,714,153,91,121,118,46,40,0,0,No
Application Fee Received,878,Bahawalpur,Punjab,46,834,883,122,48,42,167,186,0,1,0,Yes
Application Received,817,Bahawalpur,Punjab,55,881,802,147,157,139,158,0,0,0,0,No
Application Fee Received,554,Bahawalpur,Punjab,47,633,559,97,80,69,0,0,0,0,0,No
Application Fee Received,713,Bahawalpur,Punjab,54,704,698,115,44,37,132,102,139,0,0,No
Application Fee Received,833,Bahawalpur,Punjab,54,870,843,139,44,44,158,144,172,1,0,Yes
Application Fee Received,795.71,Bahawalpur,Punjab,0,660,805,46,79,74,83,30,68,0,0,No
Challan Printed,630,Bahawalpur,Punjab,0,697,635,130,86,106,38,47,100,0,0,No
Application Fee Received,815.478,Bahawalpur,Punjab,44,746,825,0,0,0,0,0,0,0,0,No
Application Fee Received,845,Bahawalpur,Punjab,53,882,850,129,41,40,164,155,182,1,0,Yes
Application Fee Received,806,Bahawalpur,Punjab,46,840,811,139,43,37,173,156,132,0,0,No
Application Fee Received,498,Bahawalpur,Punjab,36,600,508,75,66,91,42,60,38,0,0,No
Application Fee Received,806,Bahawalpur,Punjab,44,739,811,145,45,146,43,120,161,0,0,No
Application Fee Received,858,Bahawalpur,Punjab,57,919,863,131,168,184,162,44,34,0,0,No
Application Fee Received,710,Bahawalpur,Punjab,51,932,715,130,136,89,42,142,45,0,0,No
Application Fee Received,814,Bahawalpur,Punjab,53,838,819,122,46,146,148,161,0,0,0,No
Application Fee Received,548,Bahawalpur,Punjab,50,612,553,94,102,99,18,113,0,0,0,No
Application Fee Received,548,Bahawalpur,Punjab,50,612,553,94,102,99,18,113,0,0,0,No
Challan Printed,863,Bahawalpur,Punjab,59,743,848,154,191,132,165,0,0,0,0,No
Challan Printed,969,Bahawalpur,Punjab,79,885,974,0,0,0,0,0,0,0,0,No
Application Fee Received,814,Bahawalpur,Punjab,51,860,819,152,147,138,159,44,39,0,0,No
Application Fee Received,904,OPEN,Punjab,53,963,914,189,159,172,43,170,45,1,0,Yes
Application Fee Received,886,Bahawalpur,Punjab,76,897,896,0,0,0,0,0,0,0,0,No
Application Fee Received,866,Bahawalpur,Punjab,58,896,871,135,168,45,174,37,157,0,0,No
Challan Printed,634,Bahawalpur,Punjab,35,721,639,131,107,93,109,31,34,0,0,No
Challan Printed,443,Bahawalpur,Punjab,44,553,448,68,86,82,73,0,0,0,0,No
Application Fee Received,914,Bahawalpur,Punjab,53,942,919,141,185,43,165,48,188,0,0,No
Application Fee Received,972,Bahawalpur,Punjab,87,941,982,185,189,188,0,182,0,1,0,Yes
Application Fee Received,621,Bahawalpur,Punjab,34,669,626,102,30,110,38,123,122,0,0,No
Admission Fee Challan Received,880,Bahawalpur,Punjab,58,883,865,155,178,190,124,40,36,1,0,Yes
Challan Printed,487,Bahawalpur,Punjab,45,607,492,78,96,27,85,26,71,0,0,No
Application Fee Received,810.423,Bahawalpur,Punjab,42,698,830,40,0,0,0,0,0,0,0,No
Application Fee Received,797,Bahawalpur,Punjab,43,834,802,170,46,32,156,137,132,0,0,No
Application Fee Received,844.072,Bahawalpur,Punjab,46,770,849,0,0,0,0,0,0,1,0,No
Application Fee Received,957,Bahawalpur,Punjab,62,962,962,155,47,185,187,189,0,0,0,No
Application Received,913,Bahawalpur,Punjab,73,936,918,180,166,173,0,0,0,0,0,No
Challan Printed,950,Bahawalpur,Punjab,64,834,955,179,173,173,189,0,0,0,0,No
Application Fee Received,647,Bahawalpur,Punjab,54,823,652,137,102,97,38,105,31,0,0,No
Application Fee Received,705,Bahawalpur,Punjab,52,718,710,105,158,123,148,27,42,0,0,No
Challan Printed,637,Bahawalpur,Punjab,0,721,642,114,98,91,133,39,41,0,0,No
Challan Printed,696,Bahawalpur,Punjab,66,723,691,0,0,0,0,0,0,0,0,No
Admission Fee Challan Received,865,Bahawalpur,Punjab,63,886,870,161,0,174,0,175,0,1,0,Yes
Application Fee Received,754,Bahawalpur,Punjab,51,732,744,95,45,130,38,169,120,0,0,No
Application Fee Received,680,Bahawalpur,Punjab,53,742,665,91,124,125,108,0,0,0,0,No
Challan Printed,665,Bahawalpur,Punjab,60,672,670,107,91,142,44,119,40,0,0,No
Application Fee Received,790,Bahawalpur,Punjab,46,734,775,139,148,44,126,35,143,0,0,No
Application Fee Received,480,Bahawalpur,Punjab,49,659,485,82,18,79,28,85,90,0,0,No
Application Fee Received,856,Bahawalpur,Punjab,56,840,861,159,145,145,164,45,46,0,0,No
Application Fee Received,635,Bahawalpur,Punjab,53,629,640,131,118,39,70,33,103,0,0,No
Application Fee Received,466,Bahawalpur,Punjab,0,532,471,86,77,68,68,39,29,0,0,No
Admission Fee Challan Received,878,Bahawalpur,Punjab,58,862,863,120,153,194,187,38,36,1,0,Yes
Application Fee Received,595,Bahawalpur,Punjab,44,707,600,0,0,0,0,0,0,1,0,Yes
Application Fee Received,749,Bahawalpur,Punjab,61,867,754,154,149,142,113,38,38,0,0,No
Challan Printed,589,Bahawalpur,Punjab,0,742,594,114,92,109,88,41,43,0,0,No
Application Fee Received,827,Bahawalpur,Punjab,52,872,832,142,152,46,154,42,159,0,0,No
Application Fee Received,788,Bahawalpur,Punjab,49,806,793,171,150,0,0,0,0,0,0,No
Admission Fee Challan Received,859,Bahawalpur,Punjab,59,874,864,116,47,41,168,166,174,1,0,Yes
Application Fee Received,859,Bahawalpur,Punjab,49,888,869,164,156,156,159,45,43,0,0,No
Application Fee Received,941,Bahawalpur,Punjab,82,910,946,185,152,175,46,177,0,1,0,Yes
Application Fee Received,876,Bahawalpur,Punjab,46,947,881,153,170,164,0,0,0,0,0,No
Application Fee Received,947,Bahawalpur,Punjab,63,882,957,177,0,169,0,0,0,0,0,No
Application Fee Received,611,Bahawalpur,Punjab,0,690,616,128,93,106,123,0,0,1,0,Yes
Application Fee Received,683,Bahawalpur,Punjab,64,776,648,105,96,40,117,42,109,0,0,No
Application Fee Received,622,Bahawalpur,Punjab,54,753,627,136,117,100,35,103,41,0,0,No
Application Fee Received,906,Bahawalpur,Punjab,67,958,911,165,175,169,172,0,0,0,0,No
Application Received,737,Bahawalpur,Punjab,0,817,722,0,0,0,0,0,0,0,0,No
Application Fee Received,593,Bahawalpur,Punjab,49,577,598,106,117,33,127,35,84,0,0,No
Application Fee Received,833,Bahawalpur,Punjab,62,901,838,177,156,128,159,0,0,0,0,No
Application Fee Received,665,Bahawalpur,Punjab,48,726,670,118,108,129,130,31,41,0,0,No
Application Fee Received,652,Bahawalpur,Punjab,45,577,657,0,0,0,0,0,0,0,0,No
Application Fee Received,902,Bahawalpur,Punjab,51,818,907,157,162,175,45,0,0,0,0,No
Challan Printed,883,Bahawalpur,Punjab,65,943,888,0,0,0,0,0,0,0,0,No
Application Fee Received,666,Bahawalpur,Punjab,51,611,671,111,90,101,48,45,142,0,0,No
Application Fee Received,771,Bahawalpur,Punjab,63,806,776,149,138,117,163,37,0,0,0,No
Application Fee Received,841,Bahawalpur,Punjab,20,895,846,0,0,0,0,0,0,0,0,No
Challan Printed,972,Bahawalpur,Punjab,84,895,982,174,182,188,46,192,45,0,0,No
Application Fee Received,785,Bahawalpur,Punjab,71,749,770,166,139,111,149,42,0,0,0,No
Application Received,845.029,Bahawalpur,Punjab,47,577,850,128,112,114,74,69,70,0,0,No
Application Fee Received,735,Bahawalpur,Punjab,47,897,740,140,116,113,141,0,0,0,0,No
Challan Printed,695,Bahawalpur,Punjab,55,743,700,122,107,138,122,0,0,0,0,No
Application Fee Received,582,Bahawalpur,Punjab,52,790,602,116,91,87,88,46,0,0,0,No
Challan Printed,730,Bahawalpur,Punjab,0,756,735,0,0,0,0,0,0,0,0,No
Challan Printed,716,Bahawalpur,Punjab,44,907,701,115,45,137,45,123,112,0,0,No
Application Fee Received,792.887,Bahawalpur,Punjab,0,610,797,77,92,142,76,0,0,0,0,No
Application Fee Received,638,Bahawalpur,Punjab,0,718,643,101,114,103,110,43,0,0,0,No
Application Fee Received,645,Bahawalpur,Punjab,53,716,650,139,89,123,116,41,0,0,0,No
Application Fee Received,731,Bahawalpur,Punjab,52,712,736,0,0,0,0,0,0,0,0,No
Application Fee Received,872,Bahawalpur,Punjab,47,774,877,161,43,154,44,161,0,0,0,No
Application Fee Received,785,OPEN,Punjab,66,836,790,158,167,107,140,0,0,0,0,No
Application Fee Received,639,Bahawalpur,Punjab,48,788,644,79,122,114,98,42,0,0,0,No
Application Received,712,Bahawalpur,Punjab,46,843,717,136,138,118,43,124,32,0,0,No
Application Fee Received,640,Bahawalpur,Punjab,44,700,645,116,85,109,112,0,0,0,0,No
Application Fee Received,678,Bahawalpur,Punjab,0,687,683,129,95,122,43,113,36,0,0,No
Application Fee Received,652,Bahawalpur,Punjab,52,710,657,113,45,98,78,143,0,0,0,No
Application Fee Received,689,Bahawalpur,Punjab,44,791,674,132,117,137,87,42,35,0,0,No
Application Fee Received,601,Bahawalpur,Punjab,0,801,606,113,98,92,107,0,0,0,0,No
Challan Printed,779,Bahawalpur,Punjab,43,862,789,0,0,0,0,0,0,0,0,No
Challan Printed,764,Bahawalpur,Punjab,0,716,769,0,0,0,0,0,0,0,0,No
Application Fee Received,743,Bahawalpur,Punjab,54,826,748,149,122,46,102,44,132,0,0,No
Application Fee Received,912,Bahawalpur,Punjab,50,959,917,167,173,174,154,0,0,1,0,Yes
Application Fee Received,791,Bahawalpur,Punjab,44,908,796,165,129,162,130,40,44,0,0,No
Application Fee Received,675,OPEN,Punjab,50,846,680,123,108,98,103,38,47,0,0,No
Challan Printed,695,Bahawalpur,Punjab,43,945,700,148,118,120,43,84,40,0,0,No
Application Fee Received,791,Bahawalpur,Punjab,51,850,796,146,137,133,160,45,0,0,0,No
Application Fee Received,966,Bahawalpur,Punjab,74,939,971,150,182,178,0,0,0,1,0,Yes
Application Fee Received,860,Bahawalpur,Punjab,54,880,850,152,49,45,146,149,165,0,0,No
Application Received,829,Bahawalpur,Punjab,54,738,834,0,0,0,0,0,0,0,0,No
Application Fee Received,818,Bahawalpur,Punjab,52,786,803,92,43,35,177,144,193,0,0,No
Application Fee Received,731,Bahawalpur,Punjab,45,760,736,108,33,153,133,166,44,0,0,No
Application Fee Received,686,Bahawalpur,Punjab,49,684,691,81,44,136,131,138,0,0,0,No
Application Fee Received,881,Bahawalpur,Punjab,62,726,886,167,146,185,143,45,44,0,0,No
Application Fee Received,634,Bahawalpur,Punjab,0,732,639,123,101,98,115,43,37,0,0,No
Application Fee Received,823,Bahawalpur,Punjab,0,915,828,139,146,165,42,155,42,0,0,No
Application Fee Received,813,Bahawalpur,Punjab,54,815,818,168,118,159,46,157,40,0,0,No
Challan Printed,785,Bahawalpur,Punjab,53,710,790,147,147,108,133,44,0,0,0,No
Application Fee Received,853,Bahawalpur,Punjab,50,727,863,159,168,153,162,0,0,1,0,Yes
Application Fee Received,580,Bahawalpur,Punjab,0,714,585,110,69,119,110,0,0,0,0,No
Application Fee Received,806,Bahawalpur,Punjab,0,905,811,151,141,143,145,39,44,0,0,No
Application Fee Received,726,Bahawalpur,Punjab,0,731,731,111,154,108,141,0,0,0,0,No
Application Fee Received,823,Bahawalpur,Punjab,50,756,828,139,162,135,150,0,0,0,0,No
Application Fee Received,547,Bahawalpur,Punjab,50,661,552,124,87,36,77,22,79,0,0,No
Application Fee Received,764,Bahawalpur,Punjab,49,714,769,130,107,144,173,44,0,0,0,No
Application Fee Received,672,Bahawalpur,Punjab,53,728,677,103,122,117,103,156,37,0,0,No
Application Fee Received,632,Bahawalpur,Punjab,51,610,637,103,112,91,31,40,144,0,0,No
Application Fee Received,890,Bahawalpur,Punjab,66,912,895,160,161,153,164,44,45,1,0,Yes
Application Fee Received,840,Bahawalpur,Punjab,51,960,845,144,41,43,137,172,162,1,0,Yes
Application Fee Received,833,Bahawalpur,Punjab,57,791,838,142,48,169,131,167,0,0,0,No
Application Fee Received,887.754,Bahawalpur,Punjab,30,673,892,79,135,86,42,73,79,0,0,No
Application Fee Received,809,Bahawalpur,Punjab,56,890,814,163,40,145,110,166,43,0,0,No
Application Fee Received,698,Bahawalpur,Punjab,48,819,703,102,42,45,146,132,90,0,0,No
Application Fee Received,810,Bahawalpur,Punjab,56,940,815,158,146,143,116,0,0,0,0,No
Application Fee Received,748,Bahawalpur,Punjab,48,748,753,125,161,142,48,129,0,0,0,No
Application Fee Received,696,Bahawalpur,Punjab,47,721,701,149,39,46,131,92,140,1,0,Yes
Challan Printed,628,Bahawalpur,Punjab,49,678,633,101,144,110,92,0,0,0,0,No
Application Fee Received,794,Bahawalpur,Punjab,58,705,799,102,177,130,49,162,0,0,0,No
Application Fee Received,858,Bahawalpur,Punjab,85,850,868,164,150,166,43,44,134,1,0,Yes
Application Fee Received,751,Bahawalpur,Punjab,58,785,756,104,106,119,145,88,133,0,0,No
Application Fee Received,755,Bahawalpur,Punjab,62,798,760,160,117,45,132,47,121,0,0,No
Application Fee Received,862,Bahawalpur,Punjab,44,872,867,168,158,169,155,40,41,0,0,No
Application Fee Received,904,Bahawalpur,Punjab,52,916,909,164,179,155,171,45,43,0,0,No
Challan Printed,724,Bahawalpur,Punjab,43,733,729,117,128,116,45,143,41,0,0,No
Application Fee Received,721,Bahawalpur,Punjab,40,779,726,115,142,126,112,0,0,0,0,No
Application Fee Received,968,Bahawalpur,Punjab,84,957,978,173,188,179,186,179,0,0,0,No
Application Fee Received,632,Bahawalpur,Punjab,56,833,637,124,118,128,39,91,28,1,0,Yes
Application Fee Received,824,Bahawalpur,Punjab,44,813,829,163,38,142,139,44,166,0,0,No
Challan Printed,819,Bahawalpur,Punjab,54,738,824,150,43,172,117,153,46,0,0,No
Admission Fee Challan Received,945,Bahawalpur,Punjab,0,878,950,162,187,185,39,178,44,1,0,Yes
Application Fee Received,827,Bahawalpur,Punjab,48,726,832,147,162,38,158,44,142,0,0,No
Application Fee Received,832,Bahawalpur,Punjab,50,890,837,169,162,42,37,136,178,0,0,No
Application Fee Received,837,Bahawalpur,Punjab,57,972,842,0,0,0,0,0,0,1,0,No
Application Fee Received,577,Bahawalpur,Punjab,27,567,582,81,86,75,42,123,45,0,0,No
Admission Fee Challan Received,880,Bahawalpur,Punjab,0,811,885,148,151,170,172,0,0,1,0,Yes
Challan Printed,830,Bahawalpur,Punjab,47,890,845,0,0,0,0,0,0,0,0,No
Application Fee Received,665,Bahawalpur,Punjab,0,767,675,0,0,0,0,0,0,0,0,No
Application Fee Received,693,Bahawalpur,Punjab,55,793,698,150,108,123,42,101,44,0,0,No
Challan Printed,849,Bahawalpur,Punjab,59,924,854,0,0,0,0,0,0,0,0,No
Application Fee Received,684,Bahawalpur,Punjab,62,618,689,84,115,123,161,0,0,0,0,No
Application Fee Received,657,Bahawalpur,Punjab,54,762,662,144,69,145,38,77,46,0,0,No
Application Fee Received,740,Bahawalpur,Punjab,47,780,745,145,119,0,0,0,0,0,0,No
Application Fee Received,844,Bahawalpur,Punjab,50,969,849,147,143,155,0,0,0,1,0,Yes
Application Fee Received,926,Bahawalpur,Punjab,53,882,931,135,130,118,183,154,164,0,0,No
Application Fee Received,800,Bahawalpur,Punjab,0,728,805,154,44,48,135,140,143,0,0,No
Application Fee Received,772,Bahawalpur,Punjab,50,848,777,157,121,148,0,0,0,0,0,No
Challan Printed,808,Bahawalpur,Punjab,54,851,813,160,169,139,128,0,0,0,0,No
Admission Fee Challan Received,853,Bahawalpur,Punjab,0,843,858,131,179,145,173,0,0,1,0,Yes
Application Fee Received,471,Bahawalpur,Punjab,0,683,476,66,27,25,87,99,73,0,0,No
Application Fee Received,755,Bahawalpur,Punjab,60,890,760,131,39,135,45,139,136,0,0,No
Admission Fee Challan Received,897,Bahawalpur,Punjab,59,932,902,145,173,182,44,43,162,1,0,Yes
Application Fee Received,750,Bahawalpur,Punjab,51,730,755,145,113,149,115,43,42,0,0,No
Challan Printed,704,Bahawalpur,Punjab,57,705,689,139,113,98,106,44,42,0,0,No
Application Fee Received,623,Bahawalpur,Punjab,0,629,633,103,96,121,0,91,0,0,0,No
Application Fee Received,847,Bahawalpur,Punjab,66,883,852,191,0,176,0,138,0,1,0,Yes
Application Fee Received,694,Bahawalpur,Punjab,68,887,699,0,0,0,0,0,0,0,0,No
Application Fee Received,814,Bahawalpur,Punjab,0,828,819,135,142,121,179,0,0,0,0,No
Application Fee Received,878,Bahawalpur,Punjab,57,953,883,177,45,153,45,154,174,0,0,No
Application Fee Received,750,Bahawalpur,Punjab,42,832,755,134,42,48,129,120,122,0,0,No
Application Fee Received,680,Bahawalpur,Punjab,61,841,685,104,98,131,34,136,44,0,0,No
Challan Printed,923,Bahawalpur,Punjab,58,906,928,179,162,177,0,182,0,0,0,No
Application Fee Received,885,Bahawalpur,Punjab,47,895,890,144,157,179,0,166,0,0,0,No
Challan Printed,765,Bahawalpur,Punjab,0,903,770,152,0,128,0,108,0,0,0,No
Application Fee Received,969,Bahawalpur,Punjab,77,879,979,182,176,178,48,187,44,1,0,Yes
Application Fee Received,657,Bahawalpur,Punjab,47,726,662,133,33,103,34,123,111,0,0,No
Application Fee Received,721,Bahawalpur,Punjab,47,800,726,154,43,36,131,135,80,0,0,No
Application Fee Received,613,Bahawalpur,Punjab,65,636,618,126,117,108,0,88,0,0,0,No
Application Fee Received,752,Bahawalpur,Punjab,42,810,757,135,145,136,133,0,0,0,0,No
Application Fee Received,691,Bahawalpur,Punjab,54,547,696,153,0,126,0,162,0,0,0,No
Application Received,773,Bahawalpur,Punjab,0,816,783,147,135,122,42,37,158,0,0,No
Application Fee Received,875,Bahawalpur,Punjab,41,808,880,133,190,164,165,40,44,1,0,Yes
Application Fee Received,638,Bahawalpur,Punjab,50,756,643,110,0,105,0,146,0,0,0,No
Application Fee Received,741,Bahawalpur,Punjab,0,725,746,123,152,98,42,142,39,0,0,No
Admission Fee Challan Received,857,Bahawalpur,Punjab,62,847,862,151,158,175,170,35,45,1,0,Yes
Application Fee Received,783,Bahawalpur,Punjab,48,772,788,163,30,136,48,138,138,0,0,No
Challan Printed,814.522,Bahawalpur,Punjab,49,759,824,0,0,0,0,0,0,0,0,No
Challan Printed,726,Bahawalpur,Punjab,49,644,731,84,96,153,171,0,0,0,0,No
Admission Fee Challan Received,892,Bahawalpur,Punjab,52,877,897,123,184,171,0,171,0,1,0,Yes
Admission Fee Challan Received,946,Bahawalpur,Punjab,60,898,951,167,191,174,185,42,48,1,0,Yes
Application Fee Received,601,Bahawalpur,Punjab,47,719,606,119,123,64,91,0,0,0,0,No
Application Fee Received,721,Bahawalpur,Punjab,0,867,726,134,132,106,0,115,0,0,0,No
Application Fee Received,886,Bahawalpur,Punjab,64,876,891,141,48,45,193,165,166,0,0,No
Application Fee Received,704,Bahawalpur,Punjab,0,662,709,144,0,80,0,108,0,0,0,No
Application Fee Received,641,Bahawalpur,Punjab,38,702,651,102,89,100,0,0,0,1,0,Yes
Application Fee Received,653,Bahawalpur,Punjab,51,774,658,89,106,107,0,142,0,0,0,No
Application Fee Received,897,Bahawalpur,Punjab,58,745,902,173,156,149,0,169,0,0,0,No
Application Fee Received,777,Bahawalpur,Punjab,58,840,782,156,108,148,0,144,0,0,0,No
Application Fee Received,625,Bahawalpur,Punjab,0,687,630,96,103,102,126,34,24,0,0,No
Application Fee Received,876,Bahawalpur,Punjab,50,674,881,143,166,163,0,172,0,1,0,Yes
Application Fee Received,953,Bahawalpur,Punjab,67,960,958,180,184,194,47,45,158,1,0,Yes
Application Fee Received,742,Bahawalpur,Punjab,47,727,747,168,123,115,0,0,0,0,0,No
Application Fee Received,822,Bahawalpur,Punjab,52,746,827,0,0,0,0,0,0,0,0,No
Application Fee Received,760,Bahawalpur,Punjab,54,701,765,148,133,142,143,43,30,0,0,No
Application Fee Received,679,OPEN,Punjab,0,709,684,135,111,110,84,38,48,0,0,No
Application Fee Received,720,Bahawalpur,Punjab,0,528,720,80,100,120,40,37,130,0,0,No
Admission Fee Challan Received,883,Bahawalpur,Punjab,55,827,888,141,157,171,183,41,33,1,0,Yes
Application Fee Received,613,Bahawalpur,Punjab,0,608,623,0,0,0,0,0,0,0,0,No
Application Fee Received,606,Bahawalpur,Punjab,58,538,611,151,37,109,89,87,41,0,0,No
Application Fee Received,855,Bahawalpur,Punjab,53,844,865,172,166,148,45,138,45,0,0,No
Application Received,939,Bahawalpur,Punjab,75,957,949,181,152,194,48,179,0,0,0,No
Application Fee Received,708,Bahawalpur,Punjab,32,815,713,0,0,0,0,0,0,0,0,No
Application Fee Received,661,Bahawalpur,Punjab,0,745,666,116,92,138,97,41,0,0,0,No
Application Fee Received,668,Bahawalpur,Punjab,50,733,678,121,148,82,30,43,131,0,0,No
Application Fee Received,741,Bahawalpur,Punjab,59,786,746,127,0,0,0,0,0,0,0,No
Application Fee Received,529,Bahawalpur,Punjab,49,670,534,90,69,77,37,0,0,0,0,No
Challan Printed,824.725,Bahawalpur,Punjab,52,587,834,0,0,0,0,0,0,0,0,No
Application Fee Received,855,Bahawalpur,Punjab,0,748,865,120,185,154,182,48,0,0,0,No
Application Fee Received,682,Bahawalpur,Punjab,55,902,687,120,36,120,46,114,137,0,0,No
Challan Printed,854,Bahawalpur,Punjab,53,799,859,160,151,173,47,147,0,0,0,No
Application Fee Received,646,Bahawalpur,Punjab,0,921,651,59,90,109,161,0,0,0,0,No
Application Fee Received,938,Bahawalpur,Punjab,74,945,943,169,42,178,50,185,157,1,0,Yes
Application Fee Received,785,Bahawalpur,Punjab,43,798,790,126,35,126,141,181,45,0,0,No
Challan Printed,760,Bahawalpur,Punjab,56,921,765,161,118,139,106,45,0,0,0,No
Application Fee Received,775,Bahawalpur,Punjab,56,846,780,127,138,148,136,0,0,0,0,No
Application Received,922.676,Bahawalpur,Punjab,0,763,932,142,39,73,56,92,86,0,0,No
Application Fee Received,889,Bahawalpur,Punjab,59,832,894,179,165,157,157,0,0,0,0,No
Application Fee Received,835,Bahawalpur,Punjab,41,783,840,134,138,145,43,171,46,1,0,Yes
Challan Printed,712,Bahawalpur,Punjab,0,761,717,106,124,131,37,141,41,0,0,No
Application Fee Received,594,Bahawalpur,Punjab,50,685,599,114,95,103,0,82,0,0,0,No
Application Fee Received,790,Bahawalpur,Punjab,55,798,775,0,0,0,0,0,0,0,0,No
Application Fee Received,594,OPEN,Punjab,48,759,604,0,0,0,0,0,0,0,0,No
Application Fee Received,584,Bahawalpur,Punjab,46,756,589,94,76,106,113,0,0,0,0,No
Application Fee Received,920,OPEN,Punjab,50,861,925,166,183,170,0,0,0,0,0,No
Challan Printed,714,OPEN,Punjab,0,600,719,132,113,0,0,0,0,0,0,No
Challan Printed,751,OPEN,Punjab,0,931,756,0,0,0,0,0,0,0,0,No
Application Fee Received,981,OPEN,Punjab,69,951,966,0,0,0,0,0,0,0,0,No
Application Fee Received,960,OPEN,Punjab,72,916,970,185,166,187,44,192,46,0,0,No
Challan Printed,928,OPEN,Punjab,0,804,913,0,0,0,0,0,0,0,0,No
Application Fee Received,675,OPEN,Punjab,0,639,680,67,85,179,33,151,40,0,0,No
Application Fee Received,874,OPEN,Punjab,0,839,879,176,164,170,41,45,149,0,0,No
Application Fee Received,935,OPEN,Punjab,70,904,940,179,190,171,44,46,164,0,0,No
Application Fee Received,859,OPEN,Punjab,60,894,864,162,163,161,42,46,137,0,0,No
Application Fee Received,671,OPEN,Punjab,0,520,676,137,125,87,17,145,39,0,0,No
Application Fee Received,735,OPEN,Punjab,0,788,735,155,171,89,39,91,43,0,0,No
Challan Printed,965,OPEN,Punjab,79,887,970,174,173,184,47,181,0,0,0,No
Application Fee Received,801,OPEN,Punjab,28,880,806,131,145,154,128,41,48,0,0,No
Application Fee Received,705,OPEN,Punjab,53,715,690,98,43,39,82,149,136,0,0,No
Application Fee Received,679,OPEN,Punjab,0,766,684,0,0,0,0,0,0,0,0,No
Application Fee Received,681,OPEN,Punjab,57,735,686,138,120,120,88,42,39,0,0,No
Application Received,887,OPEN,Punjab,0,926,892,178,163,174,43,130,48,0,0,No
Application Fee Received,771,OPEN,Punjab,0,758,776,134,46,142,151,101,43,0,0,No
Application Fee Received,628,OPEN,Punjab,0,656,633,99,138,123,110,0,0,0,0,No
Application Fee Received,927,OPEN,Punjab,59,896,932,142,183,189,177,0,0,0,0,No
Challan Printed,924,OPEN,Punjab,75,957,934,173,152,183,43,184,46,0,0,No
Application Fee Received,637,OPEN,Punjab,0,639,642,126,114,132,30,91,25,0,0,No
Application Received,737,OPEN,Punjab,0,789,742,102,145,151,39,137,38,0,0,No
Application Fee Received,978,OPEN,Punjab,87,876,983,175,189,189,175,47,47,1,0,Yes
Application Fee Received,699,OPEN,Punjab,0,721,684,109,88,133,147,0,0,0,0,No
Application Fee Received,687,OPEN,Punjab,0,605,692,93,105,147,126,0,0,0,0,No
Application Fee Received,861,OPEN,Punjab,0,822,866,150,174,171,136,0,0,0,0,No
Application Fee Received,841,OPEN,Punjab,28,865,846,120,187,182,138,43,40,0,0,No
Application Fee Received,781,OPEN,Punjab,0,690,786,156,156,128,119,0,0,0,0,No
Application Received,909,OPEN,Punjab,60,985,914,157,46,45,172,183,143,0,0,No
Application Fee Received,909,OPEN,Punjab,62,863,914,0,0,0,0,0,0,0,0,No
Challan Printed,873,OPEN,Punjab,38,841,858,148,138,174,47,163,43,0,0,No
Application Fee Received,675,OPEN,Punjab,22,713,685,0,0,0,0,0,0,0,0,No
Application Fee Received,723,OPEN,Punjab,30,904,728,127,116,42,128,47,109,0,0,No
Application Fee Received,746,OPEN,Punjab,52,725,756,159,111,99,158,45,44,1,0,No
Application Fee Received,914,OPEN,Punjab,46,918,919,83,0,0,0,0,0,1,0,No
Application Fee Received,776,OPEN,Punjab,41,918,781,122,138,127,158,48,42,0,0,No
Application Fee Received,831,OPEN,Punjab,30,813,836,147,140,150,163,47,46,0,0,No
Challan Printed,932,OPEN,Punjab,61,1002,942,172,186,162,46,47,171,0,0,No
Application Fee Received,699,OPEN,Punjab,48,740,704,118,105,128,140,32,42,0,0,No
Application Fee Received,756,OPEN,Punjab,66,826,761,0,0,0,0,0,0,0,0,No
Application Fee Received,888,OPEN,Punjab,59,940,893,175,164,140,166,44,48,0,0,No
Application Fee Received,824,OPEN,Punjab,0,912,829,144,43,43,134,158,160,0,0,No
Challan Printed,659,OPEN,Punjab,0,634,664,125,44,40,123,110,73,0,0,No
Application Fee Received,823,OPEN,Punjab,46,627,808,143,168,133,151,41,42,0,0,No
Challan Printed,603,OPEN,Punjab,23,603,608,80,38,44,131,133,56,0,0,No
Application Fee Received,818,OPEN,Punjab,0,890,823,126,166,47,129,150,48,0,0,No
Challan Printed,873,OPEN,Punjab,0,861,878,166,158,147,0,0,0,0,0,No
Application Fee Received,890,OPEN,Punjab,62,954,895,163,47,44,153,166,170,0,0,No
Application Fee Received,573,OPEN,Punjab,0,752,578,78,101,104,41,87,45,0,0,No
Challan Printed,939,OPEN,Punjab,76,953,934,160,0,0,0,0,0,0,0,No
Challan Printed,870,OPEN,Punjab,52,846,875,0,0,0,0,0,0,0,0,No
Challan Printed,820,OPEN,Punjab,55,891,830,0,0,0,0,0,0,0,0,No
Application Received,573,OPEN,Punjab,0,752,578,101,78,104,87,41,45,0,0,No
Application Received,568,OPEN,Punjab,0,816,573,0,0,0,0,0,0,0,0,No
Application Received,619,OPEN,Punjab,0,846,604,0,0,0,0,0,0,0,0,No
Application Fee Received,938,OPEN,Punjab,48,960,943,0,0,0,0,0,0,0,0,No
Challan Printed,964,OPEN,Punjab,84,922,974,183,0,195,0,0,0,0,0,No
Application Fee Received,803,OPEN,Punjab,0,797,808,155,157,103,173,0,0,0,0,No
Application Fee Received,950,OPEN,Punjab,72,991,960,170,174,187,46,172,0,1,0,Yes
Application Fee Received,777,OPEN,Punjab,0,723,782,165,101,134,43,161,0,0,0,No
Application Fee Received,769,OPEN,Punjab,0,833,774,115,109,150,45,148,48,0,0,No
Application Fee Received,690,OPEN,Punjab,0,739,695,129,123,131,106,37,0,0,0,No
Application Fee Received,737,OPEN,Punjab,32,676,742,0,0,0,0,0,0,0,0,No
Application Fee Received,606,OPEN,Punjab,43,574,606,106,78,119,39,89,42,0,0,No
Application Fee Received,536,OPEN,Punjab,0,765,541,79,32,93,28,100,90,0,0,No
Application Fee Received,565,OPEN,Punjab,0,721,570,58,33,28,113,102,83,0,0,No
Application Fee Received,804,OPEN,Punjab,23,894,809,152,162,149,133,0,0,0,0,No
Application Fee Received,876,OPEN,Punjab,48,738,881,0,0,0,0,0,0,0,0,No
Application Fee Received,559,OPEN,Punjab,0,525,564,110,85,88,25,99,35,0,0,No
Application Fee Received,972,OPEN,Punjab,79,830,977,0,0,0,0,0,0,0,0,No
Challan Printed,862,OPEN,Punjab,43,930,867,0,0,0,0,0,0,0,0,No
Challan Printed,796,OPEN,Punjab,0,882,801,119,170,168,130,0,0,0,0,No
Application Fee Received,810,OPEN,Punjab,42,905,815,149,38,129,47,150,146,0,0,No
Application Fee Received,661,OPEN,Punjab,0,748,666,0,0,0,0,0,0,0,0,No
Application Fee Received,877,OPEN,Punjab,58,850,882,161,42,46,165,165,163,0,0,No
Application Received,770,OPEN,,70,800,800,33,34,33,67,40,30,0,0,No
Application Fee Received,811,OPEN,Punjab,22,797,816,0,0,0,0,0,0,0,0,No
Application Fee Received,680,OPEN,Punjab,0,808,685,39,138,155,57,127,43,0,0,No
Application Fee Received,726,OPEN,Punjab,0,760,736,131,110,142,42,125,46,0,0,No
Application Fee Received,638,OPEN,Punjab,0,746,648,0,0,0,0,0,0,0,0,No
Application Fee Received,777,OPEN,Punjab,0,726,782,131,155,145,131,42,35,0,0,No
Application Fee Received,687,OPEN,Punjab,0,759,717,125,41,144,117,123,0,0,0,No
Challan Printed,784,OPEN,Punjab,0,714,789,0,0,0,0,0,0,0,0,No
Application Fee Received,735,OPEN,Punjab,56,701,740,0,0,0,0,0,0,0,0,No
Application Received,901,OPEN,Punjab,75,789,886,155,146,182,48,166,41,0,0,No
Application Fee Received,607,OPEN,Punjab,44,721,612,118,107,75,124,38,43,0,0,No
Application Fee Received,872,OPEN,Punjab,47,888,877,165,140,163,42,168,44,0,0,No
Application Fee Received,590,OPEN,Punjab,0,624,595,97,102,25,91,39,107,0,0,No
Application Fee Received,663,OPEN,Punjab,0,575,668,126,113,117,36,134,42,0,0,No
Application Fee Received,782,OPEN,Punjab,0,911,787,0,0,0,0,0,0,0,0,No
Application Fee Received,921,OPEN,Punjab,57,670,926,165,0,170,0,181,0,0,0,No
Application Fee Received,605,OPEN,Punjab,36,746,620,94,61,132,40,108,39,0,0,No
Application Fee Received,719,OPEN,Punjab,61,643,724,116,89,146,39,140,46,0,0,No
Application Fee Received,820,OPEN,Punjab,38,676,805,0,0,0,0,0,0,0,0,No
Application Fee Received,552,OPEN,Punjab,26,635,557,86,60,43,86,42,109,0,0,No
Challan Printed,830,OPEN,Punjab,0,827,835,0,0,0,0,0,0,0,0,No
Application Fee Received,756,OPEN,Punjab,0,783,766,125,162,121,0,140,0,0,0,No
Application Fee Received,759,OPEN,Punjab,0,770,764,117,149,141,128,45,0,0,0,No
Application Fee Received,834,OPEN,Punjab,0,711,839,0,0,0,0,0,0,0,0,No
Application Fee Received,855,Bahawalpur,Punjab,53,803,860,124,158,44,156,45,176,0,0,No
Application Fee Received,896,OPEN,Punjab,0,823,901,0,0,0,0,0,0,0,0,No
Application Received,799,OPEN,Punjab,0,717,804,155,149,125,125,46,47,0,0,No
Application Fee Received,715,Bahawalpur,Punjab,55,722,720,79,148,114,45,172,40,0,0,No
Challan Printed,665,OPEN,Punjab,0,933,670,73,124,45,138,42,107,0,0,No
Application Fee Received,663,OPEN,Punjab,0,701,668,103,103,114,40,133,39,0,0,No
Application Fee Received,807,Bahawalpur,Punjab,42,711,817,154,153,125,153,0,0,0,0,No
Challan Printed,655,OPEN,Punjab,0,661,660,69,145,133,39,97,40,0,0,No
Application Fee Received,953,OPEN,Punjab,75,899,958,185,151,192,47,186,47,0,0,No
Challan Printed,795,OPEN,Punjab,0,796,800,152,132,149,42,138,45,0,0,No
Challan Printed,716,OPEN,Punjab,46,695,726,138,123,0,0,0,0,0,0,No
Application Fee Received,810,OPEN,Punjab,0,868,795,0,0,0,0,0,0,0,0,No
Application Fee Received,901,OPEN,Punjab,45,886,906,142,182,182,152,0,0,0,0,No
Application Received,821,OPEN,,22,939,826,0,0,0,0,0,0,0,0,No
Admission Fee Challan Received,905,Bahawalpur,Punjab,54,947,910,155,152,195,182,44,45,1,0,Yes
Application Received,-30,OPEN,Punjab,0,0,0,0,0,0,0,0,,0,0,No
Application Received,840,Bahawalpur,Punjab,60,845,845,153,161,160,0,0,0,0,0,No
Application Received,792,OPEN,Punjab,0,599,797,160,123,147,42,148,30,0,0,No
Application Fee Received,904,OPEN,Punjab,61,869,909,164,165,161,174,45,43,0,0,No
Challan Printed,747,OPEN,Punjab,0,700,752,106,133,154,0,148,0,0,0,No
Application Fee Received,902,OPEN,Punjab,51,956,907,156,44,41,169,171,179,0,0,No
Application Fee Received,699,OPEN,Punjab,43,823,704,132,133,108,107,46,42,0,0,No
Application Fee Received,760,OPEN,Punjab,60,840,765,106,136,153,138,41,43,1,0,No
Application Fee Received,694,OPEN,Punjab,43,688,699,89,153,91,147,44,35,0,0,No
Application Fee Received,684,OPEN,Punjab,0,769,689,0,0,0,0,0,0,0,0,No
Application Fee Received,855,OPEN,Punjab,57,900,860,140,171,171,151,42,41,0,0,No
Application Fee Received,776,OPEN,Punjab,0,807,781,160,152,84,0,152,0,0,0,No
Application Fee Received,803,OPEN,Punjab,49,961,808,146,156,139,37,145,0,0,0,No
Application Fee Received,813,OPEN,Punjab,55,826,818,163,150,127,46,45,130,0,0,No
Application Received,820,OPEN,Punjab,0,880,825,139,119,168,42,148,0,0,0,No
Application Fee Received,783,OPEN,Punjab,57,814,788,148,40,35,160,97,164,0,0,No
Application Fee Received,867,OPEN,Punjab,43,834,872,114,46,40,172,156,187,0,0,No
Application Fee Received,782,OPEN,Punjab,52,793,787,137,155,127,140,40,40,0,0,No
Challan Printed,913,OPEN,Punjab,46,940,918,165,169,156,48,47,170,0,0,No
Application Fee Received,819,OPEN,Punjab,62,749,824,146,46,135,142,143,168,0,0,No
Application Fee Received,714,OPEN,Punjab,0,793,719,127,137,135,122,0,0,0,0,No
Application Fee Received,827,OPEN,Punjab,0,926,832,157,113,162,44,143,42,0,0,No
Application Fee Received,905,OPEN,Punjab,59,808,890,183,160,164,42,150,46,1,0,No
Application Fee Received,760,OPEN,Punjab,34,801,765,110,142,114,167,47,46,0,0,No
Application Fee Received,780,OPEN,Punjab,60,887,785,149,163,46,102,50,132,0,0,No
Application Fee Received,657,OPEN,Punjab,56,630,662,0,0,0,0,0,0,0,0,No
Application Fee Received,962,OPEN,Punjab,86,928,972,167,182,191,174,0,0,1,0,Yes
Application Fee Received,800,OPEN,Punjab,54,635,805,114,170,173,41,141,41,0,0,No
Challan Printed,702,OPEN,Punjab,53,819,707,130,47,111,102,128,0,0,0,No
Challan Printed,873,OPEN,Punjab,42,975,878,151,175,153,46,46,146,0,0,No
Application Fee Received,900,OPEN,Punjab,49,900,905,151,168,176,164,47,48,0,0,No
Application Fee Received,816,OPEN,Punjab,0,845,821,157,147,172,113,38,45,0,0,No
Challan Printed,579,OPEN,Punjab,0,732,584,75,121,43,83,0,94,0,0,No
Application Fee Received,747,OPEN,Punjab,0,691,762,102,109,152,175,43,39,0,0,No
Application Fee Received,879,OPEN,Punjab,0,799,884,149,38,47,166,170,169,0,0,No
Application Fee Received,865,OPEN,Punjab,51,944,850,102,45,47,178,147,180,0,0,No
Application Fee Received,782,OPEN,Punjab,50,799,787,0,0,0,0,0,0,0,0,No
Application Fee Received,859,OPEN,Punjab,0,951,864,133,171,47,139,39,174,0,0,No
Challan Printed,844,OPEN,Punjab,51,759,854,0,0,0,0,0,0,0,0,No
Application Fee Received,737,Bahawalpur,Punjab,0,820,742,127,165,96,47,122,47,0,0,No
Application Received,906,OPEN,Punjab,55,880,891,152,168,148,39,184,48,0,0,No
Application Fee Received,874,OPEN,Punjab,49,846,879,131,45,42,175,165,181,0,0,No
Challan Printed,826,OPEN,Punjab,60,790,831,154,144,145,144,45,46,0,0,No
Application Fee Received,810,OPEN,Punjab,54,892,815,144,41,155,44,123,158,0,0,No
Application Fee Received,788,OPEN,Punjab,52,738,793,114,48,129,160,161,40,0,0,No
Application Fee Received,704,OPEN,Punjab,34,702,709,131,126,124,33,104,43,0,0,No
Application Fee Received,752,OPEN,Punjab,54,763,757,0,0,0,0,0,0,0,0,No
Application Fee Received,670,OPEN,Punjab,0,782,675,113,108,116,44,119,0,0,0,No
Application Fee Received,595,OPEN,Punjab,42,605,600,90,148,101,113,0,0,0,0,No
Application Fee Received,737,OPEN,Punjab,51,919,727,98,37,149,44,107,151,0,0,No
Application Fee Received,828,OPEN,Punjab,69,781,833,148,46,163,162,145,39,0,0,No
Application Fee Received,747,OPEN,Punjab,49,668,752,0,0,0,0,0,0,0,0,No
Application Fee Received,824,OPEN,Punjab,40,752,829,0,0,0,0,0,0,0,0,No
Challan Printed,925,OPEN,Punjab,42,856,930,158,183,172,166,44,0,0,0,No
Application Fee Received,796,OPEN,Punjab,50,747,801,127,132,162,160,40,33,0,0,No
Application Fee Received,708,OPEN,Punjab,0,929,693,93,113,114,36,137,48,0,0,No
Application Fee Received,684,OPEN,Punjab,60,640,689,143,40,87,47,136,98,0,0,No
Application Fee Received,762.914,OPEN,Punjab,44,514,787,38,53,71,72,0,40,0,0,No
Admission Fee Challan Received,647,OPEN,Punjab,44,624,652,0,0,0,0,0,0,1,0,No
Application Fee Received,700,OPEN,Punjab,0,777,705,132,40,140,44,106,137,0,0,No
Application Fee Received,910,OPEN,Punjab,60,845,915,156,182,173,175,44,40,0,0,No
Application Fee Received,726,Bahawalpur,Punjab,60,814,731,120,162,105,37,107,38,0,0,No
Application Fee Received,638,OPEN,Punjab,50,581,643,124,135,101,40,96,45,0,0,No
Application Received,618,OPEN,Punjab,60,602,623,104,85,86,42,139,37,0,0,No
Application Fee Received,867,OPEN,Punjab,50,816,872,172,171,159,132,47,40,0,0,No
Admission Fee Challan Received,876,OPEN,Punjab,63,928,881,128,195,147,164,48,47,1,0,Yes
Application Fee Received,728,OPEN,Punjab,51,814,733,126,136,104,133,0,0,0,0,No
Application Fee Received,956,OPEN,Punjab,81,950,946,0,0,0,0,0,0,1,0,Yes
Challan Printed,787,OPEN,Punjab,0,885,792,179,137,123,126,0,0,0,0,No
Application Fee Received,787,OPEN,Punjab,0,885,792,179,137,123,126,0,0,0,0,No
Application Fee Received,907,OPEN,Punjab,56,864,912,157,167,172,47,180,45,1,0,No
Application Fee Received,827,OPEN,Punjab,44,917,842,137,173,159,47,46,132,0,0,No
Application Fee Received,886,OPEN,Punjab,50,767,891,176,184,140,38,152,46,0,0,No
Application Fee Received,732,OPEN,Punjab,45,750,737,133,125,145,46,48,110,0,0,No
Challan Printed,761,OPEN,Punjab,49,760,746,0,0,0,0,0,0,0,0,No
Application Received,505,OPEN,Punjab,0,701,525,75,107,66,81,37,34,0,0,No
Application Fee Received,790,OPEN,Punjab,0,916,795,119,120,151,49,156,43,0,0,No
Application Fee Received,979,OPEN,Punjab,81,937,984,177,188,179,188,0,45,1,0,Yes
Application Fee Received,777,OPEN,Punjab,52,607,782,134,148,44,150,35,141,0,0,No
Application Fee Received,661,OPEN,Punjab,0,599,666,118,94,126,27,125,45,0,0,No
Application Fee Received,816,OPEN,Punjab,52,853,821,157,141,174,0,0,0,0,0,No
Application Fee Received,752,OPEN,Punjab,0,745,757,118,145,43,125,47,153,0,0,No
Application Received,574,OPEN,Punjab,41,613,579,113,98,44,89,38,83,0,0,No
Application Fee Received,858,OPEN,Punjab,64,839,863,152,161,156,158,44,47,0,0,No
Application Fee Received,787,OPEN,Punjab,42,714,772,119,155,132,139,44,37,0,0,No
Challan Printed,811,OPEN,Punjab,57,798,816,124,172,158,43,128,41,0,0,No
Application Received,886,OPEN,Punjab,55,847,891,156,143,180,48,165,46,0,0,No
Application Fee Received,836,OPEN,Punjab,46,856,841,134,41,153,164,171,41,0,0,No
Application Fee Received,639,OPEN,Punjab,21,664,644,102,44,34,135,117,64,0,0,No
Application Fee Received,646,OPEN,Punjab,57,748,651,44,127,22,98,140,93,0,0,No
Application Fee Received,824,OPEN,Punjab,0,836,829,160,40,158,44,148,127,0,0,No
Application Fee Received,882,OPEN,Punjab,53,867,887,0,0,0,0,0,0,0,0,No
Application Fee Received,796,Bahawalpur,Punjab,44,710,801,148,179,127,0,0,0,0,0,No
Challan Printed,836,OPEN,Punjab,47,901,841,0,0,0,0,0,0,0,0,No
Application Fee Received,708,OPEN,Punjab,0,700,713,131,101,130,31,146,40,0,0,No
Application Fee Received,717,OPEN,Punjab,0,861,702,109,110,128,37,47,107,0,0,No
Application Fee Received,858,OPEN,Punjab,52,942,863,161,132,164,48,149,48,0,0,No
Application Fee Received,834,OPEN,Punjab,52,672,839,148,165,137,44,160,0,0,0,No
Application Received,874,OPEN,Punjab,56,692,879,0,0,0,0,0,0,0,0,No
Application Fee Received,-30,OPEN,Punjab,0,0,0,0,0,0,0,0,,0,0,No
Application Fee Received,826,OPEN,Punjab,63,887,831,143,184,135,0,0,0,0,0,No
Challan Printed,742,OPEN,Punjab,0,879,757,142,110,121,47,168,47,0,0,No
Application Fee Received,572,OPEN,Punjab,53,925,557,108,0,0,0,0,0,0,0,No
Application Fee Received,765,OPEN,Punjab,0,682,770,79,111,96,129,86,154,0,0,No
Application Fee Received,792,OPEN,Punjab,0,752,797,89,141,108,160,102,128,0,0,No
Challan Printed,836,OPEN,Punjab,0,816,846,139,158,45,149,44,160,0,0,No
Application Received,911,OPEN,Punjab,62,876,916,172,189,150,166,46,42,0,0,No
Application Fee Received,815,Bahawalpur,Punjab,0,861,820,114,41,46,166,147,172,0,0,No
Application Fee Received,821,OPEN,Punjab,60,793,826,147,132,153,48,165,44,0,0,No
Challan Printed,618,OPEN,Punjab,34,693,603,95,40,96,121,104,33,0,0,No
Application Fee Received,672,OPEN,Punjab,0,857,677,130,45,40,130,105,93,0,0,No
Application Fee Received,726,Bahawalpur,Punjab,58,693,731,137,146,126,36,38,142,0,0,No
Application Fee Received,877,OPEN,Punjab,51,870,882,43,147,47,161,148,169,0,0,No
Application Fee Received,767,OPEN,Punjab,44,887,772,124,140,141,36,147,46,0,0,No
Application Fee Received,693,OPEN,Punjab,0,691,698,152,129,88,38,108,38,0,0,No
Challan Printed,892,OPEN,Punjab,55,903,897,0,0,0,0,0,0,0,0,No
Challan Printed,662,OPEN,Punjab,0,834,667,143,43,101,97,95,42,0,0,No
Application Fee Received,815,OPEN,Punjab,53,733,820,162,126,161,42,140,45,0,0,No
Application Fee Received,747,OPEN,Punjab,42,872,732,108,105,113,45,165,48,0,0,No
Application Fee Received,752,OPEN,Punjab,0,743,757,138,159,107,28,139,0,0,0,No
Application Fee Received,852,OPEN,Punjab,57,800,857,150,165,146,164,42,45,0,0,No
Challan Printed,712,OPEN,Punjab,0,829,717,142,111,41,163,39,101,0,0,No
Application Fee Received,861,OPEN,Punjab,69,926,866,170,172,125,161,0,0,0,0,No
Application Fee Received,691,OPEN,Punjab,0,735,696,108,129,131,46,104,45,0,0,No
Application Fee Received,946,OPEN,Punjab,68,954,951,173,48,191,160,168,48,1,0,Yes
Application Fee Received,720,OPEN,Punjab,0,798,725,150,115,106,47,46,127,0,0,No
Application Fee Received,798,OPEN,Punjab,59,672,803,166,137,141,44,144,45,0,0,No
Application Fee Received,517,Bahawalpur,Punjab,46,450,522,126,63,77,116,25,25,0,0,No
Challan Printed,634,OPEN,Punjab,70,792,639,0,0,0,0,0,0,0,0,No
Challan Printed,915,OPEN,Punjab,54,928,920,176,173,183,145,0,0,0,0,No
Challan Printed,784,OPEN,Punjab,0,910,789,149,158,166,41,41,120,0,0,No
Application Fee Received,685,OPEN,Punjab,50,705,690,96,140,42,130,107,44,0,0,No
Application Fee Received,829,OPEN,Punjab,0,742,834,43,170,43,163,145,132,0,0,No
Application Received,697,OPEN,Sind,0,819,702,0,0,0,0,0,0,0,0,No
Application Received,693,OPEN,Sind,13,800,698,52,47,66,38,47,0,0,0,No
Application Fee Received,646,OPEN,Sind,0,819,651,120,119,78,39,140,41,0,0,No
Application Received,790,OPEN,Baluchistan,0,732,795,130,36,111,36,148,130,0,0,No
Application Received,777,OPEN,Baluchistan,0,801,782,132,134,126,43,135,40,0,0,No
Application Fee Received,812,OPEN,Baluchistan,48,813,817,140,37,43,161,152,127,0,0,No
Challan Printed,760,OPEN,Baluchistan,0,734,765,0,0,0,0,0,0,0,0,No
Application Received,707,OPEN,Baluchistan,0,692,712,142,100,107,42,161,39,0,0,No
Application Fee Received,682,OPEN,Baluchistan,0,664,687,133,83,86,39,108,29,0,0,No
Application Received,828,OPEN,Punjab,51,907,833,135,153,166,140,46,49,0,0,No
Application Fee Received,777,OPEN,Baluchistan,0,763,782,0,0,0,0,0,0,0,0,No
Challan Printed,724,OPEN,Baluchistan,0,765,734,105,165,110,138,42,33,0,0,No
Application Fee Received,822,OPEN,Baluchistan,0,859,827,0,0,0,0,0,0,0,0,No
Admission Fee Challan Received,853,OPEN,Baluchistan,34,693,858,124,47,42,0,0,0,1,0,No
Application Fee Received,724,OPEN,Baluchistan,0,688,739,140,144,121,25,97,43,0,0,No
Admission Fee Challan Received,664,OPEN,Gilgit-Baltistan,0,740,669,135,130,150,0,0,0,1,0,No
