id,author,created_at,favorite_count,retweet_count,text,@Symbols,$Symbols,$Amounts,Stock Response,Direction,Crypto,Symbol,Recommendation,Target Price,Notes
1.36E+18,Citron_Research,2/9/2021 18:10,831,162,$NPA tgt $50.  Most compelling Space/5G/ESG story in the market.  All SPACS are speculative so why not go with one with a $1 trillion TAM that has the potential to change the world with real partnerships.  The most important Space story in the market.  Report to follow https://t.co/WHQHSCEGp0,,NPA:50:1,50:01:00,"from 18.71999931
to 20.23999977",Increase,,NPA,BUY,50,
1.36E+18,Citron_Research,2/8/2021 15:47,1628,108,"Despite the rumors, real stock-picking never out of style.  Since Citron recommended $MSTR as the best way to play Bitcoin on 11/24/20, Bitcoin up 138% vs. MSTR up 332%.  We continue to hunt for the next big story!!",,MSTR,,"from 925.83
to 1137.74",Increase,,MSTR,BUY,NA,
1.36E+18,Citron_Research,2/1/2021 15:17,595,77,$CVLB same biz as $HIMS.  $CVLB would be at $140 at $HIMS multiple AND $CVLB growing 160% vs $HIMS 30% No need to editorialize..here is the Telemedicine chart.  Citron long $CVLB.  New presentation compelling https://t.co/1w1K1Xyh4j https://t.co/DywUVWifiQ,,CVLB:HIMS:CVLB:140:HIMS:CVLB:HIMS:CVLB,140,"CVLB 
23.1711998 to 26.37000084",Increase,,CVLB,BUY,140,
1.36E+18,Citron_Research,1/29/2021 13:56,14141,3627,Citron Research discontinues short selling research  After 20 years of publishing Citron will no longer publish “short reports”.  We will focus on giving long side multibagger opportunities for individual investors https://t.co/gP9HXzo7Nf,,,,,,,Not Available,NONE,NONE,
1.36E+18,Citron_Research,1/29/2021 3:32,3055,529,Tom morning at 9am EST Citron will be presenting a major announcement that all individual investors should watch.  Free Speech and Cautious Investing to all,,,,,,,Not Available,NONE,NONE,
1.35E+18,Citron_Research,1/27/2021 19:11,14389,2421,The WH should have more pressing issues than to investigate stock forums on Reddit.  We are a nation based on free speech and capitalism.  Citron has fought globally for 20 years for that right and no one trading phenomenon should eliminate it.  *Our first political tweet ever,,,,,,,Not Available,NONE,NONE,
1.35E+18,Citron_Research,1/27/2021 11:47,2749,378,An Update from Citron Research https://t.co/ZGwLkQ4IY1 via @YouTube,YouTube,,,,,,Not Available,NONE,NONE,
1.35E+18,Citron_Research,1/21/2021 16:51,2151,332,"Too many people hacking Citron twitter, will record and post later today.  $GME going to $20 buy at your own risk",,GME:20,20,GME  From 39.23  to 42.59,Increase,,GME,SELL,20,
1.35E+18,Citron_Research,1/19/2021 14:58,2008,378,Tomorrow am at 11:30 EST Citron will livestream the 5 reasons GameStop $GME buyers at these levels are the suckers at this poker game.  Stock back to $20 fast. We understand short interest better than you and will explain.  Thank you to viewers for pos feedback on last live tweet,,GME:20,20,from 41.55 to 379.71 in 10 days and then back to 40 in month,Increase,,GME,SELL,20,
1.35E+18,Citron_Research,1/15/2021 14:20,234,27,Changed time to 11:30 EST for Twitter livestream why the FTC and SEC should look into $LMND.  Moved time as request from readers so as not too close to open.,,LMND,Not Available,Not Available,Not Available,,LMND,SELL,NONE,
1.35E+18,Citron_Research,1/14/2021 17:20,626,107,"Citron acknowledges tough year for shorts, but this $LMND is something special.  Join for our first live twitter tom at 10:30 am EST as we explain to all the new shareholders what they own.  Been a long time since we ripped management a ""new one"". This goes right back to $100",,LMND:100,100,from 171.5 to 153.59,Decrease,,LMND,SELL,100,
1.35E+18,Citron_Research,1/13/2021 16:59,886,235,$JMIA on its way to $100. Largest opportunity in E-Commerce  Validated by Blowout Black Friday.   New filing from Thursday shows Baillie Gifford just doubled their position and now owns &gt;20% of shares outstanding. If this was SPAC would be $100 TODAY. https://t.co/kRZu5fGfwS,,JMIA:100:100,101:40:00,,,,JMIA,BUY,100,
1.35E+18,Citron_Research,1/11/2021 18:05,439,99,$STPK is THE most compelling alt energy stock Citron has seen since we reversed our $TSLA opinion 2 years ago.  Green Energy Storage WILL be the big new story no doubt.  Real customers and revs.  Huge TAM $100 tgt. Read Story https://t.co/Fn9MwJO3Xn,,STPK:TSLA:100,100,STPK from 27  to 35.18,Increase,,STPK,BUY,100,
1.34E+18,Citron_Research,12/23/2020 18:41,1056,313,"Citron long $XL tgt $60.  TAM of $XL over $1 trillion.  Electrification as a Service (EaaS) will be massive..... more than twice $QS and $LAZR combined . Blue chip customer base with FedEx, Coke, Pepsi, DHL and many more.  SPACS always cautious- this story has great Risk/Reward https://t.co/e2AMAZziUu",,XL:60:XL:1:QS:LAZR,60:01:00,XL from 19.74 to 34.94 ,Increase,,XL,BUY,60,
1.34E+18,Citron_Research,12/18/2020 19:04,305,50,"Getting emails about shorting $VUZI.    NO WAY we would short this flyer.  Small market cap with story that is tied to 5G, $AMZN and $PLUG and Covid.   There has to be easier pickings...still doing research.  Risk/Reward easier on other high flyers.",,VUZI:AMZN:PLUG,,VUZI from 6.84 to 8.06,Increase,,VUZI,BUY,NONE,
1.34E+18,Citron_Research,12/17/2020 18:59,686,135,$DASH has become the most mispriced stock in mkt. $40 tgt. This is not a disruptive tech co that is tough to value rather this is a pure commodity that trades 3.5x higher than $UBER $GRUB.  Regulation and race to bottom already happening. https://t.co/Fn9MwJO3Xn $50 bil for what?,,DASH:40:UBER:GRUB:50,40:50:00,DASH from 159.74   to 154.21,Decrease,,DASH,SELL,40,
1.34E+18,Citron_Research,12/15/2020 18:39,397,46,Citron warned about $LAZR at $40 just last week.  With Mobileye now in the LIDAR game $LAZR even at $27 gives it a $9 bil valuation on $15 mil in revs this year.....a long way down still in this SPAC mania,,LAZR:40:LAZR:27:9:15,40:27:9:15,LAZR from 28.67 to 25.17,Decrease,,LAZR,SELL,NONE,
1.34E+18,Citron_Research,12/8/2020 15:42,630,129,"$LAZR at $14 bil ($40) is not even a casino stock...you can actually win at a casino..it is more of a ""suckers game"" Would much rather own industry leader $VLDR at less than $4 bil mkt cap. Citron expects $LAZR back at $20 and $VLDR at $30.   Real outstanding shares for LAZR https://t.co/6kHdv0QfBk",,LAZR:14:40:VLDR:4:LAZR:20:VLDR:30,14:40:4:20:30,LAZR from 46.59 to 40.12 ,Decrease,,LAZR,SELL,$20 ,
1.34E+18,Citron_Research,12/8/2020 15:42,630,129,"$LAZR at $14 bil ($40) is not even a casino stock...you can actually win at a casino..it is more of a ""suckers game"" Would much rather own industry leader $VLDR at less than $4 bil mkt cap. Citron expects $LAZR back at $20 and $VLDR at $30.   Real outstanding shares for LAZR https://t.co/6kHdv0QfBk",,LAZR:14:40:VLDR:4:LAZR:20:VLDR:30,14:40:4:20:30,VLDR from 20.43  to 22.34,Increase,,VLDR,BUY,$30 ,
1.33E+18,Citron_Research,12/2/2020 1:48,343,22,Last week Citron commented on Blink $BLNK and we used a chart that we want to give full credit to the origination being Hedgeye.  We highly recommend their research for those who would like to subscribe.  We respect good research.  @Hedgeye,Hedgeye,BLNK,,BLNK from 20.13  to 23.375,Increase,,BLNK,NONE,NONE,
1.33E+18,Citron_Research,11/27/2020 15:08,1107,130,"What a run the past month for all.  But as traders looking for short exposure, $PLTR is no longer a stock but a full casino.  Does not take a ball of crystal to know this will fall back to Arda.  Shorting with a $20 2020 target",,PLTR:20,20,PLTR from 31.19 to 28.24,Decrease,,PLTR,SELL,20,
1.33E+18,Citron_Research,11/24/2020 16:53,260,60,Citron is not recommending Bitcoin but as a response to many emails... we must admit Citron Fund is a  $Hodler.  We own BTC through $MSTR.  Read Citron report ONLY if you want Bitcoin exposure.  https://t.co/Fn9MwJO3Xn,,MSTR,,,,,MSTR,NONE,NONE,
1.33E+18,Citron_Research,11/23/2020 16:43,349,55,"$BLNK has made no progress expanding downloads or network in years. A total commodity product with no brand.   It is an insult to other EV makers to even mention $BLNK as an EV stock, lowest form of shareholder base.  This is a $1 bil joke. https://t.co/x4H6CVjSeF",,BLNK:BLNK:1,1,BLNK from 26.41  to 31.03,Increase,,BLNK,SELL,NONE,
1.33E+18,Citron_Research,11/23/2020 16:30,395,76,"For all $BLNK investors who are naïve, for same mkt cap of $BLNK you can buy ChargePoint $SBE with 73% market share, considering mkt penetration $BLNK should be at $1 per share.  Consider $SBE spent $70mil on RD and $BLNK $0 https://t.co/nfXGj42Iq1",,BLNK:BLNK:SBE:BLNK:1:SBE:70mil:BLNK:0,2:10:00,BLNK from 26.41  to 31.03  SBE from 29.83 to 39.62,Increase,,BLNK,SELL,1,
1.33E+18,Citron_Research,11/23/2020 16:29,525,79,"New most ridiculous EV stock is $BLNK.  No $$ for R&amp;D, management accused of securities fraud, no real revenues. Expect a massively diluted deal soon so management can continue to deceive public.  This should trade right back to $10 where it is still overpriced.  Total scheme",,BLNK:10,10,,,,BLNK,SELL,10,
1.33E+18,Citron_Research,11/20/2020 17:03,356,57,$SOLO is the EV trade for the real sucker..not one real institutional investor here....they had a going concern just a few weeks ago. OMG..over $1 bil mkt cap,,SOLO:1,1,,,,SOLO,SELL,NONE,
1.33E+18,Citron_Research,11/20/2020 17:01,566,109,"$SOLO is a COMPLETE JOKE. tgt $2  Where other EV might be overvalued, this is laughable.  Under $6 mil R&amp;D last 12 months and 6 cars delivered in 2 years this stock will be the first to trade back to $2 when frenzy over.  Nothing here..company run out of an apartment building.",,SOLO:2:6:2,2:06:02,,,,SOLO,SELL,2,
1.33E+18,Citron_Research,11/13/2020 14:45,378,95,$NIO to $25 story  https://t.co/FQYzY9brst,,NIO:25,25,,,,NIO,SELL,25,
1.33E+18,Citron_Research,11/13/2020 14:43,672,97,Citron told investors to buy $NIO at $7 - 2 years ago this month.  Congrats to all but at these levels... nothing but traders.  The aggressive Tesla Model Y pricing should put $NIO back at consensus $25 price tgt when the sugar high wears off.  Even Nomi would tell you that.,,NIO:7:NIO:25,7:25,,,,NIO,SELL,25,
1.33E+18,Citron_Research,11/10/2020 14:28,225,25,"$JMIA , while we are disappointed with decline in GMV, it was expected and we are encouraged at management's move to profitability. This is an Investment.  Nigerians WILL embrace ecom, like the rest of the world and $JMIA will become the profitable leader..just not today.",,JMIA:JMIA,,,,,JMIA,BUY,NONE,
1.32E+18,Citron_Research,11/6/2020 18:44,189,31,"$JMIA Today kicks of Black Friday, let there be no confusion that there is no e-com competition in the fastest growing country on the planet according to Google downloads. Good luck to $JMIA and Nigeria this month.  Citron back next week with some long overdue short opportunities https://t.co/jxedOQToHv",,JMIA:JMIA,,,,,JMIA,BUY,NONE,
1.32E+18,Citron_Research,10/29/2020 15:07,210,42,"$PTON, hell of a run, great product at the right time but don't count out $AAPL.  THIS WEEK Apple patents are compelling..Machine learn and AI for customized workout with a ""burn bar"" on your watch. https://t.co/EJA5vTbrj2.  Diagram from $appl chart from Citron. Pic from MLB https://t.co/YBBHlyBPNi",,PTON:AAPL:appl,,,,,PTON,NONE,NONE,
1.32E+18,Citron_Research,10/23/2020 16:08,293,54,$JMIA No comment on today's rumor but a Softbank or $BABA investment/partnership is inevitable.  The market size of Africa is too large to ignore to China.  Will explain this weekend so all can read when market is closed.  Citron will put out presentation after market close,,JMIA:BABA,,,,,JMIA,NONE,NONE,
1.32E+18,Citron_Research,10/19/2020 16:34,101,14,"Loving CNBC Africa...never really watched until recently
https://t.co/eLlJoCUdmE",,,,,,,(Not Available),NONE,NONE,
1.32E+18,Citron_Research,10/13/2020 17:15,81,24,"More to come.   Anyone see the Allegro IPO?
 https://t.co/YJ4VqgUvdT",,,,,,,ALGM,NONE,NONE,
1.32E+18,Citron_Research,10/12/2020 14:56,175,22,$MNK goes BK.  In 19 years of publishing Citron has written more about $MNK than any other company even as the stock went to $120.  This could not have happened to a more disingenuous and dangerous management team who made a biz model of exploiting the healthcare system.,,MNK:MNK:120,120,,,,MNK,SELL,NONE,
1.31E+18,Citron_Research,10/9/2020 14:10,194,50,"Citron being asked if we would short  $JMIA recent run-up  NO WAY.  We learned lesson shorting e commerce . Bad risk/reward . Pandemic has changed  e-com globally $SE $MELI.  Appears worst is behind $JMIA.  Full report to come next week.  

https://t.co/MleylDnxLv",,JMIA:SE:MELI:JMIA,,,,,JMIA,BUY,NONE,
1.31E+18,Citron_Research,10/5/2020 14:04,191,52,$CMPS a concept stock that is about to disrupt mental health treatment.  FDA breakthrough status is just the start.   This is the story to read as we believe the stock is on its way to $100 with TAM that we never see for one drug.  https://t.co/Fn9MwJO3Xn,,CMPS:100,100,,,,CMPS,BUY,100,
1.31E+18,Citron_Research,10/5/2020 13:57,154,20,"One recent IPO has potential to be the most significant advancement in mental health care in decades.  This is the must-read Citron report for anyone who knows someone suffering from depression, addiction, anxiety, or cancer",,,,,,,(Not Available),NONE,NONE,
1.31E+18,Citron_Research,10/5/2020 13:41,129,24,"Today is the start of Mental Illness Awareness Week.  Increased rates of depression have become a disturbing part of the pandemic.  Alternative therapies to help those struggling are desperately needed.  Be informed and compassionate 
https://t.co/lmnQvlq0mO",,,,,,,(Not Available),NONE,NONE,
1.31E+18,Citron_Research,9/29/2020 17:59,112,40,FDA partial clinical hold on $INO COVID vaccine has caused Inovio to become Pinocchio.  Major discrepancy b/w last two press releases reveal that $INO chemistry manufacturing and controls are unacceptable to the FDA.  Price tgt lowered to $2 cash value.  https://t.co/dVIjVPakNf,,INO:INO:2,2,,,,INO,SELL,2,
1.31E+18,Citron_Research,9/23/2020 14:16,234,39,"$INO back to $5.  Consider this as JNJ enters Phase 3:
MRNA – 30,000 patients
BNTX/PFE – 40,000 patients
JNJ – 60,000 patients
AZN – 30,000 patients

Inovio- 40 patients...not 40k....40.  AND 15 guinea pigs https://t.co/59G2EWRsAU",,INO:5,5,,,,INO,SELL,5,
1.31E+18,Citron_Research,9/21/2020 12:02,713,93,$NKLA Thank goodness we didn't offer to pay half of Trevor's legal bills...those are going to be expensive.  Amazing how Wall Street's greed can completely blind all form of rationality.  As soon as you talk about suing the shorts...you have played your hand.  #nomusk,,NKLA,,,,,NKLA,NONE,NONE,
1.31E+18,Citron_Research,9/18/2020 18:30,121,42,Citron reiterates $FLDM long. CDC has just opened the floodgates for testing. $FLDM has only FDA approved saliva-based test as effective as nasal swabs. $FLDM announced 2 days ago new lab customer running 3K tests per day. Expect more customers to be announced shortly. $20 tgt,,FLDM:FLDM:FLDM:20,20,,,,FLDM,BUY,20,
1.31E+18,Citron_Research,9/17/2020 14:47,459,114,$GSX cheat sheet for @SEC_Enforcement and @TheJusticeDept.  Short-term stock manipulation does not intimidate the US government.  The evidence being presented is overwhelming.  @Deloitte https://t.co/PEYzQlib2K,SEC_Enforcement:TheJusticeDept:Deloitte,GSX,,,,,GSX,SELL,NONE,
1.31E+18,Citron_Research,9/15/2020 13:34,193,50,"$NNOX is the most blatant stock promotion we have seen in years. FDA was not fooled.  The co has valued themselves at less than $1 a share.  SEC should investigate false claims.  No R&amp;D, no FDA , and no product yet trades at over $2 bil mkt cap - Tgt $0  https://t.co/Fn9MwK5FlX",,NNOX:1:2:0,1:02:00,,,,NNOX,SELL,0,
1.31E+18,Citron_Research,9/15/2020 13:31,390,45,Citron has identified THE MOST blatant multi billion stock promotion we have seen in YEARS  Wait until you read this one.  How to turn $7 mil into $2 bil in 2 years by creating nothing.,,7:02,7:02,,,,(Not Available),NONE,NONE,
1.30E+18,Citron_Research,9/11/2020 14:18,1875,404,Congrats to Hindenburg for exposing what appears to be a total fraud with $NKLA.  Citron will cover half of all legal expenses. You can’t SLAPP the truth away.  Explains why Milton sold at $10 this June  $NKLA response warrants an SEC investigation to maintain integrity of EV mkt,,NKLA:10:NKLA,10,,,,NKLA,NONE,NONE,
1.30E+18,Citron_Research,9/9/2020 12:48,117,22,"$NLS has become the fastest growing name in home fitness.  The data doesn’t lie.  Did you really think it was a one company take all?  Nothing stands between this stock and $30.  Even if you don’t read the report, watch the VeloCore video",,NLS:30,30,,,,NLS,BUY,30,
1.30E+18,Citron_Research,9/9/2020 12:06,235,25,In one hour Citron will release our most compelling consumer long since $RH.   That data is too strong to ignore.  Don’t trade- read,,RH,,,,,(Not Available),NONE,NONE,
1.30E+18,Citron_Research,9/9/2020 11:52,122,7,Where can an investor buy hyperbolic growth in a profitable company that is riding the wave of a mega trend yet trading at a major discount? ——for now,,,,,,,(Not Available),NONE,NONE,
1.30E+18,Citron_Research,9/9/2020 11:43,48,7,What company is seeing growth second only to Zoom $ZM out of a multi panel proprietary credit card database of &gt;500 consumer names???,,ZM,,,,,(Not Available),NONE,NONE,
1.30E+18,Citron_Research,8/27/2020 14:25,82,23,"Mkt will recognize that $ABT news is good for $FLDM.  More + antigen cases drives testing to the more accurate $FLDM PCR test to confirm.  Screening vs Confirmatory   $ABT is a good short term solution, the $FLDM only saliva bases assay that can scale..",,ABT:FLDM:FLDM:ABT:FLDM,,,,,FLDM,BUY,NONE,
1.30E+18,Citron_Research,8/26/2020 13:24,135,47,"$FLDM to $35 and higher.  FDA Emergency Use Authorization first step.  Company will change COVID-19 testing forever as their saliva-based test Demonstrated 100 Percent Agreement with Nasopharyngeal Assays.  Real product and management.
https://t.co/Fn9MwJO3Xn",,FLDM:35,35,,,,FLDM,BUY,35,
1.30E+18,Citron_Research,8/21/2020 15:56,182,54,$PLUG back to $7 as it is the Anti- Tesla.   Why even look to short $TSLA when $PLUG is twice as expensive with a never profitable business. https://t.co/za6DK8UDgB,,PLUG:7:TSLA:PLUG,7,,,,PLUG,SELL,7,
1.29E+18,Citron_Research,8/7/2020 15:11,104,19,Andrew Left of Citron Research to appear on Fox Business with Varney in 10 minutes to address  $GSX and the role of the regulators.,,GSX,,,,,GSX,NONE,NONE,
1.29E+18,Citron_Research,8/7/2020 14:52,107,32,"Without lengthy reports, Citron and others are providing both Chinese/ US authorities with enough info that can put an end to this charade.  A shame that respectable companies like $TAL and $EDU are being losing market cap to $GSX.   https://t.co/ZfObPiOj5H",,TAL:EDU:GSX,,,,,US,SELL,NONE,
1.29E+18,Citron_Research,8/7/2020 14:47,123,27,"My children love TikTok, We own $BABA, but $GSX continues to be a stock fraud.  Using this opp. to add to a position. Confidence in the auditors/regulators.  Look at the chart on Wirecard you will know that shorting isn't easy but neither is maintaining fraudulent financials.",,BABA:GSX,,,,,BABA,NONE,NONE,
1.29E+18,Citron_Research,8/3/2020 14:22,44,10,"$RST Lexia product quickly becoming national standard for online literacy. This JUST appeared last week on LAUSD website, 2nd largest district in nation..many others as well. Best name in ed-tech Private Equity will acquire $RST in 2020 for 45+
https://t.co/TolWMSTTI7.",,RST:RST,,,,,RST,BUY,45,
1.29E+18,Citron_Research,7/28/2020 16:04,24,8,https://t.co/Fn9MwJO3Xn for full story on the RST,,,,,,,(Not Available),NONE,NONE,
1.29E+18,Citron_Research,7/28/2020 15:56,86,22,"$RST the most compelling of all EdTech company and it is up for sale.  We should see anywhere between $50-60.  Hybrid learning, literacy, subscription, best in class and helping those who need it most.  Either PE or Google acquires",,RST:50,50,,,,RST,BUY,50-60,
1.29E+18,Citron_Research,7/28/2020 15:56,15,3,https://t.co/0KZeVUMwrT,,,,,,,RST,NONE,NONE,
1.29E+18,Citron_Research,7/28/2020 15:50,159,14,"Twitter doesn't mean a thing, if you can't read",,,,,,,(Not Available),NONE,NONE,
1.29E+18,Citron_Research,7/20/2020 15:30,119,38,"ECOM ON FIRE.  Citron believes $STMP gets acquired by $SHOP.  Valuation gap has never been larger.  On NTM EV/Sales, $SHOP at 44x vs. $STMP at 6x and $STMP is the proven leader in online postage... the essential tool for small biz not owned by $SHOP.  All stock deal could be $400",,STMP:SHOP:SHOP:STMP:STMP:SHOP:400,400,,,,STMP,NONE,NONE,
1.29E+18,Citron_Research,7/20/2020 15:30,119,38,"ECOM ON FIRE.  Citron believes $STMP gets acquired by $SHOP.  Valuation gap has never been larger.  On NTM EV/Sales, $SHOP at 44x vs. $STMP at 6x and $STMP is the proven leader in online postage... the essential tool for small biz not owned by $SHOP.  All stock deal could be $400",,STMP:SHOP:SHOP:STMP:STMP:SHOP:400,400,,,,SHOP,NONE,NONE,
1.28E+18,Citron_Research,7/15/2020 14:42,132,37,"$LRN announced today increase educators by &gt;20% for upcoming school year. meaning revenue growth should more than double consensus.  K-12 is fastest growing segment of online education.  At 3.5x sales (same valuation as TWOU), stock should trade at $100.  Simple",,LRN:100,100,,,,LRN,BUY,100,
1.28E+18,Citron_Research,7/14/2020 14:01,152,41,$LRN is the $TDOC of education.  Price tgt $100.  Biggest opportunity with lowest multiple in ALL online education.  All schools without online component will become a store without a website.  https://t.co/Fn9MwK5FlX,,LRN:TDOC:100,100,,,,LRN,BUY,100,
1.28E+18,Citron_Research,6/29/2020 15:57,74,17,"$SONO remains hot on way to $30 or takeout- demand booming.Backorder dates on https://t.co/7vNhxEhM1D continue to get pushed out for the Move, Five, Sub and Arc.  Both Morgan Stanley and M Science corroborated the strength we are seeing in two separate notes on Friday. #blowoutQ https://t.co/jD0CUVlngL",,SONO:30,30,,,,SONO,BUY,30,
1.28E+18,Citron_Research,6/25/2020 14:57,252,62,$INO has become a chew toy for RobinHood traders. Expect $INO back to $14 in short order This is the chart of $INO vs the 5 companies chosen by $CDC to lead vaccine.  Even most spec $MRNA trades @ 27x vs. INO @ 158x.  Trading can be profitable but vaccines are not. https://t.co/RFUGltXCpd,,INO:INO:14:INO:CDC:MRNA,14,,,,INO,SELL,14,
1.28E+18,Citron_Research,6/25/2020 13:51,49,17,$SONO app now #4 music download on App Annie.  Compare to $PTON which is #58 in health and fitness.  Cost savings and DTC flying with Move and Arc backordered.  More reason $AAPL must buy.  $30 by end of 2020.  People are staying at home and listening.  https://t.co/5vr5pzXvyO,,SONO:PTON:AAPL:30,30,,,,SONO,BUY,30,
1.28E+18,Citron_Research,6/22/2020 13:59,95,24,$SONO is dominating home audio in the new stay at home economy..products sold out everywhere.  2020 Tgt- $30.  Citron predicts this is the time  for long waited $APPL acquisition.  https://t.co/Fn9MwJO3Xn,,SONO:30:APPL,30,,,,SONO,BUY,30,
1.28E+18,Citron_Research,6/22/2020 13:36,251,31,You are sitting on your couch from $W or $RH listening to $SPOT or watching $NFLX  even streaming a $PTON or a $ZM workout class?  what is missing from this scenario?,,W:RH:SPOT:NFLX:PTON:ZM,,,,,(Not Available),NONE,NONE,
1.27E+18,Citron_Research,6/17/2020 13:51,73,19,Is there such thing as anti- ESG investing?  Shareholders of $CACC should be aware https://t.co/vnAiSbkgHc,,CACC,,,,,CACC,NONE,NONE,
1.27E+18,Citron_Research,6/9/2020 17:46,770,148,$NKLA back to $40 in a month. The anti-Tesla If you buy here you deserve to lose your $$ considering Milton sold just a week ago at $10. When $TSLA had this mkt cap the Model S was scaled and X was produced.  There is no real IP at $NKLA and PR's have been overly promo,,NKLA:40:10:TSLA:NKLA,40:10:00,"TSLA
from 188.0019989 to 
198.3760071

NKLA
from 42 to 93.13",Increase,,NKLA,SELL,40,
1.27E+18,Citron_Research,6/5/2020 16:08,849,133,$AAL.  To clarify previous tweet the 25k new users on Robin Hood who bough stock at $19 must know more about airlines than Buffet who sold the stock at $11.  Send your resumes to Omaha.  Expect stock to trade back to $10,,AAL:19:11:10,19:11:10,"AAL
from 18.36 to 16.76",Decrease,,AAL,SELL,10,
1.27E+18,Citron_Research,6/5/2020 15:54,1123,213,$AAL Back to $10 Robinhood traders have 0 idea what they buying.  Balance sheet is upside down.  Unencumbered assets worth far less than current price.  The reason why Buffett fully exited lower.  They don't teach finance in the Sherwood Forest.,,AAL:10,0:00:00,"AAL
from 15.27 to 12.57 In week 
but it went up 
on next day 18.36",Decrease,,AAL,SELL,10,
1.27E+18,Citron_Research,6/4/2020 17:36,126,25,"Secretary of State warns about investing in China.  Citron has no reason not to trust the financials of any Chinese company besides 1 that we can and will prove is inflating revenues by 90% through related party transactions. 
https://t.co/mOd2pdYgNX",,,,,,,(Not Available),NONE,NONE,
1.27E+18,Citron_Research,6/4/2020 13:33,139,17,OMG ....just got corrected...$2 BIL mkt cap for $GNUS. What a complete joke.  Cheap stock about to flood the market.  This is child's play,,2:GNUS,2,,,,GNUS,SELL,NONE,
1.27E+18,Citron_Research,6/4/2020 13:30,165,32,$GNUS to $1...fast  The lowest form of retail investor. Consider:  LTM $GNUS rev $5 mil mkt cap $800 mil compare to leader WildBrain (teletubbies) LTM revenue of $332 million mkt cap $175 mil Not to mention massive dilution at $GNUS.  Stock Promotion,,GNUS:1:GNUS:5:800:332:175:GNUS,1:5:800:332:175,,,,GNUS,SELL,1,
1.27E+18,Citron_Research,6/3/2020 14:31,47,12,$CACC let's see if our politicians are all talk or if the awareness of the past week will finally force the change that is needed for economic and legal equality. https://t.co/OfiDaq2vxh,,CACC,,,,,CACC,NONE,NONE,
1.27E+18,Citron_Research,6/2/2020 14:57,112,42,"$GSX  Great Job Grizzly Research... multiple smoking guns.  If this company was domiciled in the US, it would not be trading today.  We have faith in the system.  Most obvious China fraud in years.  Citron has so much more... in time. https://t.co/BzpXRjVSIN",,GSX,,,,,GSX,NONE,NONE,
1.27E+18,Citron_Research,6/1/2020 17:52,109,35,"$CACC Wall St support of predatory lending has long been shameful and is a major reason of the economic divide.  We could write volumes, but now is not the right time. https://t.co/k6T10Jjn4i",,CACC,,,,,CACC,NONE,NONE,
1.27E+18,Citron_Research,5/28/2020 17:52,84,18,"$GSX.  For the record.  Citron does NOT think all China stocks are fraudulent.  Most represent honest growth opportunities in an emerging market.  That is why $GSX will stand out like a sore thumb at the SEC roundtable on risks of emerging markets.
https://t.co/TROl5fvJJs",,GSX:GSX,,,,,GSX,NONE,NONE,
1.27E+18,Citron_Research,5/28/2020 17:42,217,63,"The WSJ just did an amazing piece on the fraud at $LK.  Wow.  It is EXACTLY what we are seeing at $GSX.  Citron has been forwarding all new materials to SEC.  No reason to allow $GSX to cover up.  July 9, 2020 is the day they cannot avoid.  https://t.co/p0ZVeJbDtx",,LK:GSX:GSX,,,,,WSJ,SELL,NONE,
1.27E+18,Citron_Research,5/26/2020 14:55,79,22,"$RH to $400.  As themes dominate the market.  Look for $RH to be the leader in the ""de-urbanization of America"".  Home has become the new sanctuary and spending habits change regardless of vaccine and RH is a clear winner.  CC data already gapping higher.  https://t.co/Fn9MwJO3Xn",,RH:400:RH,400,,,,RH,BUY,400,
1.26E+18,Citron_Research,5/20/2020 14:25,269,66,"$INO Company should be halted as they have no shame in this time of crisis.  Read Citron to see how $INO issued ""robust preclinical"" data in EVERY situation that has resulted in 0 products to market.  Company has become a full stock promotion.  Tgt price $2",,INO:INO:2,2,,,,INO,SELL,2,
1.26E+18,Citron_Research,5/18/2020 11:37,159,39,Andrew Left of Citron Research will appear on Fox Business this am at 11:30 est to further explain the fraud  of Chinese stock $GSX. American investors are being cheated.  The evidence of fraud is indisputable   @Varneyco @SEC_Enforcement @realDonaldTrump  @Deloitte,Varneyco:SEC_Enforcement:realDonaldTrump:Deloitte,GSX,,,,,GSX,SELL,NONE,
1.26E+18,Citron_Research,5/14/2020 12:47,76,14,"On $GSX selective cc this morning.  Someone must ask ""Has your firm already been contacted by the SEC, CSRC or SAMR?""  Why do a secondary 6 mos. ago at $14 and pound table today when stock 38?  This has a feeling of a fraud/share pledge deal.",,GSX:14,14,,,,GSX,SELL,NONE,
1.26E+18,Citron_Research,5/13/2020 11:46,194,31,$GSX only large cap stock in 20 yrs that has allegedly grown rev over 350% a year and profitable during growth  No other co has accomp this feat. since early Google.  Are numbers to be trusted or fraud ? Btw with no media attention in China,,GSX,,,,,GSX,NONE,NONE,
1.26E+18,Citron_Research,5/12/2020 15:40,79,16,$PTON stock is higher but trends are lower.  This is not from Citron.  This is App Annie- gold standard of reporting.  Drop-off shows saturation and competition.   Market vs. reality.  Including free downloads PTON has dropped to 37 in just health and fitness vs 8 last month. https://t.co/BsYDHzFd06,,PTON,,,,,PTON,SELL,NONE,
1.26E+18,Citron_Research,5/12/2020 14:41,385,62,$PTON in perspective.  2020 mkt cap up $5 bil vs. connected sub up 300k or $17k per sub.  2020  $TDOC mkt cap up $8bil vs. paid members up 6.2 million or $1300 per sub.   This is retail mania you can love the product but stock has peddled its way to stupidity.,,PTON:5:17k:TDOC:8bil:1300,5:17:8:1300,,,,PTON,SELL,NONE,
1.26E+18,Citron_Research,5/12/2020 13:09,113,29,"Letter from White House acknowledling : China Stock Fraud - a first.  $GSX investigation can't be far behind. Low hanging fruit.  Even the Chinese media does not defend the ""stated financials"".  Citron will continue to release indisputable evidence.  https://t.co/zRJCPhFN3k",,GSX,,,,,GSX,SELL,NONE,
1.26E+18,Citron_Research,5/8/2020 14:10,119,21,"Chinese media calling $GSX a fraud. Tencent News comparing listed education names EDU, TAL, GSX.  Story skeptical of $GSX financials noting ""investors should not be blindly optimistic and played for suckers"" https://t.co/hRu1Fn6mHd  投资者切莫盲目乐观，被割了韭菜还不自知 Next $LK",,GSX:GSX:LK,,,,,GSX,SELL,NONE,
1.26E+18,Citron_Research,5/7/2020 15:00,69,10,"With the volumes of information presented to the SEC from multiple sources beyond Citron, we don't expect the charade of $GSX to avoid scrutiny from US regulators for much longer.",,GSX,,,,,GSX,SELL,NONE,
1.26E+18,Citron_Research,5/7/2020 14:57,53,11,"$GSX part 3 is up.  Multiple smoking guns about offloading of costs/liabilities.  The information we are getting from people in China coming in at fast pace.  Remember, no short seller can do better work than a Chinese Mom.  Part 4 to have more details about GSX massive brushing.",,GSX,,,,,GSX,SELL,NONE,
1.26E+18,Citron_Research,5/7/2020 13:57,194,33,"This is a first, Never had IR of a company threaten to ""slap my face"".  How about we do it at the SEC office?  IR represents company.....aggressive and reckles https://t.co/CQUaSlCTpr",,,,,,,(Not Available),NONE,NONE,
1.26E+18,Citron_Research,5/7/2020 13:27,57,14,"$GSX fraud not even the Chinese mainstream media can defend.  They refer to them as ""scandal tainted"". Part 3 later today.  For a company. that is supposed to be so profitable, no one in China gives them any credibility
https://t.co/hc88GRQ7qQ",,GSX,,,,,GSX,SELL,NONE,
1.26E+18,Citron_Research,5/6/2020 14:20,131,31,"$GSX fraud.  When you have locals in China writing fraud reports, you know it has to be bad https://t.co/TGUGWIjbqg.  You can fool US investors but not a Chinese Mother.  BTW  We will not come to China to meet you, instead we will see you in a US courtroom or meet at SEC office",,GSX,,,,,GSX,SELL,NONE,
1.26E+18,Citron_Research,5/4/2020 17:22,145,28,$GSX  Citron cannot wait for earnings Wednesday as we get to tell the truth Thurs with more multiple smoking guns.  This will be exciting!  Handing to regulators on a silver platter.  SEC investigation to follow.  Honest people in China ratting on the dishonest - Great new twist,,GSX,,,,,GSX,SELL,NONE,
1.26E+18,Citron_Research,5/1/2020 17:41,135,31,The feedback from China on $GSX has been amazing.  There are many honest Chinese people who want to see this gone.  Everyone knows it is a fraud- besides the SEC...not for long.  Citron is getting more info by the hour that proves this is the next $LK.,,GSX:LK,,,,,GSX,SELL,NONE,
1.26E+18,Citron_Research,4/30/2020 15:45,114,42,Citron looks forward to providing the SEC with proof of fraud at $GSX.  Post Luckin cooperation with CSRC and SEC should end this fast. We deliver a presentation to all regulators that we stand by and are prepare to defend in court.  We expect a halt. https://t.co/Fn9MwJO3Xn,,GSX,,,,,SEC,SELL,NONE,
1.26E+18,Citron_Research,4/28/2020 16:15,57,14,$CACC cannot file a Q but they CAN file hundreds of garnishments and lawsuits in the past 4 weeks in whatever courts are still open in this country. Desperate and despicable.  No a stock recco as much as commentary https://t.co/SniQW8GmCE,,CACC,,,,,CACC,NONE,NONE,
1.25E+18,Citron_Research,4/27/2020 13:54,221,74,$INO is the Covid-19 version of Theranos.  Either the SEC halts the stock or it trades back to $1 on a history of false claims.  Do traders even know what they own?  https://t.co/SQFUGX85V7 for full story,,INO:1,1,,,,INO,SELL,1,
1.25E+18,Citron_Research,4/20/2020 17:52,164,44,$CACC doing their part to ruin the working class during this crisis.  Who is paying their negative equity 25% car loan this month? https://t.co/lFm8wuxUft,,CACC,,,,,CACC,NONE,NONE,
1.25E+18,Citron_Research,4/15/2020 15:51,101,31,"$CACC is about to unleash financial terror on Detroit, the city disproportionately hurt by this virus.  Are politicians going to step up?  Or is this Wall St over Main St https://t.co/k2SM61QFvd",,CACC,,,,,CACC,NONE,NONE,
1.25E+18,Citron_Research,4/14/2020 14:06,47,22,https://t.co/Fn9MwK5FlX for the full report.,,,,,,,(Not Available),NONE,NONE,
1.25E+18,Citron_Research,4/14/2020 14:04,200,82,"$GSX is more 2011 Chinese RTO fraud than Luckin.  Their ""too good to be true"" story is just that and the Chinese media and gov. agrees.  We believe up to 70% revenues fabricated.  Stock should get halted and investigated.",,GSX,,,,,GSX,SELL,NONE,
1.24E+18,Citron_Research,3/25/2020 19:30,96,18,"Caller - ""My mother has Corona Virus under care of a Dr.  Does she still have to make her 28% interest car payment for the next month?""....YES says CACC
America WILL put this company out of business...remember the payday lenders?
@ewarren  
@SenSherrodBrown
@jimcramer",ewarren:SenSherrodBrown:jimcramer,,,,,,YES,NONE,NONE,
1.24E+18,Citron_Research,3/25/2020 19:06,125,34,$CACC this is one that we will stay on until every last politician and banker understands the damage being done.  This is their black swan   https://t.co/Fn9MwJO3Xn,,CACC,,,,,CACC,NONE,NONE,
1.24E+18,Citron_Research,3/25/2020 18:14,92,16,https://t.co/0ZAIb6kBxQ,,,,,,,(Not Available),NONE,NONE,
1.24E+18,Citron_Research,3/25/2020 18:10,144,20,Which one company has continues to exploit the millions of people who are most economically impacted by the Covid-19 crisis?  Who will be the new poster child of greed and heartlessness?  The only company that both Eliz Warren and Trump can agree on MUST GO AWAY,,,,,,,(Not Available),NONE,NONE,
1.24E+18,Citron_Research,3/25/2020 18:06,78,10,Every major US company and lender is doing their best to protect our system - except 1.  Who will the senate target as the bad actor when the dust settles?,,,,,,,(Not Available),NONE,NONE,
1.24E+18,Citron_Research,3/25/2020 17:58,118,19,What company is the worst offender in hurting America's working class?  Whose business will forever change once the dust settles?  Who just hit their Black Swan?,,,,,,,(Not Available),NONE,NONE,
1.24E+18,Citron_Research,3/18/2020 15:38,71,20,No negativity from Citron in these times  Who can help?  $BFYT bringing telemedicine benefits to seniors through MA.  Sec. of HHA lauded them for their channel.  Company now running Telemedicine nat. campaign.  TGT price $60. https://t.co/zCLXGeovtl,,BFYT:60,60,,,,BFYT,BUY,60,
1.24E+18,Citron_Research,3/13/2020 17:10,139,44,"$PTON road to $5 just got faster.  $AAPL to enter home digital fitness, including cycling classes. Read full Citron Report. https://t.co/xUiwzbLjeC https://t.co/x52BrSdir0",,PTON:5:AAPL,5,,,,PTON,SELL,5,
1.24E+18,Citron_Research,3/9/2020 14:38,444,112,$INO.  SEC should immediately HALT this stock and investigate the ludicrous and dangerous claim that they designed a vaccine in 3 hours.  This has been a serial stock promotion for years.  This will trade back to $2.  Investors have been warned.,,INO:2,2,,,,INO,SELL,2,
1.23E+18,Citron_Research,2/27/2020 17:04,67,24,"Citron updates our commentary on $SDGR.  The real story is not just this virus, but the future.  Computational chemistry / AI platform.
https://t.co/Fn9MwJO3Xn",,SDGR,,,,,SDGR,NONE,NONE,
1.23E+18,Citron_Research,2/20/2020 17:02,58,18,https://t.co/zwQQ8jl2rY,,,,,,,SDGR,NONE,NONE,
1.23E+18,Citron_Research,2/20/2020 17:02,187,59,"$SDGR the most important IPO past 5 years. Taking drug discovery to ""space age"".  The parallels to an early stage $TSLA are too obvious to ignore.  Don't take Citron's word, look at the majority shareholders  AI molecular simulation is real disruption.  TGT- $80",,SDGR:TSLA:80,80,,,,SDGR,BUY,80,
1.22E+18,Citron_Research,2/4/2020 15:34,2057,527,"We love $TSLA and promised never to be short again.  BUT when the computers start driving the market, we believe even Elon would short the stock here if he was a fund manager.  This is no longer about the technology, it has become the new Wall St casino.",,TSLA,,,,,TSLA,SELL,NONE,
1.22E+18,Citron_Research,1/31/2020 17:51,512,191,"Citron long $LK.  We also rec. this report but all data from Biz Con China and App download and calls with competitors confirm financials.  $LK biz is on fire in China.  Citron has respect for Muddy, but this anon. report will fall short on accuracy. Expect LK management response",,LK:LK,,,,,LK,SELL,NONE,
1.22E+18,Citron_Research,1/28/2020 15:55,106,29,$LOPE - the Enron of Education? We present detailed evidence through a 870 page FOIA request that $LOPE is illegally putting expenses in a captive subsidiary to inflate their financials. Our findings were confirmed by the DOE and the SEC cannot ignore. https://t.co/B7pu7uyE5i,,LOPE:LOPE,,,,,LOPE,SELL,NONE,
1.21E+18,Citron_Research,12/18/2019 15:49,45,11,"$FLT  New Citron Report shows indisputable evidence that the FTC is within weeks of filing a lawsuit that will forever change their billing practices and directly hit profitability.  Yes, we were early, but when it happens... it happens. https://t.co/0WV89XYblm",,FLT,,,,,FLT,SELL,NONE,
1.20E+18,Citron_Research,12/10/2019 17:02,355,122,$PTON 2020 price tgt $5.  Unless $PTON makes a machine that works out for you we  will be laughing at $10 bil valuation in a year.  MUST see chart on homepage of story   https://t.co/OHkyRfzIKn,,PTON:5:PTON:10,5:10,,,,PTON,SELL,5,
1.20E+18,Citron_Research,11/19/2019 15:47,67,20,"Citron final word on $W.  Short term tgt $45.  You have been ""Bezosed"".  Q proves that $W wouldn't have been able to go IPO in 2019.  Management has resorted to outright lying.  Consider this.  If $W had same enterprise val as $RH then $W would be $45. https://t.co/IvBPCbalSm",,W:45:W:W:RH:W:45,45:45:00,,,,W ,SELL,45,
1.19E+18,Citron_Research,11/7/2019 16:08,221,74,"After years of  making ""Elite"" short calls on $NFLX Citron is going ""Dark"".  New data shows Intl traction might be ""The Mechanism"" to take the stock back to $350.  Long $NFLX into next Q is the real ""Money Heist "" Intl. has said goodbye to ""cable girls"" and hello to Netflix. $350",,NFLX:350:NFLX:350,355:50:00,,,,NFLX,BUY,350,
1.18E+18,Citron_Research,10/17/2019 15:56,61,22,"Mkt realizing that $ENDP is the real beneficiary of opioid settlement as reported.  Fundamentals have improved since stock was at $18 a year ago.  Low or no cash payout.  Good FCF, bal sheet, and strong pipeline.  If reporting is true $ENDP can be $10 on Mon.  It is the anti-$MNK",,ENDP:18:ENDP:10:MNK,18:10,,,,ENDP,BUY,10,
1.18E+18,Citron_Research,10/15/2019 15:03,81,31,"$BHC to $40.  Four Years Ago This Week Citron told the  ""Valeant Story""  Four years later the stock is poised to double as Joe Papa has orchestrated a textbook turnaround.  Citron Explains why $BHC has become the most compelling story in pharma  https://t.co/aj2Rbsc9Xa",,BHC:40:BHC,0:00,,,,BHC,BUY,40,
1.18E+18,Citron_Research,10/1/2019 18:07,55,12,"$W  It Doesn't Matter Until it Matters

 https://t.co/uzxJJIdKZD",,W,,,,,W,NONE,NONE,
1.18E+18,Citron_Research,9/27/2019 15:05,34,16,$MCK as a public nuisance.  The whole story has changed.  Citron is proud to present to changing status of the opioid lawsuit and why $MCK will trade down to $80 https://t.co/nzkUJWsYUl,,MCK:MCK:80,80,,,,MCK,SELL,80,
1.17E+18,Citron_Research,9/12/2019 15:27,18,6,https://t.co/J0nJh63hNj,,,,,,,ENPH,SELL,7,
1.17E+18,Citron_Research,9/12/2019 15:27,18,6,https://t.co/J0nJh63hNj,,,,,,,SEDG,SELL,52,
1.17E+18,Citron_Research,9/12/2019 15:18,21,8,$ENPH $SEDG duopoly has come to an abrupt end.  Read https://t.co/RL3GQguBtQ to stay one step ahead,,ENPH:SEDG,,,,,ENPH,SELL,NONE,
1.17E+18,Citron_Research,9/12/2019 15:18,21,8,$ENPH $SEDG duopoly has come to an abrupt end.  Read https://t.co/RL3GQguBtQ to stay one step ahead,,ENPH:SEDG,,,,,SEDG,SELL,NONE,
1.17E+18,Citron_Research,9/9/2019 16:25,50,6,Citron Research was Short-Seller of Year 2018.  With Jumia and now Grand Canyon Education we want 2019.,,,,,,,(Not Available),NONE,NONE,
1.17E+18,Citron_Research,9/9/2019 16:23,86,23,Citron presents our favorite short in YEARS. Low short interest stock at peak multiple whose biz just hit a secular change - forever changed while its passive holder base is blind. Will be down 70% next 18 months. CEO has lied - and customer base turns over every 2 yrs.,,,,,,,(Not Available),NONE,NONE,
1.16E+18,Citron_Research,8/16/2019 14:44,294,97,Markopolos report on $GE was the worst that activist short selling has to offer.  Aggressive accounting is not fraud.  Disingenuous all the way through  https://t.co/Yjn9rn2Y9d,,GE,,,,,GE,NONE,NONE,
1.16E+18,Citron_Research,7/31/2019 14:45,92,29,In our letter to investors Citron expressed our excitement about $NVTA   The $EXAS acquisition of Genomic Health only makes us more certain that Invitae is on its way to $100.  Our investment thesis is most clearly stated here https://t.co/qwUINmJTEn,,NVTA:EXAS:100,100,,,,NVTA,BUY,100,
1.14E+18,Citron_Research,6/10/2019 13:41,47,22,"$RVLV Citron gives more detail on the future of FashTech.  Read follow up on  our initial tweet and see why $RVLV will shoot right to $50 and ""beyond""   https://t.co/YBCRhEzR67",,RVLV:RVLV:50,50,,,,RVLV,BUY,50,
1.14E+18,Citron_Research,6/7/2019 15:27,149,46,Citron has never commented on an IPO but  LONG $RVLV.  Profitable at IPO AND growing  E-commerce with best unit economics and massive growth ahead.  Citron expects to see the stock trade to $50.  $mywifeisalwaysright,,RVLV:50:mywifeisalwaysright,50,,,,RVLV,BUY,50,
1.14E+18,Citron_Research,6/6/2019 14:34,70,25,$FLT Citron exposes one of the largest Clean Energy Frauds in the history of the United States.  $FLT has fraudulently sold well over $100 mil in phony carbon offsets.  Aggressive has turned illegal.  There is no way this avoids enforcement,,FLT:FLT:100,100,,,,FLT,SELL,NONE,
1.13E+18,Citron_Research,5/28/2019 14:33,102,37,$JMIA - Halt/Delisting Candidate. Blatant Fraud. Former executive testimonies with documented proof of manipulated financials and FAKE ORDERS Auditors must resign and restatements will take Jumia to $0.  #JumiaIsNotAfrican   Part 2 is a MUST read/watch https://t.co/emasOEjseE,,JMIA:0,0,,,,JMIA,SELL,0,
1.13E+18,Citron_Research,5/17/2019 17:50,597,160,"$BYND has become Beyond Stupid.  Most heavily traded retail stock on Robinhood, market cap now bigger than industry, and superior competitor coming to market soon.  We expect $BYND to go back to $65 on earnings On retail exhaustion. Look",,BYND:BYND:65,65,,,,BYND,SELL,65,
1.13E+18,Citron_Research,5/13/2019 14:22,45,21,"$JMIA is a ZERO Former E&amp;Y executive and another leading African Tech thinker calling $JMIA a ""Big Fraud"" His word, not ours..  SEC will take notice   https://t.co/KjriMDYcco",,JMIA:JMIA,,,,,JMIA,SELL,NONE,
1.13E+18,Citron_Research,5/10/2019 16:54,84,38,$JMIA nothing more to say.  FRAUD.  Target 0.  Take it from one of the most influential tech thinkers in Africa.  SEC should immediately investigate    https://t.co/WAFDAqEKiT,,JMIA,,,,,JMIA,SELL,0,
1.13E+18,Citron_Research,5/9/2019 16:57,273,184,Citron reports on $JMIA.  Equity is worthless.  Citron exposes the smoking gun and fraud. Not all IPOs are created equal  It's time for the SEC to protect US investors. https://t.co/dBVyQ4kKOq,,JMIA,,,,,JMIA,SELL,NONE,
1.12E+18,Citron_Research,5/2/2019 15:56,34,11,Amedisys ($AMED)- The most vulnerable name in healthcare. TGT $50  What gets them first Medicare Advantage or Department of Justice?  Last time we reported stock down 80%.  This time only 60% https://t.co/imiVQ7AaPf,,AMED:50,50,,,,AMED,SELL,50,
1.12E+18,Citron_Research,4/16/2019 16:05,158,68,Citron is SHORT $VFF tgt $1.  Citron presents the red flags and why the SEC should investigate.  $VFF story is based on a JV with a known stock promoter with a history of failed businesses and JV's.  Securities Fraud? This screams halt https://t.co/ydeCgzrl5O,,VFF:1:VFF,1,,,,VFF,SELL,1,
1.11E+18,Citron_Research,3/22/2019 13:50,62,21,"$CHGG is the poster child for institutionalized academic cheating. tgt- $25 Cannot be disputed, cheating now matters   $CHGG activities illegal in 17 states.  If Chegg turns over the customer list, the stock could be a 0.  https://t.co/Fn9MwJO3Xn",,CHGG:25:CHGG,25,,,,CHGG,SELL,25,
1.10E+18,Citron_Research,2/22/2019 15:56,107,24,"Citron turns positive on $Z.  Longtime foe now a shareholder.  Barton is a STUD as he says ""I have been fortunate enough to be on the board of Netflix since it was private.  And I see lots of parallels here as we take Zillow Group into the next phase"".  TGT $70 NARRATIVE CHANGED",,Z:70,70,,,,Z,BUY,70,
1.10E+18,Citron_Research,2/12/2019 15:30,83,39,$INGN tgt $46.  Citron exposes the deception that underpins INGN salesforce with pictures and videos.  Distribution network borders on elder abuse. The information the company and analysts don't want you to know https://t.co/HmjphrrU2q,,INGN:46,46,,,,INGN,SELL,46,
1.09E+18,Citron_Research,2/1/2019 15:43,288,86,"Taking profits on $APHA.  Stock up 60% since call a month ago.  Canadian Weed has run too far moving into in US names.  $CRON short with stock trading 70% above analyst tgt.  As CIBC noted ""sophisticated investors are beginning to shift capital to U.S operators.""",,APHA:CRON,,,,,CRON,SELL,NONE,
1.09E+18,Citron_Research,1/25/2019 15:18,60,19,https://t.co/Uu3ffATaXa,,,,,,,TWTR,NONE,NONE,
1.09E+18,Citron_Research,1/25/2019 15:16,108,29,$TWTR will be A-OK because of AOC.  What a difference a month makes.  Citron updates its research.,,TWTR,,,,,TWTR,NONE,NONE,
1.09E+18,Citron_Research,1/24/2019 16:06,122,37,$RH by far the most compelling story in retail.  Citron explains why we believe $RH days as a standalone public company is limited as suitors will line up to buy this rare trophy asset with 0 competition.  Tgt price $250  https://t.co/rGNEEhLJIN,,RH:RH:250,250,,,,RH,BUY,250,
1.09E+18,Citron_Research,1/16/2019 17:50,154,70,$LGND tgt $35.  Our most comprehensive piece of pharma research since Valeant.  Citron exposes the deception behind $LGND and details the truth of their pipeline with pictures and filings.  We are proud to present this level of research. https://t.co/AdNqspxq14,,LGND:35:LGND,35,,,,LGND,SELL,35,
1.08E+18,Citron_Research,1/11/2019 18:12,423,136,$NFLX investors at this level as blind as Bird Box.  Market cap up $45 bill in 12 days or 12 $DWA / 12 $LGF / 10 $ROKU / 5 Hulu.  $NFLX to trade back to $300,,NFLX:45:DWA:LGF:ROKU:NFLX:300,50:00:00,,,,NFLX,SELL,300,
1.08E+18,Citron_Research,1/8/2019 18:20,134,37,"To clarify, we are watching $ROKU from the side  After successfully shorting ROKU as it traded as high as $50 in late 2017, we reversed our position at $35 last year. With Apple teaming up with Sams, LG, and Vizio investors must consider the risk to the bigger story.",,ROKU:50:35,50:35:00,,,,ROKU,NONE,NONE,
1.08E+18,Citron_Research,12/26/2018 14:51,259,66,$FB Backing up the sleigh.  $160 tgt.  Citron presents the only information that counts on $FB looking past the rhetoric. Would you rather have your kids addicted to Nicotine or Instagram?  Wall St answer will amaze you https://t.co/P8aPyAesJB,,FB:160:FB,3840:00:00,,,,FB,BUY,160,
1.08E+18,Citron_Research,12/20/2018 14:52,166,91,$TWTR has become Harvey Weinstein of social media. Price tgt $20  Amnesty Intl study cannot be ignored by Wall St. or Madison Ave. $TWTR will be forced to clean up the site and will have a fast impact on MAU https://t.co/LxC8IFLLvp,,TWTR:20:TWTR,20,,,,TWTR,SELL,20,
1.08E+18,Citron_Research,12/18/2018 18:16,106,34,https://t.co/JKojpi2GtA,,,,,,,(Not Available),NONE,NONE,
1.08E+18,Citron_Research,12/18/2018 18:15,257,87,Citron explains why $APHA is up 10% today and why we expect the stock to go over $8 before the end of the year.  The report is a must read for any serious Cannabis investor.  Expect an $APHA major partnership or total buyout SOON.,,APHA:8:APHA,8,,,,APHA,BUY,8,
1.07E+18,Citron_Research,12/7/2018 15:20,368,132,Congrats to $CRON. A floor has been established- time to rethink all valuations. $APHA is compelling on all metrics. Cdn footprint too large to ignore. Look past the noise- stock should see US$10. More details to come.,,CRON:APHA:10,10,,,,APHA,BUY,10,
1.07E+18,Citron_Research,12/4/2018 18:50,88,42,$VEEV price target $65.  Competition has arrived as multiple is at peak and short interest at low.  Same setup as $NVDA at $280.  A market correction will hit $VEEV harder than any other SaaS name.  Buyout off the table until $40,,VEEV:65:NVDA:280:VEEV:40,69:40:40,,,,VEEV,SELL,65,
1.07E+18,Citron_Research,11/26/2018 19:01,45,15,"$MNK failed clinical studies comes weeks after OIG publishes that Acthar is a drug based on a history of ""fraud and abuse. Citron believes that $MNK could be first pharma to go BK if Medicare opens its eyes. https://t.co/eiFp5IrIsk",,MNK:MNK,,,,,MNK,SELL,NONE,
1.07E+18,Citron_Research,11/26/2018 18:55,53,23,$MNK has just FAILED it's only real clinical trial of Acthar. Mallinckrodt has failed to disclose.  Citron will follow with the full story on why the OIG and MEDPAC are finally about to put an end to this charade.  https://t.co/32DTNB4yxt,,MNK,,,,,MNK,NONE,NONE,
1.06E+18,Citron_Research,11/20/2018 15:17,451,156,Citron buys $NVDA.  This is the first time in 2 years stock offers an appealing risk-reward to investors.  $NVDA still a player in AI and Data..will eat through inventory issue. We see $165 before we see 120.  Anyone remember this interview?  MUST WATCH  https://t.co/azGG9yyWLE,,NVDA:NVDA:165,165,,,,NVDA,BUY,165,
1.06E+18,Citron_Research,11/19/2018 14:50,219,81,"$NIO much more than the ""Chinese Tesla"".  Absurd short interest ignores the compelling product and patient investor base.  We learn from our mistakes.  Short term target -$12  https://t.co/y8dSfeEeFZ",,NIO:12,12,,,,NIO,BUY,12,
1.06E+18,Citron_Research,11/2/2018 16:50,107,27,Wayfair has become a textbook case of diseconomies of scale.  How much longer will shareholders have the patience for a company that should change their name to Overstock?  Citron early but not wrong https://t.co/FtS4rW7g43,,,,,,,W,SELL,NONE,
1.05E+18,Citron_Research,10/23/2018 13:38,827,296,"$TSLA dropping earnings on top of $F tomorrow might be a bad sign for shorts. After reviewing all recent info on $TSLA dominating its categories, Citron is LONG Telsa for this quarter.  Full report  https://t.co/eZLSbtL0kg",,TSLA:F:TSLA,,,,,TSLA,BUY,NONE,
1.05E+18,Citron_Research,10/18/2018 14:08,54,24,FDA just opened of the kimono of$PTE and OMG.  In our shortest but most damning report of the year. We let the FDA do the talking as we present the one document Polarity tried to hide from investors Tgt- $2 https://t.co/LiWUJgl4mD,,PTE:2,2,,,,PTE,SELL,2,
1.05E+18,Citron_Research,10/11/2018 16:17,216,97,Long $PYX- tgt $65  Altria's interest in Aphria shows maturation of old tobacco.  Pyxus has most to gain with a defined plan and management never seen before in Cannabis  https://t.co/5XBT9w5Lyg,,PYX:65,65,,,,PYX,BUY,65,
1.05E+18,Citron_Research,10/8/2018 14:36,183,77,$PYX would not short...speculative long. Real management and tight float. The stock could double from here as long as investors are Cannabis crazy. Our favorite hire..and it wasn't last week.  https://t.co/mPdfuGBVJe,,PYX,,,,,PYX,BUY,NONE,
1.05E+18,Citron_Research,10/4/2018 13:46,103,36,Citron proves without a doubt the fraud being committed at Namaste Tech $n $nxttf. This $700 mil company will be a 0 one regulators and accountants read. https://t.co/c7c2uphNzM,,n:nxttf:700,700,,,,N,SELL,NONE,
1.05E+18,Citron_Research,10/2/2018 16:18,102,25,Correction.  $IGC has raised money 3 times in 3 weeks at an average price of $3.31.  At least the company is honest about the absurd move  The stock should have a skull and crossbones at Fidelity.  Just praying for more borrow to open up.  Target price - $6 fast,,IGC:3:6,3:06,,,,IGC,SELL,6,
1.05E+18,Citron_Research,10/2/2018 16:08,254,74,"$IGC. If you are able to short, it is a gift.  No product.  All hype.  Raised Money 2 weeks ago at $1.15  Finger traders will get burned.  This hype stock is the poster child of a cannabis bubble.  Always cautious but nothing but air. Could write pages about this scheme",,IGC:1,1,,,,IGC,SELL,NONE,
1.04E+18,Citron_Research,9/19/2018 12:51,767,187,The move in Tilray is beyond comprehension. No one needs a market pundit to explain that.  This is just the dynamic of trading low float stocks.  Yes we are short and will hold a manageable position until rationality sets in,,,,,,,TLRY,SELL,NONE,
1.04E+18,Citron_Research,9/14/2018 16:51,65,29,"$N, Canada. urgent update: Quebec newspaper highlights Namaste's illegal activities and Quebec investigation in $N for violation of laws.  Tilray quickly drops $N, shareholders are next.",,N:N:N,,,,,N,SELL,NONE,
1.04E+18,Citron_Research,9/14/2018 16:16,89,29,"Namaste $N Canada.  Some cannabis stocks are overvalued, and some are total jokes.  This is a joke Drop it like its hot' after the pledge party prohibits listing in US, downside: 80%. That .50",,N,,,,,N,SELL,NONE,
1.04E+18,Citron_Research,9/12/2018 14:20,214,96,$TLRY a picture is worth 1k words https://t.co/InjtRGNv8H,,TLRY,,,,,TLRY,SELL,NONE,
1.04E+18,Citron_Research,9/4/2018 16:43,144,57,"In response to the many questions.  $TLRY 3x more expensive than leader Canopy despite no bev deal, behind in funding, and lower capacity.  Here is the chart you requested https://t.co/54uLaTQWvY",,TLRY,,,,,TLRY,SELL,NONE,
1.04E+18,Citron_Research,9/4/2018 16:06,253,95,"Citron LOVED $TLRY at $26 but now we are SHORTING stock.  Cowen lowered est and still raised tgt  $62 only shows ""RETAIL INVESTORS GONE MAD"" and forgot $TLRY went public at $17 - 6 weeks ago.  We would expect an equity raise at these levels. By far most expensive in space.",,TLRY:26:62:TLRY:17,27:02:17,,,,TLRY,SELL,NONE,
1.04E+18,Citron_Research,8/30/2018 15:08,128,39,"Andrew Left from Citron on CNBC Fast Money 5:25pm ET to discuss why $CRON is the most overhyped of all the ""pot stocks"" with a target price of $3.5",,CRON:3,72:00:00,,,,CRON,SELL,3.5,
1.04E+18,Citron_Research,8/30/2018 14:07,204,97,$CRON tgt price $3.5.  Everything that is contaminated about the Cannabis space.   ALL HYPE with possible securities fraud. For full report go to  https://t.co/rPKOW3IOdE,,CRON:3,3,,,,CRON,SELL,3.5,
1.03E+18,Citron_Research,8/29/2018 17:04,164,25,"Citron covering $CVSI short.  Making 70% in a week is always a good trade.  Stay tuned for more cannabis trades, our team is working hard to bring you the next 70% return.",,CVSI,,,,,CVSI,NONE,NONE,
1.03E+18,Citron_Research,8/28/2018 16:51,60,17,"Andrew Left from Citron is on Bloomberg TV at 2:40pm ET to explain why new research proves that Wayfair $W has become the anti-Amazon.  While the stock price has gone up, estimates have gone down.",,W,,,,,W,NONE,NONE,
1.03E+18,Citron_Research,8/28/2018 16:16,77,32,Citron is listening to guys smarter than us on $W.  Wharton Professors analyze Wayfair and the results are amazing.  We have stayed on sidelines but we are now reinitiating our short position with short term $100 tgt https://t.co/jfsz8BqcEI,,W:100,100,,,,W,SELL,100,
1.03E+18,Citron_Research,8/24/2018 14:51,145,43,LAST WEEK when $TLRY was $26 Citron recco with a $45 tgt.  We are taking profits here. 70% in a week.  Stock moved too much too fast compared to peers. Here is a chart of price per Kilogram for Canada consumption. At these prices better weed buys out there. https://t.co/9IymvcLVUU,,TLRY:26:45,26:45:00,,,,TLRY,NONE,NONE,
1.03E+18,Citron_Research,8/21/2018 14:22,155,75,$NVDA on its way to $200.  With short interest at an all time low and datacenter facing major competition not even ray tracing can support these lofty levels.  For full story go to https://t.co/Fn9MwJO3Xn for the 10 reasons we see $200,,NVDA:200:200,203:20:00,,,,NVDA,SELL,200,
1.03E+18,Citron_Research,8/20/2018 17:21,120,51,$CVSI misrepresentation by management.  The total bull case is based on REJECTED patents the company has never disclosed and continues to hype.  Securities Fraud?  Another IRTH special https://t.co/nhI7Da8PoO,,CVSI,,,,,CVSI,NONE,NONE,
1.03E+18,Citron_Research,8/15/2018 16:54,121,53,Today is the day that everything has changed in Cannabis.  Real $$$ into space.  Next to get support should be Tilray $TLRY  tgt $45 https://t.co/Fn9MwJO3Xn for the full story,,TLRY:45,45,,,,TLRY,BUY,45,
1.03E+18,Citron_Research,8/13/2018 14:39,132,49,$TWTR  Andrew Left of Citron Research to appear on Bloomberg Television at the 2:00 PM EST hour to discuss Citron's compelling thesis why Twitter to make new highs in the next year.,,TWTR,,,,,TWTR,BUY,NONE,
1.03E+18,Citron_Research,8/13/2018 14:36,309,153,"$TWTR has hit a level of relevancy as never before. With privacy concerns in its rear view &amp; execution on all fronts -Citron expects new highs. Tgt price-$52. Toutiao: if you don't know the name, read the story.  https://t.co/Fn9MwJO3Xn",,TWTR:52,52,,,,TWTR,BUY,52,
1.03E+18,Citron_Research,8/2/2018 18:10,1267,323,"The Real Story:  Behind $AAPL and the word ‘trillion’ was a man who left us too soon. As we recognize this milestone, the real lesson today may be for all of us to take a moment to appreciate life. Steve Jobs would trade his every share to be with us today.",,AAPL,,,,,AAPL,NONE,NONE,
1.02E+18,Citron_Research,7/19/2018 13:47,114,47,"$ABBV the next great drug short. TGT price $60  Gottlieb's comments for biosimilars and the removal of safe harbor is a DIRECT hit on Abbvie's abuse of Humira. Citron to release a series of reports detailing the Dirty Money. POTUS, AMZN, and now FDA on the case $60 in 12 months",,ABBV:60:60,61:00:00,,,,ABBV,SELL,60,
1.01E+18,Citron_Research,6/25/2018 15:31,63,24,Citron selectively uses the F word. Here goes: $COOL full on stock FRAUD.  SEC should halt for clarification.  Full story go to  https://t.co/OVYz8VEHlm,,COOL,,,,,COOL,SELL,NONE,
1.01E+18,Citron_Research,6/15/2018 15:35,142,54,"Citron $NFLX to $340 call.  Before any of the pundits or critics who criticize Citron comment further,  just read a copy of Randall Stephenson's email that went to all $TWX execs day after merger approval.  Let's get ready to rumble. 170 mil subs https://t.co/6Vnx2UXYJy",,NFLX:340:TWX,340,,,,NFLX,SELL,340,
1.01E+18,Citron_Research,6/14/2018 15:29,49,29,$NFLX to $340  https://t.co/L8rJmrhm3X,,NFLX:340,340,,,,NFLX,SELL,340,
1.01E+18,Citron_Research,6/14/2018 15:27,115,68,"Citron explains why $NFLX is on its way back to $340. A theory that Bob Dylan would agree with. The winds have changed: no one has to beat $NFLX, just compete and the stock will suffer.  https://t.co/dVIjVOSJVH",,NFLX:340:NFLX,340,,,,NFLX,SELL,340,
1.01E+18,Citron_Research,6/11/2018 15:48,106,53,"""$FIT  IS IN GOOD SHAPE""-tgt $15. The future of wearables is undeniable. $FIT transformation from consumer products to med-tech is real. FDA/Google/Dexcom know it.  Andrew Left on Bloomberg TV 2:30 est to discuss  https://t.co/nLqByDUMwK",,FIT:15:FIT,15,,,,FIT,BUY,15,
1.01E+18,Citron_Research,6/8/2018 16:14,51,29,No reason to commit fraud like $MDXG when you can just promote your stock with NOTHING like $COOL.  Just read the filings and misrepresentations from $COOL management. Another (516) (561) promo. TGT price $16....where they raised $ just 2 months ago,,MDXG:COOL:COOL:16,16,,,,COOL,SELL,16,
1.00E+18,Citron_Research,5/31/2018 16:35,56,18,"Good Timing, just came out this morning from Pew Research, $SNAP Snapchat is now the social media app that teens use most often  $$$$$$ https://t.co/oqqH9nLVJa",,SNAP,,,,,SNAP,NONE,NONE,
1.00E+18,Citron_Research,5/31/2018 16:16,115,65,Citron puts a $17 tgt on $SNAP  Time to spook shorts who have overstayed their welcome.  On Bloomberg TV 2:20 EST to discuss our research  https://t.co/LgkeMUF3MH,,17:SNAP,17,,,,SNAP,BUY,17,
1.00E+18,Citron_Research,5/25/2018 13:54,91,43,Citron reevaluates our position on $ROKU    A LOT has changed in 6 months.  The trend to OTT cannot be ignored and $NFLX is telling us valuation is out the window in this megatrend.  https://t.co/MjEaPZ6no4,,ROKU:NFLX,,,,,ROKU,NONE,NONE,
1.00E+18,Citron_Research,5/24/2018 14:21,42,11,Andrew Left of Citron to be on CNBC at 12:30 EST with @ScottWapnerCNBC to discuss new report.  https://t.co/NKIbRY8ziP,ScottWapnerCNBC,,,,,,(Not Available),NONE,NONE,
1.00E+18,Citron_Research,5/24/2018 14:19,29,14,"Citron reports on $INGN tgt price $95. Our most compelling idea in med-tech in years.  $INGN most expensive name in med-tech / medical supplies with no pipeline, R&amp;D in a highly competitive market.  Amazing when Wall St. doesn't look under hood.",,INGN:95:INGN,95,,,,INGN,SELL,95,
9.99E+17,Citron_Research,5/21/2018 14:40,54,18,"$SHOP Citron loves when the WSJ validates our research.   How long will $FB tolerate this BS?? $SHOP hyper growth built on ""get rich"" affinity scam marketing that HURTS consumers.
https://t.co/JLSFoeMAXs",,SHOP:FB:SHOP,,,,,SHOP,SELL,NONE,
9.94E+17,Citron_Research,5/8/2018 18:05,74,42,Not a story of shorts vs $NVDA it is $NVDA vs $GOOG  TPU 3.0 announced today is 8x faster than 2.0 and liq cooled. This happens when customer competes. We expect the press to write soon.  Shorting into earnings.  https://t.co/xrxcTP0PxM  Good company dangerous stock price.,,NVDA:NVDA:GOOG,,,,,NVDA,NONE,NONE,
9.93E+17,Citron_Research,5/6/2018 16:49,111,23,Against Wall St opposition for years Citron was adamant in our criticism of Mallinckrodt and Questcor's drug Acthar.  Watch tonite @60 minutes for the Acthar expose.  Citron put together a collection of media that comprises our mission tell the truth  https://t.co/x1wuF0ggNS.,60,,,,,,MNK,NONE,NONE,
9.93E+17,Citron_Research,5/6/2018 16:49,111,23,Against Wall St opposition for years Citron was adamant in our criticism of Mallinckrodt and Questcor's drug Acthar.  Watch tonite @60 minutes for the Acthar expose.  Citron put together a collection of media that comprises our mission tell the truth  https://t.co/x1wuF0ggNS.,60,,,,,,QCOR,NONE,NONE,
9.92E+17,Citron_Research,5/2/2018 14:21,214,72,"Citron will soon get back to ""exposing"" companies-  but in the meantime we wanted to comment our bullish position on ""the most shorted stock in the world""  $BABA  https://t.co/RL3GQgd05g",,BABA,,,,,BABA,NONE,NONE,
9.91E+17,Citron_Research,4/30/2018 17:53,151,62,"$SQ Short term tgt $30  started as innovative pymt co. - now just another processor. 15x rev growing slower than $FB. Collection of yawn businesses.  WallSt drunk on Bitcoin nonsense, SQ-Cash to BTC trading has been insignificant. Even w/ hyper growth still 40% too rich",,SQ:30:FB,30,,,,SQ,SELL,30,
9.87E+17,Citron_Research,4/18/2018 18:29,44,9,Citron's Andrew Left in NYC next week to celebrate @ScottWapnerCNBC new book https://t.co/a4H8bhm0zq.  Making meetings looking for the GREAT short of 2018.  Contact andrew@citronresearch.com for further details. Qualified funds only,ScottWapnerCNBC:citronresearch,,,,,,(Not Available),NONE,NONE,
9.85E+17,Citron_Research,4/13/2018 17:20,76,33,"$SHOP in Trump's crosshairs. A Canadian co whose growth is based on inefficiencies in ""Chinese imports"" and USPS pricing. USPS and Hongkongpost deal first to go Worse, they brag about it ""Lower cost than dom first-class serv from the USPS""  More detail Monday $SHOP back to $90",,SHOP:SHOP:90,90,,,,SHOP,SELL,90,
9.85E+17,Citron_Research,4/13/2018 13:57,482,176,"Citron accepting a challenge.  @Jimcramer has famously named his dog Nvidia.  If $NVDA is trading over $230 in 12 months, Citron will donate $230k to the Humane Society. $NVDA has become a victim of its own success as competition looms on ALL sides.  Great company. $175 tgt 2018",Jimcramer,NVDA:230:230k:NVDA:175,233:52:55,,,,NVDA,SELL,175,
9.83E+17,Citron_Research,4/9/2018 17:45,55,29,If you are fortunate to get a borrow on Hailiang Education $HLG than you can be short your part of the China Hustle.  Same underwriter as $LFIN  full story at https://t.co/fvucR7bnq2,,HLG:LFIN,,,,,HLG,SELL,NONE,
9.82E+17,Citron_Research,4/5/2018 17:08,132,79,"Citron pressing $NVDA short expect sub $200 soon.  Mkt starting to realize that ML/DL is narrowing and hyper-scale core customers experimenting with diff prop hardware solutions, Ether spreads are dead, Auto- unknown. No need to write pages. Price action.Short Int 1/2 of a yr ago",,NVDA:200,200,,,,NVDA,SELL,200,
9.81E+17,Citron_Research,4/2/2018 17:14,84,44,Same Group that predicted Facebook fallout predicting a crash in $W Wayfair Stock in 2018.  $W is the real tax avoider.  Short term target $30  https://t.co/akvBX83IUu  for the full story,,W:W:30,30,,,,W,SELL,30,
9.79E+17,Citron_Research,3/27/2018 14:44,260,189,"Citron short $TWTR.  Near-Term target $25   Of all social media, they are most vulnerable to privacy regulation  Wait until Senate finds out what Citron has published.  https://t.co/nAkRWb8Kcn",,TWTR:25,25,,,,TWTR,SELL,25,
9.78E+17,Citron_Research,3/26/2018 14:57,72,30,"$FB and $SHOP unholy alliance explained here
https://t.co/JoG1hzO5VS",,FB:SHOP,,,,,FB,NONE,NONE,
9.78E+17,Citron_Research,3/26/2018 14:57,72,30,"$FB and $SHOP unholy alliance explained here
https://t.co/JoG1hzO5VS",,FB:SHOP,,,,,SHOP,NONE,NONE,
9.78E+17,Citron_Research,3/26/2018 14:49,82,44,$SHOP has a MAJOR Facebook problem.  All growth tied to the abuse of Facebook privacy tools.  https://t.co/Fn9MwJO3Xn for full story,,SHOP,,,,,SHOP,NONE,NONE,
9.78E+17,Citron_Research,3/26/2018 13:44,143,62,"If you are fortunate enough to get a borrow, indeed $LFIN is a pure stock scheme. @sec_enforcement should not be far behind.  Filings and press releases are riddled with inaccuracies and fraud.",sec_enforcement,LFIN,,,,,LFIN,SELL,NONE,
9.76E+17,Citron_Research,3/19/2018 16:01,285,135,Not a comment on the stock but is this the first time people realize that $FB invades your privacy?  Why is no one talking about them listening in on your phone calls? https://t.co/4Y9hRoDsSE,,FB,,,,,FB,NONE,NONE,
9.73E+17,Citron_Research,3/12/2018 13:53,240,107,"Stranger Things happening at $NFLX. Wit mkt cap up $17 BIL in a week and short interest. at 10 year low.  Citron thinks the stock can be shorted back to $300.  Content spend unsustainable long term. Great article today's FT https://t.co/jTM8lGoWdp Congrats to bulls, historic run",,NFLX:17:300,22:00,,,,NFLX,SELL,300,
9.65E+17,Citron_Research,2/16/2018 15:26,89,30,"After our report, Citron decided to watch the $MDXG saga without being an active voice.  If $MDXG is trading post earnings it is a travesty on the mkt. Shareholders prepared to sell this stock sub $5.  Props to the many shorts who did the heavy lifting. @americangreedtv",americangreedtv,MDXG:MDXG:5,0:00,,,,MDXG,SELL,NONE,
9.59E+17,Citron_Research,2/2/2018 14:55,21,3,"Attached
 are the links that couldn't be clicked in PDF
https://t.co/jnD76mFDYO - data center
https://t.co/r1aiVNuuNM - AI
https://t.co/yaXBTF0iFc - Cerebras
https://t.co/82wsjUdVLb  - Autonomotive",,,,,,,(Not Available),NONE,NONE,
9.59E+17,Citron_Research,2/2/2018 14:54,95,50,$nvda shareholders can expect to see $200.  Since Jan 1 $nvda has added over $30 bil in mkt cap (more than 2 $amd valuations).  Great company dangerous stock https://t.co/3F1V3oqdft,,nvda:200:nvda:30:amd,200:30:00,,,,NVDA,SELL,200,
9.59E+17,Citron_Research,2/1/2018 0:20,57,19,"Celltrion Korea 068270 just received a warning letter from the FDA. This could lead to an import ban in the US. https://t.co/CG82PR0qFs
Stock could easily retreat 50% Valuation already stretched. Shareholders take notice. Media has not yet picked up on this letter just posted",,,,,,,68270,SELL,NONE,
9.57E+17,Citron_Research,1/26/2018 22:01,195,67,Citron receives many emails about what we migh be buying in this market. Have been long $TWTR and agree with Hedgeye and Greenlight that 2018 is the year for $TWTR  target $35 Think Tencent buys....now go bash Citron on $TWTR,,TWTR:TWTR:35:TWTR,35,,,,TWTR,BUY,35,
9.57E+17,Citron_Research,1/25/2018 18:49,19,6,"Use this link to read story
https://t.co/Tt9jB7QiIR",,,,,,,EXAS,SELL,NONE,
9.57E+17,Citron_Research,1/25/2018 18:48,33,18,$EXAS report up.  We acknowledge the difficulty in short selling and the need for a catalyst. You want catalysts? How about 3 of them?  Not even the greatest CEO can hold back science and innovation.   $EXAS back to $35  https://t.co/Tt9jB7QiIR,,EXAS:EXAS:35,35,,,,EXAS,SELL,35,
9.57E+17,Citron_Research,1/25/2018 17:34,24,24,"$EXAS new info from TODAY  #PMWC2018  is a must read.  We were early buy not wrong. https://t.co/o1HXeJqmv9
Stock target $35 short term   https://t.co/Fn9MwJO3Xn  Full report to be up today",,EXAS:35,35,,,,EXAS,SELL,35,
9.49E+17,Citron_Research,1/3/2018 17:39,178,97,"Citron warns investors on Aurora Canibas TSE$:ACB  OTC:$ACBFF.  Not a commentary on the cannabis industry, just one stock that should retrace 50%- FAST when sanity sets in. Short term target $6.5 https://t.co/co9nwhEqUU",,ACBFF:6,6,,,,ACB,SELL,NONE,
9.47E+17,Citron_Research,12/29/2017 14:40,153,53,"$WATT   Co has a history of deception and the recent FCC info is no different.  Tech is not ready for primetime and the loss of Apple for Dialog, death to the rumor.  Roth upgrade was as ridic as their defense of Unipixel until BK.  Powercast at CES will expose why $WATT to $15",,WATT:WATT:15,15,,,,WATT,SELL,15,
9.44E+17,Citron_Research,12/22/2017 14:58,456,96,Covering crypto shorts $GBTC $RIOT- not because any market opinion but easy money has been made.  Time to focus on what matters this time of year- Family and Friends.  Wishing everyone peace within themselves and the world around them.,,GBTC:RIOT,,,,,GBTC,NONE,NONE,
9.44E+17,Citron_Research,12/22/2017 14:58,456,96,Covering crypto shorts $GBTC $RIOT- not because any market opinion but easy money has been made.  Time to focus on what matters this time of year- Family and Friends.  Wishing everyone peace within themselves and the world around them.,,GBTC:RIOT,,,,,RIOT,NONE,NONE,
9.44E+17,Citron_Research,12/21/2017 15:19,41,22,$W weakness can be attributed to people smart enough to watch this unbiased Gartner video that proves $W has no path to profitability. 2018 is the year that #profitabilitymatters. https://t.co/i1zNax53Pp First the academics now the consultants....See you at $30,,W:W:30,30,,,,W ,SELL,30,
9.43E+17,Citron_Research,12/19/2017 16:51,67,19,SEC Cyber Unit  Task Force should pay special attention to Citron Research interview on CNBC Fast Money regarding $RIOT.  Hoping CEO O'Rourke  is ready to defend @cnbcfastmoney,cnbcfastmoney,RIOT,,,,,RIOT,NONE,NONE,
9.43E+17,Citron_Research,12/19/2017 16:09,196,74,$RIOT is THE most traded retail stock in market today yet Citron believes they are making fraudulent claims to investors.  We challenge CEO John O'Rourke to a live debate on CNBC Fast Money today.   We will be there,,RIOT,,,,,RIOT,NONE,NONE,
9.43E+17,Citron_Research,12/18/2017 19:28,185,58,Full mania..  No reason to short any stocks now that even have business while the market has given us stocks like $RIOT.   Starting short position here.  The bar for finding good shorts has been lowered.,,RIOT,,,,,RIOT,SELL,NONE,
9.43E+17,Citron_Research,12/18/2017 17:01,33,8,Andrew Left from Citron on Bloomberg TV 9:30 pst to discuss bitcoin mania and his strategy trading the $gbtc.,,gbtc,,,,,GBTC,NONE,NONE,
9.43E+17,Citron_Research,12/18/2017 14:50,155,88,"Citron would not be pounding table if not appropriate.   Now with the launch of CME futures, BTC positions can be hedged for 10% premium of spot while $GBTC is trading at 80%.   Who cares where bitcoin goes..thank you for the 70% profit.  Shorting More $GBTC and buying futures https://t.co/JPr7fN8mSY",,GBTC:GBTC,,,,BTC,GBTC,Other,1775,"Pair Trade. Target Price 1775 is for GBTC, not for BTC."
9.41E+17,Citron_Research,12/14/2017 14:51,66,27,"Can't wait to talk about the stock market, but in the meantime getting a ltf of emails to update how ridiculous the  $GBTC is.  Just buy the futures of bitcoin  and short the $GBTC and thank the market that is the wild west. Based on current Bitcoin price fair value $GBTC 1600 https://t.co/UjGFgM1jB0",,GBTC:GBTC:GBTC,,,,BTC,GBTC,Other,1600,"Pair Trade. Target Price 1600 is for GBTC, not for BTC."
9.39E+17,Citron_Research,12/7/2017 16:45,123,76,"Bitfinex, the largest Bitcoin exch has threatened legal action against critics. Could be the Lehman moment of Bitcoin. https://t.co/wjPk19dZeG   Citron has agreed to cover legal fees for bloggers expressing opinions.  We have been in contact. Open dialogue in markets is important",,,,,,BTC,,NONE,NONE,
9.38E+17,Citron_Research,12/6/2017 16:09,41,17,Looks like market starting to realize the bullshit story behind $HIMX and who is counting the beans – mgmt history of fraud will always haunt this promo.,,HIMX,,,,,HIMX,SELL,NONE,
9.38E+17,Citron_Research,12/5/2017 16:19,27,9,Andrew Left of Citron to appear on Bloomberg Markets TV at 2:15 EST to explain why $HUBS will be the big loser of the rotation in the stock market,,HUBS,,,,,HUBS,SELL,NONE,
9.38E+17,Citron_Research,12/5/2017 16:19,32,23,"Citron absorbing the market rotation to focus on PROFITS while moving away from 'growth at any cost'.  Let's start by exposing low hanging fruit, $HUBS Company loses money, selling an outdated product. Short term -$50 longer $25. https://t.co/Fn9MwJO3Xn https://t.co/rzVivRb4Wd",,HUBS:50:25,50:25:00,,,,HUBS,SELL,50,Long term target is 25
9.36E+17,Citron_Research,11/29/2017 19:04,152,67,Great advice for bitcoin mania.  short $GBTC and buy bitcoin.  The spread is over 40% with derivatives and futures are around the corner.  At today's  Bitcoin price. $GBTC should be under $1100  Or go unhedged and it is shorting Bitcoin at 14k,,GBTC:GBTC:1100,26400:00:00,,,BTC,GBTC,Other,1100,"Pair Trade. Target Price 1100 is for GBTC, not for BTC."
9.36E+17,Citron_Research,11/28/2017 17:55,77,46,"Andrew Left of Citron to appear on CNBC Halftime Report Tomorrow to explain the bubble surrounding $ROKU and why will trade back below $40 This is not just a  bubble, this is just plain ridiculous.",,ROKU:40,40,,,,ROKU,SELL,40,
9.36E+17,Citron_Research,11/28/2017 17:39,153,73,"Time to pop some real bubbles.  $ROKU, total joke.  Citron trusts Mark Mahaney at $28 price target and that is IF they can hold comp back. Today's Needham research is irresponsible.   Unless $ROKU finds a way to stream a BTC- this stock is MUCH LOWER....caveat emptor",,ROKU:28:ROKU,28,,,,ROKU,SELL,NONE,
9.32E+17,Citron_Research,11/17/2017 15:15,30,15,Here is the Chemours news story that should be the first of many https://t.co/Rq4bJ8gD4E,,,,,,,CC,NONE,NONE,
9.32E+17,Citron_Research,11/17/2017 15:14,19,12,$CC.  Receiving many requests for comment.  One of our worst stock calls of all time but hard to get past a company that poisons its employees. CRIMINAL How stockholders own here knowing the potential global fallout? Problem goes beyond NC.  One @60Minutes story from being $25,60Minutes,CC:25,25,,,,CC,SELL,NONE,
9.29E+17,Citron_Research,11/10/2017 17:58,93,44,Congrats to Cohodes on strong $OSTK call at Grants' conference.  Citron is cautious at these prices.  Would wait for more details on ICO which seem to be too ambitious in current ICO environment.  It has now gone to black box investing.   Good read https://t.co/Ydk5u1VSlI,,OSTK,,,,,OSTK,NONE,NONE,
9.25E+17,Citron_Research,10/31/2017 15:50,36,15,No need to go back and forth with management.  This is our official response to all media regarding $SHOP  https://t.co/Fn9MwJO3Xn,,SHOP,,,,,SHOP,NONE,NONE,
9.24E+17,Citron_Research,10/27/2017 12:37,33,11,Someone has impersonated Andrew Left from Citron on Twitter.  Account has been  reported.  Whoever did this- read https://t.co/PB12H1nj6t,,,,,,,(Not Available),NONE,NONE,
9.23E+17,Citron_Research,10/25/2017 14:50,51,15,1 yr ago Citron long $RH at $30 https://t.co/oKfjCnFJnT Stock up  150+%.  NOT comfort owning here with new cap struct.  Knowing when to sell,,RH:30,30,,,,RH,NONE,NONE,
9.23E+17,Citron_Research,10/24/2017 15:07,43,23,Citron exposes even more shady distributors at $mdxg.  Could end worse for the employees than investors. Tgt-$3 (after SEC and DOJ investig),,mdxg:3,3,,,,MDXG,SELL,3,
9.19E+17,Citron_Research,10/12/2017 18:39,120,30,Covering $hmny. Don’t like to stay short companies that are expected to lose money high borrow $  hit tgt price in one day.  all timing,,hmny,,,,,HMNY,NONE,NONE,
9.18E+17,Citron_Research,10/11/2017 13:41,130,51,$hmny stock to trade back to $20 Retail investors are warned. You might like product but $1+bill it isn’t.   Giving away $1 for .90 no biz,,hmny:20:1:1,20:01:01,,,,HMNY,NONE,NONE,
9.16E+17,Citron_Research,10/4/2017 15:01,128,63,Here is the story that provides all the evidence the FTC needs agasint Shopify  $SHOP tgt $60 - being generous https://t.co/QBKEIVdpTa,,SHOP:60,60,,,,SHOP,SELL,60,
9.16E+17,Citron_Research,10/4/2017 13:50,60,38,Full story up in one hour...video live now...$SHOP is not the company Wall Street has sold you.  The FTC is going to shit when they read,,SHOP,,,,,SHOP,SELL,NONE,
9.16E+17,Citron_Research,10/4/2017 13:49,45,31,"$SHOP a business dirtier than $HLF   If the company has 2,500 plus merchants and 25k advanced...who are other 470k merchants?  @FTC",FTC,SHOP:HLF,,,,,SHOP,SELL,NONE,
9.13E+17,Citron_Research,9/27/2017 14:54,134,59,"$veri is not artificial intelligence, more like natural stupidity.  Stock should trade right back to $20.",,veri:20,20,,,,VERI,SELL,20,
9.12E+17,Citron_Research,9/25/2017 16:16,23,11,First lawsuit filed against $UBNT today CIVIL DOCKET FOR CASE #: 1:17-cv-07279 Gericke v. Ubiquiti Networks Inc. et al.  Can't HIDE NOW,,UBNT,,,,,UBNT,NONE,NONE,
9.12E+17,Citron_Research,9/25/2017 15:45,16,8,$UBNT @RobertPera @ScottWapnerCNBC Investor day tom Let's get answers for these 10 questions.  https://t.co/RL3GQgd05g .  Fake cash is Fraud,RobertPera:ScottWapnerCNBC,UBNT,,,,,UBNT,NONE,NONE,
9.11E+17,Citron_Research,9/22/2017 15:26,65,17,Cannot argue with this analysis- target $10   Smarter work than ANYONE on Wall Street has ever done on Wayfair.  https://t.co/JpDPS8NA7A,,10,10,,,,W,SELL,10,
9.11E+17,Citron_Research,9/22/2017 15:26,42,12,Smartest piece EVER written on $W.  Not by a short or long. By a team of Ivy League scientists who specialize in predictive models. $10 tgt,,W:10,10,,,,W,SELL,10,
9.10E+17,Citron_Research,9/18/2017 18:29,85,19,"$UBNT Mr. Pera, I will debate you on CNBC anytime you would like.  I am never too busy to stand by solid research.",,UBNT,,,,,UBNT,NONE,NONE,
9.10E+17,Citron_Research,9/18/2017 13:59,32,10,Andrew Left of Citron on CNBC @HalftimeReport  to explain $UBNT fraud thesis,HalftimeReport,UBNT,,,,,UBNT,NONE,NONE,
9.08E+17,Citron_Research,9/13/2017 14:18,41,21,Too many emails from Bitcoin followers. Current NAV of $GBTC is $355 without.  Still trading at a 75% premium.  #screwjob  $400 with cash,,GBTC:355:400,361:40:00,,,,GBTC,NONE,NONE,
9.05E+17,Citron_Research,9/5/2017 18:29,40,18,Citron updates $GBTC We explain $GBTC  should be $500 most with todays bitcoin price https://t.co/Fn9MwJO3Xn  Potential for total loss!!!,,GBTC:GBTC:500,500,,,,GBTC,SELL,NONE,
9.03E+17,Citron_Research,8/31/2017 16:57,77,39,Andrew Left from Citron on CNBC at 5:30 EST to explain why holders of $GBTC are at risk of losing 50% of their investment in next month,,GBTC,,,,,CNBC,SELL,NONE,
9.03E+17,Citron_Research,8/31/2017 16:01,158,107,$GBTC Warning Investors- No Reason this trades higher than $550 a share.  Do you know what you own? The most dangerous way to own Bitcoin https://t.co/aVz15iv4GI,,GBTC:550,550,,,,GBTC,SELL,NONE,
9.00E+17,Citron_Research,8/23/2017 14:23,26,14,Motorola Solutions $MSI Total Eclipse of the Truth.  Stock going to $45 once the market understand the new reality. https://t.co/dVIjVPakNf,,MSI:45,45,,,,MSI,SELL,45,
8.78E+17,Citron_Research,6/22/2017 14:32,41,23,$MNK Breaking News from the FDA FAERS database.  Adverse events from Acthar up over 280%  Not an opinion- FACT.   https://t.co/Fn9MwJO3Xn,,MNK,,,,,MNK,NONE,NONE,
8.76E+17,Citron_Research,6/16/2017 16:53,154,89,Fear $AMZN.  Today reinforces why $W Wayfair shareholders should be concerned. Citron pressing short tgt$50  Multi chan/valuat/supply chain https://t.co/3UGZVJdEyi,,AMZN:W:50,50,,,,W,SELL,50,
8.73E+17,Citron_Research,6/9/2017 14:22,173,101,$NVDA become a casino stock.  Will trade back to $130 before $180  If you think no comp READ Google whitepaper https://t.co/dVIjVPakNf,,NVDA:130:180,133:00:00,,,,NVDA,SELL,130,
8.72E+17,Citron_Research,6/5/2017 14:22,29,13,Click Here for $MNK bankruptcy  https://t.co/s87E9LREFk,,MNK,,,,,MNK,NONE,NONE,
8.72E+17,Citron_Research,6/5/2017 14:20,24,276,$MNK BK  Citron exposes NEW info.  $ESRX speaks about Acthar.  Respect To Chanos.  First Enron then $VRX Now $MNK   https://t.co/rUXbC788CA,,MNK:ESRX:VRX:MNK,,,,,MNK,NONE,NONE,
8.70E+17,Citron_Research,6/1/2017 13:44,90,42,Could $BBRY bet he next $NVDA.  60 mil car install base cannot be ignored.  $BBRY could go uo 100% from here.  https://t.co/RL3GQgd05g,,BBRY:NVDA:BBRY,,,,,BBRY,BUY,NONE,
8.70E+17,Citron_Research,5/31/2017 17:22,32,14,Wayfair - add this to  F#$ $W column.  Today WalMart starts natl commercials for Hayneedle.No aquisition there https://t.co/Wx43CmvSdh https://t.co/BHUup5FEa1,,W,,,,,W,NONE,NONE,
8.70E+17,Citron_Research,5/31/2017 16:19,38,29,"Citron issues challenge to $EXAS   Wall St has the price of Cologuard at over $500, yet company does not disclose price of UNH....No Profits https://t.co/g1UAjJM6o3",,EXAS:500,500,,,,EXAS,NONE,NONE,
8.67E+17,Citron_Research,5/23/2017 15:38,28,19,"DO NOT BELIEVE CITRON! For undisputed evidence that $EXAS is on its way to $20 follow the ""Science"" behind $EXAS  https://t.co/RL3GQgd05g",,EXAS:20:EXAS,20,,,,EXAS,SELL,20,
8.64E+17,Citron_Research,5/16/2017 13:21,19,879,"Andrew Left on  Bloomberg TV ""What'd You Miss""today 3:30 EST to dispel the dangerous and potentially deadly lies told by EXAS CEO. $20  tgt",,20,20,,,,EXAS,SELL,20,
8.64E+17,Citron_Research,5/15/2017 15:02,32,13,"Andrew Left from Citron on CNBC Halftime Report today to explain why $EXAS is most important report ever.  Watch, it could save your life",,EXAS,,,,,EXAS,NONE,NONE,
8.64E+17,Citron_Research,5/15/2017 14:45,49,34,Citron's most important report in YEARS.  $EXAS to trade short term $20. Long term much lower.  https://t.co/dVIjVPakNf https://t.co/mY04lwy2OA,,EXAS:20,20,,,,EXAS,SELL,20,
8.62E+17,Citron_Research,5/9/2017 15:18,101,41,The tweet that $W Wayfair does not want you to see.  As a short there are times to add and other times to retreat -ADD- terminal biz https://t.co/cZ0M6PN1lY,,W,,,,,W,SELL,45,
8.60E+17,Citron_Research,5/3/2017 14:45,44,21,$FLT being sued by Chevron.  Delaying transfer and Charging FEES.  Is that fake news? #douchebag See you at $100 a share Read the lawsuit,,FLT:100,100,,,,FLT,SELL,100,
8.58E+17,Citron_Research,4/27/2017 17:29,22,13,Just read the todays  piece from C.F. today on $FLT  just shorted more ..uglier than we initially thought.  Jail or fines for management?,,FLT,,,,,FLT,SELL,NONE,
8.58E+17,Citron_Research,4/27/2017 17:01,20,10,Citron publishes the only thing you have to read on $FLT.  Earnings are meaningless without knowing their business.   TGT $80,,FLT:80,80,,,,FLT,SELL,80,
8.57E+17,Citron_Research,4/24/2017 16:49,60,30,Don't F*#$ with Bezos.  $AMZN TORPEDOES Wayfair's shit unprofitable business.   Finally real furn delivery.  RIP $W https://t.co/bWyORFyLNO,,AMZN:W,,,,,W,NONE,NONE,
8.55E+17,Citron_Research,4/20/2017 14:24,44,28,"Why is Wayfair the ONLY retailer who uses a manual process for accounting,.  Last we saw that quote was Crazy Eddie
https://t.co/asdXevWjzH",,,,,,,W,NONE,NONE,
8.49E+17,Citron_Research,4/4/2017 14:20,14,6,FleetCor $FLT customers can file their complaints with the Georgia AG or the FTC at https://t.co/QnLnBHPc50  or https://t.co/dK0mjCwh8R,,FLT,,,,,FLT,NONE,NONE,
8.49E+17,Citron_Research,4/4/2017 14:19,39,23,"Citron Research exposes the fraud at $FLT   ""Just a computer glitch""  I think we have heard that before    https://t.co/Fn9MwK5FlX",,FLT,,,,,FLT,NONE,NONE,
8.41E+17,Citron_Research,3/13/2017 13:40,220,89,https://t.co/YO8SByznKN,,,,,,,(Not Available),NONE,NONE,
8.40E+17,Citron_Research,3/9/2017 19:09,19,11,Full Story on Transdigm  https://t.co/Fn9MwJO3Xn  TGT price $140,,140,140,,,,TDG,SELL,140,
8.40E+17,Citron_Research,3/9/2017 19:06,30,35,Citron exposes more undisclosed relationships of $TDG.  The cover up is on.  Citron also points to illegal activities in gov bidding.,,TDG,,,,,TDG,SELL,NONE,
8.35E+17,Citron_Research,2/24/2017 15:18,84,70,Updating our $NVDA call....switching focus to $MBLY Ridiculous comparison  We expect $MBLY to trade short term $35.  Insiders tell the story https://t.co/OwuC9xGRSu,,NVDA:MBLY:MBLY:35,35,,,,MBLY,SELL,35,
8.29E+17,Citron_Research,2/7/2017 15:15,20,7,Andrew Left of Citron on CNBC 12:30 est to explain Motorola and the its vulnerabilities that can take the stock to $40,,40,40,,,,MSI,SELL,40,
8.29E+17,Citron_Research,2/7/2017 15:14,29,38,Citron exposes the price gouging of the gov by $MSI   Target $40.  Manag better hope Trump does not read this report https://t.co/pCJiPtEg2l,,MSI:40,40,,,,MSI,SELL,40,
8.25E+17,Citron_Research,1/27/2017 16:01,24,24,"Citron story with new CMS info here $ESRX

https://t.co/1dcpVzwf3o",,ESRX,,,,,ESRX,SELL,45,
8.25E+17,Citron_Research,1/27/2017 15:45,50,52,New CMS data indisputable.  Rebates damage system. @realDonaldTrump can fix drug pricing w one stroke. $ESRX is Gotti of Pharma- Tgt $45 https://t.co/a3WpZPf68I,realDonaldTrump,ESRX:45,45,,,,ESRX,SELL,45,
8.22E+17,Citron_Research,1/20/2017 15:11,24,12,Wall street has found a company that Donald Trump would love to beat up on - $TDG https://t.co/aov3RMUdQu via @businessinsider,businessinsider,TDG,,,,,TDG,SELL,166,
8.22E+17,Citron_Research,1/20/2017 15:10,16,13,$TDG Is Transidgm the Valeant of the Aerospace Industry?  https://t.co/dVIjVPakNf,,TDG,,,,,TDG,NONE,NONE,
8.22E+17,Citron_Research,1/20/2017 14:48,25,22,Citron publishes the first timely story of the Trump Presidency.  Transdigm $TDG has a target on its back  We expose the gouging of the USA,,TDG,,,,,TDG,NONE,NONE,
8.21E+17,Citron_Research,1/17/2017 16:42,28,26,Citron exposes the lawsuits that will drive Lannett (LCI) to 0.  Price gouging and leverage at its worst in pharma.  https://t.co/Fn9MwJO3Xn,,,,,,,LCI,NONE,NONE,